{
"type": "FeatureCollection",
"name": "india_country",
"crs": { "type": "name", "properties": { "name": "urn:ogc:def:crs:OGC:1.3:CRS84" } },
"features": [
{ "type": "Feature", "properties": { "Area": 34.567532081800003 }, "geometry": { "type": "MultiPolygon", "coordinates": [ [ [ [ 73.080264729270283, 8.33038812426212 ], [ 73.066383998330991, 8.281588841286343 ], [ 73.04812212985216, 8.263931104518898 ], [ 73.020148398766878, 8.268029344505628 ], [ 73.017345163701975, 8.277248317441474 ], [ 73.038652453944636, 8.273194483854601 ], [ 73.055023661601226, 8.283229518974547 ], [ 73.067875569113568, 8.31033331746263 ], [ 73.077194073830142, 8.327165769359198 ], [ 73.080264729270283, 8.33038812426212 ] ], [ [ 73.06481049221135, 8.293755511425717 ], [ 73.07026304769532, 8.310841143842353 ], [ 73.076899946541502, 8.324452340625655 ], [ 73.068293198584144, 8.309592087224358 ], [ 73.06481049221135, 8.293755511425717 ] ] ], [ [ [ 73.667248071849031, 10.818646406415679 ], [ 73.698606085392996, 10.817470588715297 ], [ 73.700918940025758, 10.815399963698408 ], [ 73.67091763408915, 10.805076786044133 ], [ 73.658981603026348, 10.812075069791961 ], [ 73.667248071849031, 10.818646406415679 ] ] ], [ [ [ 72.639856533449077, 10.580352555185881 ], [ 72.648928305093079, 10.564649344920593 ], [ 72.616441601513756, 10.543278361764893 ], [ 72.639856533449077, 10.580352555185881 ] ] ], [ [ [ 72.761333476108788, 11.183933574867149 ], [ 72.778711168786074, 11.243688542954736 ], [ 72.789460095065508, 11.261491475631548 ], [ 72.77633494878981, 11.218493899425145 ], [ 72.761333476108788, 11.183933574867149 ] ] ], [ [ [ 72.203547763494356, 10.87961265138228 ], [ 72.202086960010263, 10.87045089277227 ], [ 72.178984403740245, 10.829919776491696 ], [ 72.169372847018451, 10.819280867489249 ], [ 72.203547763494356, 10.87961265138228 ] ] ], [ [ [ 72.719507396355624, 11.115041106525146 ], [ 72.717799708881969, 11.128366380838449 ], [ 72.732919335175708, 11.137464807984333 ], [ 72.730471769182898, 11.126762476525313 ], [ 72.719507396355624, 11.115041106525146 ] ] ], [ [ [ 73.650388446579242, 10.10306635237365 ], [ 73.640375255788882, 10.058334498151901 ], [ 73.634195436827255, 10.072374368168964 ], [ 73.643303838175257, 10.077396261008913 ], [ 73.650388446579242, 10.10306635237365 ] ] ], [ [ [ 73.007636882678611, 11.470846477593593 ], [ 72.997410483043723, 11.498295256119084 ], [ 72.998784536220867, 11.499516258616081 ], [ 73.009177769173647, 11.488677806956542 ], [ 73.007636882678611, 11.470846477593593 ] ] ], [ [ [ 72.716625942283997, 11.69577773511846 ], [ 72.704805500143763, 11.683803721443439 ], [ 72.715748260403601, 11.704975707788016 ], [ 72.716625942283997, 11.69577773511846 ] ] ], [ [ [ 72.283959057475428, 10.93863856067164 ], [ 72.292747172593721, 10.947174990797436 ], [ 72.288803209170325, 10.93678242103063 ], [ 72.283959057475428, 10.93863856067164 ] ] ], [ [ [ 73.659538204566289, 10.15531497129845 ], [ 73.663382923913716, 10.142260284128934 ], [ 73.660567269640012, 10.130996097798546 ], [ 73.659194040218011, 10.13034531741623 ], [ 73.659538204566289, 10.15531497129845 ] ] ], [ [ [ 72.324776593269206, 10.951413455217397 ], [ 72.319796533658376, 10.947113900370752 ], [ 72.314656098718146, 10.944690138596231 ], [ 72.316305937382438, 10.950742848829812 ], [ 72.324776593269206, 10.951413455217397 ] ] ], [ [ [ 72.3310155213765, 10.134093971665681 ], [ 72.326623075844125, 10.130951693992648 ], [ 72.327360566641261, 10.139820461254471 ], [ 72.3310155213765, 10.134093971665681 ] ] ], [ [ [ 72.283227087724043, 10.042213753006861 ], [ 72.284785124854494, 10.047444095529794 ], [ 72.289809024047827, 10.0542757042566 ], [ 72.287964129694345, 10.046699282393799 ], [ 72.283227087724043, 10.042213753006861 ] ] ], [ [ [ 72.187597833366695, 11.602265673818831 ], [ 72.185960711253557, 11.599757568094081 ], [ 72.184503515403634, 11.602713721072545 ], [ 72.187597833366695, 11.602265673818831 ] ] ], [ [ [ 73.015186336004433, 8.302438585999571 ], [ 73.011779599256911, 8.30075433082586 ], [ 73.013816897472935, 8.30373091115057 ], [ 73.015186336004433, 8.302438585999571 ] ] ], [ [ [ 72.165920660009149, 10.815800876193869 ], [ 72.168137747944456, 10.813933883732508 ], [ 72.164114583655703, 10.814042735503506 ], [ 72.165920660009149, 10.815800876193869 ] ] ], [ [ [ 72.335927967490846, 10.107511288121822 ], [ 72.335582123293008, 10.102168363444248 ], [ 72.334181962378779, 10.100938582913953 ], [ 72.335927967490846, 10.107511288121822 ] ] ], [ [ [ 73.627727977311707, 10.075271774859669 ], [ 73.627098596064059, 10.073626427814482 ], [ 73.625443017165111, 10.073594765674905 ], [ 73.626879664951218, 10.075362260632881 ], [ 73.627727977311707, 10.075271774859669 ] ] ], [ [ [ 72.332355046907352, 10.953936898864775 ], [ 72.330713331708196, 10.951658562962681 ], [ 72.329592655543479, 10.952585011150401 ], [ 72.332355046907352, 10.953936898864775 ] ] ], [ [ [ 72.334659430427024, 10.958922898214109 ], [ 72.333612275978425, 10.957489839459814 ], [ 72.333401334481721, 10.960346446359855 ], [ 72.334659430427024, 10.958922898214109 ] ] ], [ [ [ 72.332249495759811, 10.956025202889906 ], [ 72.333676776812439, 10.954515796763099 ], [ 72.333132544175655, 10.954149560316848 ], [ 72.332249495759811, 10.956025202889906 ] ] ], [ [ [ 73.633864256728103, 10.073416221858302 ], [ 73.633072299278652, 10.072509980404158 ], [ 73.632801331456392, 10.073275400489784 ], [ 73.633864256728103, 10.073416221858302 ] ] ], [ [ [ 73.632197810010823, 10.071086088892182 ], [ 73.632106562737562, 10.069906381985582 ], [ 73.631541049011688, 10.070123298097123 ], [ 73.632197810010823, 10.071086088892182 ] ] ], [ [ [ 73.630487471608802, 10.069395566114183 ], [ 73.629593536509987, 10.069720989388172 ], [ 73.630925333834455, 10.069784282583443 ], [ 73.630487471608802, 10.069395566114183 ] ] ], [ [ [ 73.651802899689628, 10.110307673219433 ], [ 73.651255455575722, 10.109842124101485 ], [ 73.651305648043873, 10.110633166576658 ], [ 73.651802899689628, 10.110307673219433 ] ] ], [ [ [ 73.630408577068948, 10.074617717965667 ], [ 73.62974596174908, 10.074461093512525 ], [ 73.630421308891471, 10.07495348065107 ], [ 73.630408577068948, 10.074617717965667 ] ] ], [ [ [ 73.01325276984754, 8.303507691986995 ], [ 73.012862610858377, 8.303340339087264 ], [ 73.012935059087738, 8.30357986518081 ], [ 73.01325276984754, 8.303507691986995 ] ] ] ] } },
{ "type": "Feature", "properties": { "Area": 7658.8118727900001 }, "geometry": { "type": "MultiPolygon", "coordinates": [ [ [ [ 92.901237692554133, 12.910712020864203 ], [ 92.922187742571268, 12.915323114086943 ], [ 92.90586669684015, 12.886550105890862 ], [ 92.924316888135195, 12.883742798992458 ], [ 92.925948870986559, 12.858224458889637 ], [ 92.939753543367374, 12.855104249848173 ], [ 92.937554243871361, 12.843694748457626 ], [ 92.920952298544151, 12.830274190894922 ], [ 92.936453906463001, 12.820142844119772 ], [ 92.932214154765987, 12.833578227741445 ], [ 92.946378114632878, 12.836949159025277 ], [ 92.942672691646678, 12.825829074264625 ], [ 92.952197723538603, 12.807971797075242 ], [ 92.947387207462896, 12.793102266094262 ], [ 92.926190949887641, 12.774527265323835 ], [ 92.93867274611307, 12.766559868816939 ], [ 92.948001414368733, 12.770076561199403 ], [ 92.96761174302226, 12.740006772292778 ], [ 92.965584628108331, 12.717915794254962 ], [ 92.973035408686712, 12.72014917658934 ], [ 92.97932221340541, 12.709515695702878 ], [ 92.971066411178398, 12.713404320099528 ], [ 92.96517462443623, 12.711841697635029 ], [ 92.956476492661636, 12.697025776045132 ], [ 92.964902384599498, 12.693679982419559 ], [ 92.956267126809948, 12.624741866130215 ], [ 92.945974422523989, 12.630718759059103 ], [ 92.941190810991046, 12.626313011920722 ], [ 92.953098304373867, 12.599997727133783 ], [ 92.956766570344996, 12.619969179358684 ], [ 92.960335744953781, 12.583751125696439 ], [ 92.954198677714842, 12.572001179941358 ], [ 92.962160386789179, 12.572811303583126 ], [ 92.973852596219231, 12.542643269007154 ], [ 92.963196236838229, 12.513545498506637 ], [ 92.949410866557955, 12.505710000476327 ], [ 92.968540384532048, 12.496389127058235 ], [ 92.95952780557711, 12.486652018042534 ], [ 92.945779244663882, 12.499649067732976 ], [ 92.936243005390466, 12.48142310374522 ], [ 92.932494138978797, 12.481888429169409 ], [ 92.932712691900903, 12.485228584545972 ], [ 92.931068199110854, 12.487621758395917 ], [ 92.926682110057456, 12.488593292210954 ], [ 92.928715243683797, 12.488726714100043 ], [ 92.929090130414806, 12.489149284705364 ], [ 92.92838406088967, 12.490439708957544 ], [ 92.927050001607327, 12.490378558110413 ], [ 92.926408376322385, 12.488462186570532 ], [ 92.932494175809708, 12.484706505322562 ], [ 92.925969454084679, 12.476877963987459 ], [ 92.932494300675543, 12.467493034279336 ], [ 92.920924161512829, 12.466034613491585 ], [ 92.9201464504455, 12.472877514993696 ], [ 92.916045764242696, 12.473751758922813 ], [ 92.919580486663691, 12.476147535113242 ], [ 92.918283236748394, 12.478160960786692 ], [ 92.920760095005974, 12.4798674298695 ], [ 92.920350540491526, 12.482902398329919 ], [ 92.919524846811584, 12.483776899598579 ], [ 92.918078188199971, 12.483720279909715 ], [ 92.917696555121182, 12.48166598414975 ], [ 92.916806347132507, 12.484045571715727 ], [ 92.914073988245207, 12.484178664415474 ], [ 92.913754106257343, 12.486813613182553 ], [ 92.913784253718291, 12.483758272244161 ], [ 92.917586128816552, 12.481367727247697 ], [ 92.919885954284453, 12.483110225767437 ], [ 92.918009555115617, 12.478208434462637 ], [ 92.919345894322177, 12.476269533024224 ], [ 92.911903326142095, 12.47869141279465 ], [ 92.909095296768513, 12.477439034612566 ], [ 92.908354793021928, 12.476690958302328 ], [ 92.908154827141374, 12.475364357711996 ], [ 92.908101886726726, 12.476259270929724 ], [ 92.907239345950487, 12.476923576692728 ], [ 92.906779392355332, 12.476776558926197 ], [ 92.907149616829997, 12.477488516098095 ], [ 92.906804588302421, 12.47762176478426 ], [ 92.906524005811661, 12.477400302833933 ], [ 92.907020797519976, 12.477463601252561 ], [ 92.906595366181179, 12.476738150698543 ], [ 92.908154899904915, 12.475151950826362 ], [ 92.912241434947063, 12.478323051524381 ], [ 92.913757256649049, 12.475803442314598 ], [ 92.905579495562364, 12.470645332045603 ], [ 92.907663483715254, 12.467210599441703 ], [ 92.90704462084129, 12.469233171081708 ], [ 92.911680939210342, 12.471030299343704 ], [ 92.914867990260191, 12.477643144911999 ], [ 92.915344363262122, 12.47298779884442 ], [ 92.919320812461109, 12.47274414545611 ], [ 92.9189829345232, 12.469634518148172 ], [ 92.921439339040077, 12.464827878421699 ], [ 92.957378491038426, 12.472930190920664 ], [ 92.937818081765229, 12.448067163403962 ], [ 92.916949394858335, 12.442606027856909 ], [ 92.914371406961038, 12.445609161923565 ], [ 92.912232734763549, 12.44598179078641 ], [ 92.913821765567931, 12.44613334800284 ], [ 92.914589676015495, 12.447855476263324 ], [ 92.914283565200961, 12.450447576141759 ], [ 92.912289834377958, 12.450619059605287 ], [ 92.911786565816428, 12.446040502079896 ], [ 92.914693446702159, 12.444413676786565 ], [ 92.910533441147905, 12.444838045999578 ], [ 92.908063717310313, 12.443884083611652 ], [ 92.907305103527619, 12.442308880433481 ], [ 92.90891752286872, 12.437981376128912 ], [ 92.910590986326696, 12.444440378175598 ], [ 92.922374448419916, 12.435146548249033 ], [ 92.910554408724948, 12.406013554022975 ], [ 92.907907423925593, 12.420968757863616 ], [ 92.890843398691004, 12.436556948164519 ], [ 92.894727414840517, 12.435814200710436 ], [ 92.895667827873822, 12.436444848735176 ], [ 92.895366490706706, 12.437204111829494 ], [ 92.896228748513622, 12.437484509938599 ], [ 92.89637344374971, 12.43851278843416 ], [ 92.896916196861213, 12.438488050553339 ], [ 92.884327918833577, 12.441753330447964 ], [ 92.895539635587824, 12.447850519216152 ], [ 92.898427309594496, 12.452316585571236 ], [ 92.895152165256349, 12.455192843472275 ], [ 92.892353688567468, 12.454127923822224 ], [ 92.890694247811126, 12.457984957365737 ], [ 92.885380004134788, 12.459821378710499 ], [ 92.885085426790184, 12.460777306977342 ], [ 92.887286271388504, 12.460852341395595 ], [ 92.888842807434116, 12.462773549478255 ], [ 92.888884094004595, 12.463507995665614 ], [ 92.888021590059253, 12.464066082258679 ], [ 92.887311525726076, 12.461189092979945 ], [ 92.885211791004565, 12.461138880344317 ], [ 92.884855517366248, 12.460275527617071 ], [ 92.895865981852467, 12.449299165065899 ], [ 92.877000799438903, 12.444852219932663 ], [ 92.886093520693606, 12.456476889710542 ], [ 92.883669214778479, 12.458517047112949 ], [ 92.878566295281161, 12.458052616522259 ], [ 92.883012235488692, 12.466523757976619 ], [ 92.878792035623832, 12.466904658866111 ], [ 92.878828740786346, 12.4675329455272 ], [ 92.881222636034195, 12.468145965979291 ], [ 92.881721572021078, 12.468717769633319 ], [ 92.88105661299663, 12.470478119374805 ], [ 92.880012280156336, 12.471363704652596 ], [ 92.87851603004944, 12.467013037494093 ], [ 92.881106148796349, 12.464410291517524 ], [ 92.877913189526879, 12.458052488456344 ], [ 92.885270269532953, 12.456302725979683 ], [ 92.875979533538441, 12.456088174579197 ], [ 92.88089518035018, 12.45032438713474 ], [ 92.875526364020359, 12.446637129298313 ], [ 92.871773509987136, 12.45812564302453 ], [ 92.868652445584814, 12.446151032435541 ], [ 92.855514303381881, 12.456754280244613 ], [ 92.855589170774266, 12.463931775781857 ], [ 92.858704393432305, 12.458618244415117 ], [ 92.862372185092966, 12.457428965512994 ], [ 92.863800615989163, 12.458994882516954 ], [ 92.862693476537473, 12.465673059233104 ], [ 92.859142930292748, 12.467133495952904 ], [ 92.86303237855482, 12.458317014589683 ], [ 92.856598957103685, 12.464756465992409 ], [ 92.855023518707853, 12.464505837725692 ], [ 92.853818067631451, 12.462426840803086 ], [ 92.85446128832433, 12.471604213117548 ], [ 92.853357292976156, 12.457360270260651 ], [ 92.835570641367411, 12.50121175892523 ], [ 92.837467894925595, 12.493323500113954 ], [ 92.822359421216134, 12.500252987569471 ], [ 92.836750093402856, 12.49123768220297 ], [ 92.835468505614571, 12.486575587790641 ], [ 92.834019720690634, 12.488745216554261 ], [ 92.832743313486603, 12.489246979348469 ], [ 92.824492814913029, 12.482874411595242 ], [ 92.822004437558547, 12.48551167332257 ], [ 92.815704930661767, 12.486725322406352 ], [ 92.82451806835229, 12.48225972271316 ], [ 92.833854076742142, 12.48845593312724 ], [ 92.834750850517253, 12.485789164329914 ], [ 92.842268529533172, 12.479302800005801 ], [ 92.840404695100204, 12.471434006583296 ], [ 92.840720386447245, 12.476378612047021 ], [ 92.833294525134804, 12.481504558580964 ], [ 92.831643225809884, 12.481039077222457 ], [ 92.831447619453371, 12.48012385486564 ], [ 92.833443484673538, 12.475382464669977 ], [ 92.829331324289612, 12.474700174252611 ], [ 92.828606608434143, 12.471674185186753 ], [ 92.825437566809128, 12.47328335863115 ], [ 92.825044240360285, 12.472926278994938 ], [ 92.825476519556474, 12.471981633156762 ], [ 92.828960735098917, 12.471606418191893 ], [ 92.830506510225774, 12.474530671439142 ], [ 92.829816391186839, 12.472060637668145 ], [ 92.830186532118191, 12.470550970460767 ], [ 92.831425979038201, 12.469287638840417 ], [ 92.833132498701971, 12.469470581764416 ], [ 92.834674396700038, 12.480148528255711 ], [ 92.839279333322963, 12.464421612792014 ], [ 92.883255008787486, 12.436521412193608 ], [ 92.874667495556977, 12.431283220603957 ], [ 92.884404888283782, 12.436099106690898 ], [ 92.898657643023228, 12.416924417212837 ], [ 92.88552968591901, 12.422042799489743 ], [ 92.884667905117482, 12.431251732440435 ], [ 92.873944985963846, 12.413572252153843 ], [ 92.870778363501884, 12.421337008425246 ], [ 92.858238493888308, 12.426545871512745 ], [ 92.859426885957461, 12.436819231182573 ], [ 92.856145015034414, 12.4341710569011 ], [ 92.856962538536848, 12.427714455036675 ], [ 92.859208346510087, 12.424163795756156 ], [ 92.850676034753775, 12.429026050707028 ], [ 92.845540552225728, 12.423467164869729 ], [ 92.836932368760543, 12.430751603148794 ], [ 92.841573527252351, 12.437444997595687 ], [ 92.835878172418418, 12.443596863311528 ], [ 92.828737853195477, 12.441981445841106 ], [ 92.840784734567663, 12.437187439115862 ], [ 92.835384816766066, 12.430697460658829 ], [ 92.821374239742354, 12.434067423609198 ], [ 92.820026835088115, 12.43705277660572 ], [ 92.810637867419018, 12.44284924726874 ], [ 92.816674334125892, 12.444650554915494 ], [ 92.811985488567217, 12.448313768064681 ], [ 92.816000640781965, 12.446786184352549 ], [ 92.818088705489615, 12.449041570975499 ], [ 92.818063488881251, 12.451330835118014 ], [ 92.817582881221114, 12.451918349386268 ], [ 92.817060864819609, 12.451977123371289 ], [ 92.815763819720217, 12.450876558270789 ], [ 92.815681196273658, 12.454578303826315 ], [ 92.811343877655332, 12.448871950508506 ], [ 92.812360296246482, 12.445897980896371 ], [ 92.816230493612011, 12.444772588699907 ], [ 92.810099807106553, 12.442722715096265 ], [ 92.819433529284012, 12.434971423663855 ], [ 92.803849570108156, 12.441095349700795 ], [ 92.795759860088964, 12.437887960599543 ], [ 92.799415122946371, 12.464645436576523 ], [ 92.785636168433825, 12.474702947666167 ], [ 92.789419264251066, 12.477096560024119 ], [ 92.790605803994097, 12.480764491296133 ], [ 92.790520579924802, 12.48263801570384 ], [ 92.789878816299307, 12.48357122592129 ], [ 92.786488665146848, 12.483882714488464 ], [ 92.785279689081321, 12.474587636964044 ], [ 92.790788323693519, 12.469083153563453 ], [ 92.771729406114204, 12.471060154746429 ], [ 92.781637373642099, 12.468392819072184 ], [ 92.780347325520481, 12.467703343207351 ], [ 92.778928651226565, 12.465135907287216 ], [ 92.779545262024101, 12.462688542442821 ], [ 92.778487144535774, 12.464168536095285 ], [ 92.777197155702922, 12.462896077343633 ], [ 92.778239324501698, 12.46013910084317 ], [ 92.777399565001062, 12.462923195229751 ], [ 92.779600459006716, 12.462372103194873 ], [ 92.780437345695077, 12.464566592952609 ], [ 92.779064334563685, 12.465183313179049 ], [ 92.782000795175122, 12.467888823911196 ], [ 92.781464790208034, 12.469346473795666 ], [ 92.798078961606237, 12.464055476717695 ], [ 92.795290078026298, 12.449549030834946 ], [ 92.789016460576008, 12.452576635152541 ], [ 92.789460259767367, 12.453232027186088 ], [ 92.792079624965012, 12.45277132041768 ], [ 92.794839170466062, 12.453899278762263 ], [ 92.794455083189931, 12.454651762876995 ], [ 92.792564660421206, 12.454943161204511 ], [ 92.793889098746845, 12.458222365193032 ], [ 92.791292615436149, 12.460287691142062 ], [ 92.787190988697247, 12.446714290635335 ], [ 92.793450619378575, 12.44624709063873 ], [ 92.792526870093809, 12.436246930011542 ], [ 92.791462132021863, 12.437134962080508 ], [ 92.790266371072434, 12.437091961799807 ], [ 92.788932738489848, 12.435724576706873 ], [ 92.78927987446508, 12.436764107452783 ], [ 92.787120624559364, 12.43707803920951 ], [ 92.78866594424035, 12.435584385074222 ], [ 92.792278510172281, 12.435826620658307 ], [ 92.804879843415932, 12.438747336761972 ], [ 92.829511798525147, 12.428257010294736 ], [ 92.826581680917926, 12.419145228248905 ], [ 92.820789885650029, 12.425945339034881 ], [ 92.814848064543185, 12.424887662435925 ], [ 92.833819335296866, 12.410478188845222 ], [ 92.822513872156193, 12.414019837150907 ], [ 92.81730348181155, 12.410591586501182 ], [ 92.818002625325818, 12.415057164888255 ], [ 92.815632068309085, 12.416987072403559 ], [ 92.804038827172221, 12.411730128550275 ], [ 92.80319060823652, 12.404557169205553 ], [ 92.802328391752113, 12.404744696215904 ], [ 92.801645457438838, 12.405935619076473 ], [ 92.801215502184263, 12.405899394597254 ], [ 92.799534771355667, 12.404308356000881 ], [ 92.799031405776134, 12.400755718332356 ], [ 92.803480269999909, 12.404469040834096 ], [ 92.804077900293805, 12.411266819766889 ], [ 92.815590635313228, 12.416374595290586 ], [ 92.816512483762835, 12.409816362593949 ], [ 92.838277485405726, 12.408627009476835 ], [ 92.837310756226202, 12.398622509712135 ], [ 92.832397666019787, 12.401811492622285 ], [ 92.828709434991467, 12.397890711428067 ], [ 92.828206015512961, 12.400229765914252 ], [ 92.826238085203215, 12.402100984911545 ], [ 92.825603491031984, 12.402139445412914 ], [ 92.825534501316497, 12.401572254872912 ], [ 92.826732270898873, 12.399845571940256 ], [ 92.825444649126808, 12.399154139277258 ], [ 92.824377810793706, 12.399581224946171 ], [ 92.826033266623497, 12.399637762963145 ], [ 92.82581255415144, 12.400232069858621 ], [ 92.82251099305573, 12.402501053862849 ], [ 92.821526904831643, 12.402281916880632 ], [ 92.82576658825667, 12.400046758442407 ], [ 92.824170965614712, 12.399791415124342 ], [ 92.824446768169864, 12.399079593285855 ], [ 92.825297456574276, 12.398882946392693 ], [ 92.826895462446657, 12.399569884177071 ], [ 92.826235754973382, 12.40172590238403 ], [ 92.828932370793837, 12.39682854452697 ], [ 92.821768087214068, 12.396148463203533 ], [ 92.821103506380354, 12.393337147070282 ], [ 92.821823052431327, 12.391142841274792 ], [ 92.821197660601896, 12.391077308171541 ], [ 92.819774533359137, 12.39020716692581 ], [ 92.819468746836392, 12.389689725008592 ], [ 92.819542294603664, 12.389074974435111 ], [ 92.821919605154719, 12.390921364395453 ], [ 92.821848570873613, 12.395886376083372 ], [ 92.827538907718363, 12.394245542127704 ], [ 92.832282596323452, 12.400625042979762 ], [ 92.838066658893368, 12.393930916458991 ], [ 92.834158187906851, 12.394945831768258 ], [ 92.831304816967631, 12.393653276409166 ], [ 92.831017408178965, 12.392545925359009 ], [ 92.831254129527707, 12.391479243576889 ], [ 92.8310402720996, 12.391162888745427 ], [ 92.830635614301755, 12.391303056925077 ], [ 92.830890906522384, 12.392279270457461 ], [ 92.830580539490001, 12.392846575976835 ], [ 92.829322908872044, 12.391904251884004 ], [ 92.831021827890197, 12.390945947112604 ], [ 92.834174176122261, 12.393648605232686 ], [ 92.834213083953856, 12.391736772712477 ], [ 92.835302857174483, 12.391630489485127 ], [ 92.834385795847041, 12.394613574284232 ], [ 92.841427750444666, 12.391388242599984 ], [ 92.839855082453198, 12.391112659076143 ], [ 92.838811153854763, 12.389804287238873 ], [ 92.840753416601913, 12.385329530073651 ], [ 92.837413277356305, 12.389377245216664 ], [ 92.835536932984695, 12.386932150415159 ], [ 92.83521937763345, 12.384134376953433 ], [ 92.832276730324651, 12.385720999843016 ], [ 92.828011695543964, 12.381375378375203 ], [ 92.829926503081097, 12.378453187793623 ], [ 92.828643749279564, 12.378921022771904 ], [ 92.827473500484231, 12.378803603235342 ], [ 92.825578996669165, 12.377373087683319 ], [ 92.825439827868692, 12.376382728466027 ], [ 92.8249418557741, 12.376386304907673 ], [ 92.821238651626629, 12.380057952677403 ], [ 92.819983291949683, 12.379160798983788 ], [ 92.822953387281999, 12.374206260728357 ], [ 92.841293635566018, 12.385365576665036 ], [ 92.839953924083886, 12.390579301322239 ], [ 92.844740315902641, 12.387713374502514 ], [ 92.84220261385255, 12.391790471450841 ], [ 92.846478543400991, 12.388951601943196 ], [ 92.843859076693747, 12.382529226501488 ], [ 92.845990103329882, 12.381130082573986 ], [ 92.844435960396169, 12.381204844277436 ], [ 92.843955270091001, 12.379433127586738 ], [ 92.846123424097811, 12.381071384715641 ], [ 92.846167703854803, 12.385150489441703 ], [ 92.850391091840578, 12.385511580970933 ], [ 92.859230490880122, 12.37023955784705 ], [ 92.858574822232356, 12.367679171384943 ], [ 92.850696497477628, 12.36761462480799 ], [ 92.843456821889319, 12.364853752898631 ], [ 92.844486514885432, 12.363163237314229 ], [ 92.856050525741253, 12.366938283475713 ], [ 92.871824192037138, 12.352850916621771 ], [ 92.883202796906531, 12.357025789635188 ], [ 92.898838100190787, 12.333738114716953 ], [ 92.879399906711981, 12.344853507096827 ], [ 92.879791627871427, 12.33472978153063 ], [ 92.873516756372965, 12.33724301390895 ], [ 92.872928420947304, 12.336926492505118 ], [ 92.873126300041477, 12.335172895271224 ], [ 92.87810711783041, 12.333129358099949 ], [ 92.886546438683453, 12.334783684170992 ], [ 92.871312928469592, 12.329970636306777 ], [ 92.856936782939329, 12.345205476075998 ], [ 92.847770113268723, 12.343477255089553 ], [ 92.859503143043597, 12.341917253502475 ], [ 92.859319616332726, 12.33534574460019 ], [ 92.857623442566094, 12.335544825443174 ], [ 92.858863250608806, 12.338631532823459 ], [ 92.858091364217799, 12.33989713665235 ], [ 92.856873323252714, 12.340392086137818 ], [ 92.856282459967844, 12.339777500420404 ], [ 92.855857731111612, 12.333386862232013 ], [ 92.854595591849218, 12.332338386780144 ], [ 92.855553489691189, 12.330453615744773 ], [ 92.857936599765708, 12.32947499401816 ], [ 92.854081518351478, 12.326842580347032 ], [ 92.845344031384272, 12.32925652419925 ], [ 92.842420050168755, 12.326800235891625 ], [ 92.842972370338046, 12.330042991351183 ], [ 92.841731196856074, 12.329717652823547 ], [ 92.84096862509621, 12.331577459102105 ], [ 92.839182755446785, 12.331306360196685 ], [ 92.839279610902395, 12.3327729560057 ], [ 92.837036361331101, 12.332635088185834 ], [ 92.835588827760361, 12.334338978719428 ], [ 92.831831250385363, 12.335701639466661 ], [ 92.831741580553697, 12.335541171216331 ], [ 92.842576176466821, 12.326440917681341 ], [ 92.84539911338257, 12.328861060199534 ], [ 92.847386319741702, 12.325778639825687 ], [ 92.84808100401888, 12.328103887335038 ], [ 92.851300413283582, 12.325981764932685 ], [ 92.854550314962282, 12.326616546881409 ], [ 92.856633088592901, 12.32821410346626 ], [ 92.859990427881272, 12.319158872586179 ], [ 92.854720727168299, 12.31947107380747 ], [ 92.847326789286114, 12.308283293972785 ], [ 92.833669021996982, 12.308554767737197 ], [ 92.831323750758841, 12.302679226682228 ], [ 92.809679354231079, 12.315644911340286 ], [ 92.80170842574698, 12.31323767912313 ], [ 92.794257249909847, 12.306276516705681 ], [ 92.790790932401123, 12.311408422183121 ], [ 92.792668577533263, 12.313325028175676 ], [ 92.79229386148215, 12.313876419386412 ], [ 92.778546904960052, 12.313072386719822 ], [ 92.782157102932871, 12.318964531675697 ], [ 92.779155606989818, 12.316828449327328 ], [ 92.77214750360703, 12.316766342337766 ], [ 92.775025191940998, 12.317123909749229 ], [ 92.776507413058127, 12.318819017685994 ], [ 92.776633299368768, 12.322990901586207 ], [ 92.778304472122755, 12.322136885622658 ], [ 92.778798583258251, 12.322932501360052 ], [ 92.77974553692512, 12.322726942008979 ], [ 92.779892598323642, 12.323160925998456 ], [ 92.776300018110135, 12.323097051230633 ], [ 92.774942343915626, 12.317437976614585 ], [ 92.769368009218411, 12.320682247649827 ], [ 92.771858573072294, 12.327347225681757 ], [ 92.771474720256464, 12.327753989338047 ], [ 92.770392069777714, 12.327875757488648 ], [ 92.770660763964031, 12.329299558049138 ], [ 92.769400944151698, 12.330307247210747 ], [ 92.770931774007138, 12.330601376059015 ], [ 92.7719889177217, 12.33213599499623 ], [ 92.771940528172294, 12.332902126008905 ], [ 92.770312951557386, 12.333756050740018 ], [ 92.769175672729574, 12.330250715256202 ], [ 92.770185138360432, 12.327882540472594 ], [ 92.771631072929964, 12.327209311127886 ], [ 92.768910431667237, 12.322011011049602 ], [ 92.769151976070717, 12.320372623704792 ], [ 92.770660207906857, 12.317801060805149 ], [ 92.763717063498888, 12.30174749987847 ], [ 92.762323666000427, 12.304990177859841 ], [ 92.764700925347498, 12.313585164515848 ], [ 92.764855745495169, 12.322154832093258 ], [ 92.754145561757312, 12.296427736195422 ], [ 92.719308337185367, 12.300102322615258 ], [ 92.707385329897605, 12.316359889001548 ], [ 92.708676743458454, 12.329865058126645 ], [ 92.699219981731503, 12.327892593400312 ], [ 92.699506653003255, 12.366103981152923 ], [ 92.705278264923336, 12.3709205683591 ], [ 92.697319899378485, 12.389110952949453 ], [ 92.697785112609623, 12.42498081506877 ], [ 92.705573671412949, 12.449151009701264 ], [ 92.698381358599676, 12.468263159236644 ], [ 92.708089459959979, 12.492423626564314 ], [ 92.693083352870431, 12.5158808240698 ], [ 92.70034251291726, 12.515830843044792 ], [ 92.704203339057727, 12.544137997416312 ], [ 92.712631955585849, 12.544363301579468 ], [ 92.704540275561257, 12.565154810225122 ], [ 92.70726135160858, 12.593977054390402 ], [ 92.685375858936652, 12.601973524308374 ], [ 92.683875524190142, 12.609015269169893 ], [ 92.701772498797226, 12.612842954385682 ], [ 92.702476155447499, 12.604757029531381 ], [ 92.717767639336515, 12.643644078191631 ], [ 92.719817363049557, 12.618382285617409 ], [ 92.722463168360918, 12.615371763490817 ], [ 92.721032406336533, 12.618829596230846 ], [ 92.723595937645968, 12.620121835259781 ], [ 92.723145269935912, 12.623019063823589 ], [ 92.720356726817471, 12.626079357397979 ], [ 92.735267795743255, 12.638791579587949 ], [ 92.732707395062562, 12.65707883454593 ], [ 92.752189336495718, 12.672056555407574 ], [ 92.773150570538121, 12.670471145703605 ], [ 92.77827522207879, 12.641145060867787 ], [ 92.775264665727761, 12.637881345032474 ], [ 92.774852153061076, 12.631276370202478 ], [ 92.765113558388435, 12.63214242018535 ], [ 92.762283398119507, 12.628028214841775 ], [ 92.76179660825359, 12.624725578971562 ], [ 92.775446272738833, 12.630738456592105 ], [ 92.778299059773161, 12.638050772679474 ], [ 92.77872025555537, 12.629686634607724 ], [ 92.784251184556311, 12.624601075969341 ], [ 92.776272455102301, 12.590394754999481 ], [ 92.778820617135523, 12.580029673240155 ], [ 92.785904080187507, 12.624602093698153 ], [ 92.78016449410562, 12.654229580578647 ], [ 92.792808107456437, 12.653210291901086 ], [ 92.799031011415707, 12.661293692143216 ], [ 92.786945352467654, 12.666856195520124 ], [ 92.796924565380706, 12.675159433832759 ], [ 92.789586517082242, 12.680267897910056 ], [ 92.788928075335178, 12.704039815813205 ], [ 92.776739431726313, 12.717136155586616 ], [ 92.782669821771194, 12.719747699152041 ], [ 92.779322845447936, 12.728320567389174 ], [ 92.782457439376785, 12.733058128658911 ], [ 92.781239822416495, 12.735102001104828 ], [ 92.776257987734638, 12.73540600859558 ], [ 92.774579220623238, 12.733905275017419 ], [ 92.773377864966236, 12.729696155977111 ], [ 92.781701550184309, 12.733854046776578 ], [ 92.778724053632402, 12.728614592134729 ], [ 92.781449332896955, 12.720254418993353 ], [ 92.774988539779088, 12.717217158756903 ], [ 92.784541448190907, 12.708123107764242 ], [ 92.782895746268508, 12.692579596047487 ], [ 92.768355217126086, 12.672937983360049 ], [ 92.731939468445304, 12.674818865217111 ], [ 92.735253073254043, 12.684146828825126 ], [ 92.727562827872035, 12.695409158021935 ], [ 92.74459168406328, 12.699138896928497 ], [ 92.738583237606747, 12.717526387508451 ], [ 92.745715857369404, 12.722790127953331 ], [ 92.740318814176703, 12.739017126706077 ], [ 92.729539211328643, 12.744236964981042 ], [ 92.719849533516509, 12.790264157820705 ], [ 92.731043906497518, 12.797487428537121 ], [ 92.731954452344269, 12.793320305387612 ], [ 92.73555030152707, 12.793609037937154 ], [ 92.732583992593675, 12.789279802980753 ], [ 92.735454402777236, 12.788592426053794 ], [ 92.734901483431642, 12.78706029280966 ], [ 92.736783560851393, 12.784124639782098 ], [ 92.735545457811057, 12.785107859222261 ], [ 92.735052835183978, 12.784972238927462 ], [ 92.734927913663938, 12.78294303138836 ], [ 92.737571747173249, 12.779125912635831 ], [ 92.738878247939311, 12.790894568545685 ], [ 92.731056605980683, 12.801676988671518 ], [ 92.720086029388057, 12.797432218612405 ], [ 92.722116541730429, 12.825882365873968 ], [ 92.730375576095824, 12.836215267056243 ], [ 92.735151475592048, 12.807221878034413 ], [ 92.737577005910921, 12.804353829217449 ], [ 92.738963875352212, 12.836984445793032 ], [ 92.740161017012227, 12.836441912943226 ], [ 92.741675858652243, 12.82183008409933 ], [ 92.742421473812797, 12.820627759953076 ], [ 92.742805057134063, 12.839004014662676 ], [ 92.75584692958293, 12.847126506941473 ], [ 92.756843265437595, 12.844654831415262 ], [ 92.761418331280694, 12.841976295485596 ], [ 92.761744697308231, 12.835473279923361 ], [ 92.764039700619719, 12.83306979855776 ], [ 92.761937577277862, 12.828979295668315 ], [ 92.763238038670281, 12.826060303464388 ], [ 92.760690905208023, 12.826665106216852 ], [ 92.755253925612749, 12.82364466564489 ], [ 92.754039350347995, 12.821768790140515 ], [ 92.754385914096403, 12.819893517307378 ], [ 92.753032504204512, 12.819047951191507 ], [ 92.753788699722477, 12.817669883838569 ], [ 92.760442477912818, 12.826249242236999 ], [ 92.763008358316725, 12.825011755865404 ], [ 92.763946391712807, 12.8198691298743 ], [ 92.76577973193514, 12.818979429293391 ], [ 92.762333738809716, 12.828794132285926 ], [ 92.764656646488845, 12.833354667610772 ], [ 92.762041665069802, 12.83951359323021 ], [ 92.764498491794882, 12.836034499718014 ], [ 92.765658993869394, 12.836188393746523 ], [ 92.766107512809285, 12.848629879745861 ], [ 92.772609741617927, 12.842476407163137 ], [ 92.772109773466781, 12.830744456430917 ], [ 92.778896913747573, 12.824554721565621 ], [ 92.779067322360333, 12.799184054948178 ], [ 92.78309760310276, 12.788316228165147 ], [ 92.78599037594698, 12.786337391716193 ], [ 92.782815040725069, 12.782802702031388 ], [ 92.782441344261827, 12.775495040096079 ], [ 92.779797824264534, 12.776624316966592 ], [ 92.7829128124623, 12.763234560497995 ], [ 92.78723406650839, 12.776481193806205 ], [ 92.785685876710048, 12.778568794878069 ], [ 92.790177636386986, 12.773792807875404 ], [ 92.792755737472021, 12.774489181248883 ], [ 92.786910249001281, 12.779346311849423 ], [ 92.785427941645892, 12.778713314180195 ], [ 92.783463365645403, 12.775770931362802 ], [ 92.786515359483843, 12.786265148273509 ], [ 92.78086319205552, 12.807698617958623 ], [ 92.789194836347022, 12.814601042984254 ], [ 92.791972901515976, 12.793429083621698 ], [ 92.791595947761522, 12.810723996581659 ], [ 92.799105617398382, 12.813305595878772 ], [ 92.796838819390203, 12.805753685618036 ], [ 92.799791190961955, 12.804520355788265 ], [ 92.80013287685837, 12.812510411455191 ], [ 92.799027070506554, 12.813856936287483 ], [ 92.793459513598208, 12.813779277760556 ], [ 92.791526368751207, 12.811781487567504 ], [ 92.789387787283545, 12.815378381453295 ], [ 92.787278849321936, 12.815106869395725 ], [ 92.788695019112836, 12.828601387045293 ], [ 92.781497749395811, 12.80955156843682 ], [ 92.78015007794194, 12.823633093130129 ], [ 92.784257658714566, 12.824334486242936 ], [ 92.785275850580092, 12.832252240915967 ], [ 92.781447896490789, 12.859750723918438 ], [ 92.786707025829514, 12.861338066940515 ], [ 92.789163547127345, 12.849249689689392 ], [ 92.788006022069681, 12.861143900751079 ], [ 92.794154168231017, 12.862780920193588 ], [ 92.795288627247118, 12.860001813562583 ], [ 92.798397988397937, 12.859211431596012 ], [ 92.797127243275114, 12.858293836246999 ], [ 92.797593123056174, 12.85668508970504 ], [ 92.800006867478515, 12.856287750301194 ], [ 92.79924773626621, 12.85433991196356 ], [ 92.801335551242218, 12.851352993684214 ], [ 92.800087239747, 12.851709884535349 ], [ 92.798954945670715, 12.85013705861226 ], [ 92.799982842934583, 12.848370135230091 ], [ 92.801639591440022, 12.851348530541923 ], [ 92.800333684460341, 12.85669004932779 ], [ 92.797652815208494, 12.85720033644443 ], [ 92.798844795148881, 12.859139230083464 ], [ 92.798181106342241, 12.860061045364859 ], [ 92.795716853244755, 12.86030018290694 ], [ 92.79468853556935, 12.862717813736971 ], [ 92.792500311402449, 12.863431460152109 ], [ 92.795949637277573, 12.864769650851706 ], [ 92.799687047474464, 12.860499645596544 ], [ 92.804490929491763, 12.860834666610524 ], [ 92.79580656889047, 12.865289367532492 ], [ 92.791822764285911, 12.864439107634627 ], [ 92.796522431848814, 12.880609488919978 ], [ 92.789981684179097, 12.889339443012831 ], [ 92.801743208514793, 12.896861183680086 ], [ 92.807810147872729, 12.896803179485733 ], [ 92.808184798346801, 12.893278266130338 ], [ 92.806609501884779, 12.892948189592598 ], [ 92.806063255225155, 12.888537415009687 ], [ 92.808006467491538, 12.890200691376354 ], [ 92.806812492392922, 12.892252261467769 ], [ 92.808364899781481, 12.892238876851627 ], [ 92.807998871337517, 12.897146657184882 ], [ 92.822035745642864, 12.895823710333511 ], [ 92.826820872633675, 12.886044445234154 ], [ 92.829419414883006, 12.884535127368505 ], [ 92.84135271147403, 12.890789731567139 ], [ 92.838966140190749, 12.877110213850543 ], [ 92.847432798574502, 12.875797185604666 ], [ 92.873692647403914, 12.881000454911392 ], [ 92.871738451436514, 12.892595254162519 ], [ 92.89580545336861, 12.897841826521242 ], [ 92.896727443752027, 12.92677309377633 ], [ 92.901237692554133, 12.910712020864203 ] ], [ [ 92.790480847439781, 12.849105302809855 ], [ 92.789490383872135, 12.849529945857936 ], [ 92.791905996790248, 12.845119569813177 ], [ 92.790480847439781, 12.849105302809855 ] ] ], [ [ [ 93.026746399973092, 13.578666356591048 ], [ 93.043455149597662, 13.528945059275545 ], [ 93.0395980559572, 13.491878847087211 ], [ 93.031493993554705, 13.464695637280141 ], [ 93.018480449478318, 13.466231629875038 ], [ 93.016657447068269, 13.46389877659168 ], [ 93.014079981990463, 13.455369300363714 ], [ 93.01102774560691, 13.455386013437764 ], [ 93.011871215149654, 13.458739887935511 ], [ 93.010213023949859, 13.459706316187342 ], [ 93.007918234437454, 13.459298500616988 ], [ 93.009321091195815, 13.46123351008556 ], [ 93.007598181769708, 13.462290281990972 ], [ 93.005945036406857, 13.462289506205213 ], [ 93.004965626608765, 13.463211026071363 ], [ 93.011425864567769, 13.453221337386319 ], [ 93.014325095400579, 13.454528775387702 ], [ 93.017244332613046, 13.462918291956496 ], [ 93.031238286312444, 13.457120825054291 ], [ 93.033536720289973, 13.435455069767782 ], [ 93.01696253649834, 13.431841859602478 ], [ 93.01613368164692, 13.437179073540339 ], [ 93.012521730162661, 13.439925355477168 ], [ 93.013504346047966, 13.44182400047249 ], [ 93.007965908927886, 13.43690421286596 ], [ 93.015862732689243, 13.433902291086824 ], [ 93.011720586541131, 13.43505292975 ], [ 93.003369482943967, 13.432215253642781 ], [ 92.999673531794087, 13.436547673319195 ], [ 92.992566604746884, 13.433082328544227 ], [ 92.990849582879122, 13.435387903477716 ], [ 92.992507393193236, 13.436548827511864 ], [ 92.9924499099982, 13.437592813030225 ], [ 92.99157283717561, 13.438203314602578 ], [ 92.99052175529259, 13.435654668162977 ], [ 92.99160114937844, 13.430850054581985 ], [ 92.98880007296512, 13.427384517412836 ], [ 92.999253653840398, 13.435987038213048 ], [ 93.007551742462752, 13.424479791850707 ], [ 93.012861152304552, 13.424785045971712 ], [ 93.00975492807072, 13.422632325647761 ], [ 93.007619417044708, 13.418202172654338 ], [ 93.016691396199519, 13.428985393005769 ], [ 93.012569045326984, 13.427455963870447 ], [ 93.009399537476313, 13.432096087402918 ], [ 93.00801741832629, 13.425808757145395 ], [ 93.007838440684012, 13.433134855111355 ], [ 93.033398536941391, 13.422298663130698 ], [ 93.038179833515841, 13.427547554827035 ], [ 93.033728162955143, 13.417449325183769 ], [ 93.044531767889268, 13.403148749274791 ], [ 93.060458914046393, 13.420869979722198 ], [ 93.057607827522901, 13.396477342850144 ], [ 93.068463338012492, 13.406789131399398 ], [ 93.06752386102373, 13.397053863638147 ], [ 93.050980660126214, 13.389732281174789 ], [ 93.045454492196299, 13.377066793415253 ], [ 93.041778399204091, 13.381896960729756 ], [ 93.03878950033625, 13.375256711460603 ], [ 93.038695552727205, 13.379767186054327 ], [ 93.038113814528998, 13.380051711346697 ], [ 93.036032329082488, 13.378975311529956 ], [ 93.036396228519251, 13.381072514041387 ], [ 93.035883607597327, 13.381677946242634 ], [ 93.034641786430001, 13.381858273807092 ], [ 93.037732390757682, 13.375342207279875 ], [ 93.024822172701889, 13.373158841310339 ], [ 93.009775725866177, 13.379054797723274 ], [ 93.008605696259764, 13.383487938873241 ], [ 93.003285543465481, 13.387973299773378 ], [ 93.00350493271911, 13.392321225646731 ], [ 92.998914435616072, 13.395780916353633 ], [ 93.003158978028495, 13.391778708788282 ], [ 93.002123254641887, 13.388173821130012 ], [ 93.008709286385056, 13.379284794710779 ], [ 93.016267717473838, 13.375288434942783 ], [ 93.016162457380432, 13.373286223986312 ], [ 93.014044480570433, 13.371604000602257 ], [ 93.013989518946431, 13.37067294644296 ], [ 93.033836748611733, 13.374513709240784 ], [ 93.036155773772194, 13.369755475413154 ], [ 93.03980739755437, 13.368631411174897 ], [ 93.024233299185369, 13.357525446689142 ], [ 93.039451414071877, 13.357332407613745 ], [ 93.031641817622926, 13.345067967711964 ], [ 93.00274416747132, 13.354229939567865 ], [ 92.984646511026398, 13.327975268129434 ], [ 92.975324980783967, 13.351468249775193 ], [ 92.969843445648891, 13.347449472058333 ], [ 92.972692882865502, 13.359511501410898 ], [ 92.949711062864651, 13.361649509832013 ], [ 92.961649248985765, 13.355091693924802 ], [ 92.954833419209777, 13.344261903378255 ], [ 92.948992822964058, 13.350138322489272 ], [ 92.945203385939209, 13.351072185523678 ], [ 92.958045454204296, 13.339147380350269 ], [ 92.958344480006176, 13.327012269566774 ], [ 92.952091006377785, 13.327069912788295 ], [ 92.961274774581511, 13.32321981733115 ], [ 92.949173907155668, 13.321131670089937 ], [ 92.948147084276897, 13.319369189437177 ], [ 92.948483870761734, 13.317769230696934 ], [ 92.9609676675353, 13.320675376366854 ], [ 92.964335142515012, 13.328421172293476 ], [ 92.984887380795087, 13.32040501221824 ], [ 92.984817675122315, 13.317837898367374 ], [ 92.990982613491227, 13.314477951804202 ], [ 92.989468812100299, 13.31406719158332 ], [ 92.988079301612075, 13.311785259645198 ], [ 92.991131504758002, 13.309149392144503 ], [ 92.988434653578935, 13.311717330687792 ], [ 92.991397815713867, 13.313935489865377 ], [ 92.990881213458593, 13.315074552321787 ], [ 92.988504745527294, 13.316205240182759 ], [ 92.988825614763599, 13.317070629381252 ], [ 92.996912738533084, 13.314896392639852 ], [ 92.993734800891801, 13.30102004977681 ], [ 92.982792974879828, 13.298921895302476 ], [ 92.990740277671961, 13.291893804976139 ], [ 92.986471783479132, 13.291285001388511 ], [ 92.984246787674422, 13.286969438344681 ], [ 92.981902866604159, 13.288124923832124 ], [ 92.982179158741161, 13.284943020785374 ], [ 92.983339333828923, 13.28270778294554 ], [ 92.981433696294204, 13.283356891451715 ], [ 92.980349046165642, 13.281314328835748 ], [ 92.978392923311972, 13.283710249527257 ], [ 92.973464726137408, 13.283401882845132 ], [ 92.973736766548186, 13.281892312608301 ], [ 92.980141227212869, 13.280631930600917 ], [ 92.983629952298031, 13.282413903638593 ], [ 92.986402198180599, 13.289657980724632 ], [ 92.990647154716356, 13.287862421472163 ], [ 92.986679261970409, 13.290566328612769 ], [ 92.993199733765877, 13.291624074885174 ], [ 93.001695515531125, 13.264963859068505 ], [ 93.00009990007571, 13.288236956400901 ], [ 92.986320441608299, 13.299177370914343 ], [ 93.000271068663181, 13.29974961918716 ], [ 93.000778998582717, 13.299139732927344 ], [ 92.999228410282583, 13.299283562057456 ], [ 92.997656010887368, 13.297081699044856 ], [ 92.997629653418628, 13.294613985755847 ], [ 93.001102125285357, 13.298941036465598 ], [ 93.002391675740355, 13.303840929556184 ], [ 93.01008981102548, 13.302190530137205 ], [ 93.004988557004708, 13.297121594617982 ], [ 93.004873884363761, 13.295761140066668 ], [ 93.007358457352993, 13.291870989654965 ], [ 93.009458408568463, 13.300540579317806 ], [ 93.020156472236508, 13.297589654394454 ], [ 93.011878891253772, 13.295524978883561 ], [ 93.010951250467201, 13.276759188965928 ], [ 93.028446460749947, 13.281141813233031 ], [ 93.02694730010154, 13.269051086127226 ], [ 93.035937802060076, 13.263002604537615 ], [ 93.032564589540669, 13.275629359309997 ], [ 93.045228347611726, 13.281839229409774 ], [ 93.038297307103875, 13.270528700832385 ], [ 93.043406263279891, 13.25425507033251 ], [ 93.064537094756389, 13.272281056063784 ], [ 93.055234681561515, 13.23298945695776 ], [ 93.041236148250817, 13.223073952583274 ], [ 93.044321142599557, 13.210234628432588 ], [ 93.030961054537684, 13.17806553729444 ], [ 93.033423271154447, 13.081710922327026 ], [ 93.017517501307822, 13.072643740572316 ], [ 93.028805172415957, 13.066939664415877 ], [ 93.002299146571133, 13.028784511852473 ], [ 92.99425304616571, 13.0357755945217 ], [ 92.981921665648116, 13.024936428663208 ], [ 92.9640829180411, 13.038408139497681 ], [ 92.967075490120138, 13.018162705645052 ], [ 92.974721612052022, 13.014426120694591 ], [ 92.959432702734631, 13.015598207770244 ], [ 92.933098707859941, 13.046384337214651 ], [ 92.948401948899402, 13.051467233710257 ], [ 92.939963821907398, 13.05799198873753 ], [ 92.94039742342369, 13.061562797311682 ], [ 92.946485723820786, 13.066582269011461 ], [ 92.946730346750755, 13.068955282868282 ], [ 92.94949177871392, 13.067377716477196 ], [ 92.955632886574975, 13.068966268216707 ], [ 92.95572672818281, 13.064265407103653 ], [ 92.956662812234711, 13.06560782736565 ], [ 92.955914708740849, 13.07279473649848 ], [ 92.946403064441597, 13.069276233525956 ], [ 92.941573315435633, 13.064505303243262 ], [ 92.937256203521329, 13.06971683394686 ], [ 92.941519209007751, 13.078955819113492 ], [ 92.934827724033383, 13.089252376918866 ], [ 92.938880670168743, 13.091033266222604 ], [ 92.93901418407448, 13.088642258250502 ], [ 92.939821002353639, 13.088054581307761 ], [ 92.940904526893164, 13.088054669680732 ], [ 92.942057337592217, 13.089125904402483 ], [ 92.944044554731107, 13.088965411854696 ], [ 92.945515389701995, 13.089634385752522 ], [ 92.942121855494207, 13.089426415643958 ], [ 92.940563399748839, 13.088235443092358 ], [ 92.939286211908808, 13.0885472855124 ], [ 92.944785722332696, 13.122273307149136 ], [ 92.93913531739895, 13.104136801644952 ], [ 92.938125775411294, 13.106894003023392 ], [ 92.937097632009056, 13.108308775262023 ], [ 92.933524104164405, 13.109325697058729 ], [ 92.939572543617402, 13.093844797945271 ], [ 92.933693469833145, 13.08921164592287 ], [ 92.934229075948252, 13.062059899160992 ], [ 92.925234474078778, 13.062011970580789 ], [ 92.928897535211121, 13.068394419539871 ], [ 92.928648729725211, 13.072507714654598 ], [ 92.921908214702626, 13.056829482537642 ], [ 92.898603076657935, 13.095680834709034 ], [ 92.887097107749256, 13.093190318720735 ], [ 92.892368649110225, 13.100875469449621 ], [ 92.889393163886197, 13.113549043688437 ], [ 92.883302020321253, 13.128080644915144 ], [ 92.876562317375644, 13.135851824285925 ], [ 92.875112508372325, 13.135647526339984 ], [ 92.888681364007894, 13.107907912229832 ], [ 92.881269036713533, 13.108374095006948 ], [ 92.873115257949976, 13.103443028012073 ], [ 92.888875202479909, 13.107085271178114 ], [ 92.885474216746843, 13.092279221177836 ], [ 92.898222877290365, 13.093429794743988 ], [ 92.912060645402846, 13.066761273047744 ], [ 92.89498268729821, 13.058627186988252 ], [ 92.885695031626838, 13.045320539391776 ], [ 92.875964094193677, 13.054934623966467 ], [ 92.864199212853791, 13.059498088590917 ], [ 92.866441248801138, 13.064487873728607 ], [ 92.860261714605471, 13.066658516137986 ], [ 92.858784097354203, 13.075364469810133 ], [ 92.854015103207573, 13.077604846420453 ], [ 92.855545809993842, 13.077821591539543 ], [ 92.857902309274678, 13.079859786456842 ], [ 92.85351715716412, 13.077726907763576 ], [ 92.858063815582966, 13.071361990046329 ], [ 92.846169789742902, 13.07512209740219 ], [ 92.859517115439516, 13.066328751127914 ], [ 92.849415305846378, 13.063742444489735 ], [ 92.848280278196654, 13.059224773451774 ], [ 92.849277418941838, 13.054801711516896 ], [ 92.844371138863579, 13.060838811743242 ], [ 92.841508048153003, 13.059944107452731 ], [ 92.843601597973745, 13.050587431033339 ], [ 92.850674322564842, 13.055059191420362 ], [ 92.849922391349523, 13.063380757501703 ], [ 92.859987126572591, 13.065569221485177 ], [ 92.865182629138033, 13.064601046543343 ], [ 92.863512196595835, 13.058942290639003 ], [ 92.871037216644268, 13.055489705480587 ], [ 92.868501374106842, 13.054654069340605 ], [ 92.866251056590869, 13.052491589436038 ], [ 92.868874845991243, 13.046893011634022 ], [ 92.864955932089558, 13.045295905316591 ], [ 92.863429616268391, 13.043637305916185 ], [ 92.869072974817072, 13.046617303959218 ], [ 92.86953402166192, 13.054671884592437 ], [ 92.879127682146603, 13.048844638696853 ], [ 92.873996782823156, 13.048474935675992 ], [ 92.874031630269656, 13.047240944796268 ], [ 92.874921723273985, 13.045433155651144 ], [ 92.873266492921317, 13.046729987012725 ], [ 92.872492615863635, 13.043479803019116 ], [ 92.886428213205519, 13.043862965233089 ], [ 92.897015742771103, 13.058114494697261 ], [ 92.912448281922678, 13.05467927742276 ], [ 92.908586144241866, 13.033335145019821 ], [ 92.901974356002867, 13.0226736777269 ], [ 92.896261136372885, 13.020028406907995 ], [ 92.895251832438774, 13.018032635438445 ], [ 92.902068875838765, 13.021826115348446 ], [ 92.90617932852534, 13.004275432436916 ], [ 92.902597723927997, 13.007644532384354 ], [ 92.90128914446035, 13.002495994304638 ], [ 92.901417893701804, 13.006310934589973 ], [ 92.897661210150531, 13.008000791059164 ], [ 92.89972604711987, 13.009623876628039 ], [ 92.897587238378449, 13.010993095151234 ], [ 92.89639356691039, 13.00945600041938 ], [ 92.896499419891896, 13.01104707460722 ], [ 92.894180981331303, 13.011057927738506 ], [ 92.896494994790785, 13.009198408308318 ], [ 92.899103798495617, 13.009411289602832 ], [ 92.897011323958253, 13.008262855254417 ], [ 92.900643880100205, 13.002500433738566 ], [ 92.908357073844428, 12.99609068987272 ], [ 92.913367378832589, 13.001153671977972 ], [ 92.913407354761063, 12.983889988278085 ], [ 92.929745924826719, 12.989454201775715 ], [ 92.924195251754142, 12.976272778801111 ], [ 92.93690066919649, 12.974671712533334 ], [ 92.909777677719575, 12.947133922705836 ], [ 92.909761440670806, 12.977538688818612 ], [ 92.895590438012078, 12.995687789138735 ], [ 92.885584884698261, 12.981949176818647 ], [ 92.887087128364769, 12.991284116076121 ], [ 92.884441642853631, 12.992422990869615 ], [ 92.870126991496107, 12.934726054698999 ], [ 92.853745616707172, 12.939889713913676 ], [ 92.851581115250298, 12.961253029279128 ], [ 92.848097513257159, 12.959905069642316 ], [ 92.850499302899706, 12.954395192731287 ], [ 92.847034499950567, 12.951559982111279 ], [ 92.846974823069601, 12.950280668756166 ], [ 92.848048902722198, 12.947952891261115 ], [ 92.842224589339338, 12.946920684285848 ], [ 92.845164198545874, 12.948458442383513 ], [ 92.846020793373256, 12.951179999774192 ], [ 92.845827001613628, 12.952563218456449 ], [ 92.844937421547343, 12.95373831039792 ], [ 92.844094165803625, 12.953584390584643 ], [ 92.843914714749204, 12.952196552518224 ], [ 92.84255069485549, 12.952336318763054 ], [ 92.844545540487786, 12.954755315815616 ], [ 92.843273323924535, 12.956685222167652 ], [ 92.842545273522745, 12.956481602555449 ], [ 92.842140582487247, 12.952300041476956 ], [ 92.845739691656235, 12.951234171691775 ], [ 92.840454549801848, 12.949718374343025 ], [ 92.842515474608135, 12.943946282242225 ], [ 92.848537449692856, 12.947387952908571 ], [ 92.848172611516617, 12.95203492244829 ], [ 92.849865037511876, 12.944472566894891 ], [ 92.84736300396851, 12.944028933624084 ], [ 92.856128528254004, 12.935306472902901 ], [ 92.849280685216229, 12.939409473766897 ], [ 92.847788534121946, 12.934884087095412 ], [ 92.849894599271266, 12.932986005465844 ], [ 92.84888112176435, 12.931674811498059 ], [ 92.850507863844385, 12.930319064216071 ], [ 92.842780227885314, 12.933164982438285 ], [ 92.845891130545141, 12.929427363584328 ], [ 92.850581651461823, 12.929925798241475 ], [ 92.852156845515879, 12.933926813782847 ], [ 92.855833895213863, 12.933457525487439 ], [ 92.858683572280654, 12.917527915924872 ], [ 92.847363996606873, 12.912313138957794 ], [ 92.85806221478515, 12.91269536860672 ], [ 92.857976212774801, 12.90123135531752 ], [ 92.875266545189021, 12.905727870434641 ], [ 92.868375616255278, 12.889715125289781 ], [ 92.872591423358372, 12.883685466923412 ], [ 92.841338435447568, 12.876866147999946 ], [ 92.843463423608341, 12.887572034833058 ], [ 92.840688876242012, 12.892448279242622 ], [ 92.828644917089434, 12.886324697946558 ], [ 92.828410250187758, 12.898761455682413 ], [ 92.826095237801667, 12.892814139740306 ], [ 92.823739911720551, 12.896569464679052 ], [ 92.804326076060718, 12.900106281567121 ], [ 92.804249852212251, 12.905755231895204 ], [ 92.808032041629374, 12.905701446763217 ], [ 92.809435754482237, 12.908887610739558 ], [ 92.803968765766555, 12.905917886645002 ], [ 92.803677344203578, 12.898298532970985 ], [ 92.8008435026386, 12.899943135304571 ], [ 92.791983619315644, 12.930414479304506 ], [ 92.799887484072215, 12.935038817805566 ], [ 92.800870684760767, 12.951996105407341 ], [ 92.79219023003435, 12.950493114630834 ], [ 92.789719791137799, 12.961705548095027 ], [ 92.791251257898807, 12.969395607134045 ], [ 92.796580865461408, 12.963345141031605 ], [ 92.792265313022426, 12.980480288034594 ], [ 92.799197083860619, 12.991780093300999 ], [ 92.81073083945769, 12.984027789946868 ], [ 92.810323456171275, 12.975447766134925 ], [ 92.811333903660724, 12.97175945686311 ], [ 92.815403050912238, 12.987234615620446 ], [ 92.81719141428492, 12.986638582511421 ], [ 92.819667214327055, 12.983448035905159 ], [ 92.820298744344854, 12.98294197112466 ], [ 92.821414177043238, 12.982445117532926 ], [ 92.820359227014634, 12.980943943201675 ], [ 92.82051621030547, 12.979917850888658 ], [ 92.819580901499648, 12.979103828272967 ], [ 92.822148462651427, 12.97700272328801 ], [ 92.821727553431799, 12.982485913374559 ], [ 92.817033726714882, 12.989961072597332 ], [ 92.806854505700443, 12.998921176517415 ], [ 92.829511981781451, 13.001375008443258 ], [ 92.823306174558681, 13.010558705963685 ], [ 92.825858156228534, 13.01670145927247 ], [ 92.829185919384472, 13.015187142115728 ], [ 92.835215477148495, 13.018692120518063 ], [ 92.837039208092222, 13.02301770474336 ], [ 92.834934411364074, 13.019004010447269 ], [ 92.831532843522709, 13.020396450997112 ], [ 92.82910305069781, 13.016032340436242 ], [ 92.825904330532438, 13.017614479212483 ], [ 92.82037713762476, 13.012097831439304 ], [ 92.818040217125514, 13.012287675464483 ], [ 92.817510445568161, 13.015921789485965 ], [ 92.814943153910946, 13.016640459055081 ], [ 92.813452385323899, 13.022014823771329 ], [ 92.812668713934656, 13.021797839792637 ], [ 92.814193393025363, 13.007392369413932 ], [ 92.787849027100748, 13.019497639169995 ], [ 92.792303566880491, 13.047649356362996 ], [ 92.795931655700542, 13.047136672801916 ], [ 92.797807881494535, 13.044112830598182 ], [ 92.798877387824021, 13.043231536768182 ], [ 92.79912630020948, 13.043349024124019 ], [ 92.79159987070436, 13.053313056218688 ], [ 92.792688927069392, 13.090599813899587 ], [ 92.799923826315336, 13.092159713189462 ], [ 92.797542953045877, 13.0814491503317 ], [ 92.808146255231236, 13.071855586014701 ], [ 92.814144943288838, 13.072337039000718 ], [ 92.818543708469221, 13.075071765036814 ], [ 92.806174715490656, 13.080168086064855 ], [ 92.80673425901314, 13.099448719435658 ], [ 92.812911108144419, 13.103042331164668 ], [ 92.820480494188061, 13.091185892329021 ], [ 92.821301697189909, 13.111745700325944 ], [ 92.82495179114116, 13.112635977746935 ], [ 92.82805289677448, 13.108829936385732 ], [ 92.829256534152336, 13.108838879675817 ], [ 92.809502715801813, 13.126920760607796 ], [ 92.82282187931429, 13.134188903841332 ], [ 92.84714339013604, 13.118184708701021 ], [ 92.838631790835237, 13.134831967882805 ], [ 92.846620254433702, 13.138553288080679 ], [ 92.848337517049956, 13.150219404403463 ], [ 92.846480833206655, 13.14821725550804 ], [ 92.8469275276682, 13.143199888471123 ], [ 92.845290021974449, 13.141374018194298 ], [ 92.808676478641161, 13.15332722480813 ], [ 92.814481123410872, 13.174151417110187 ], [ 92.827168113711807, 13.16731653473415 ], [ 92.819238871548478, 13.162127795005395 ], [ 92.826932634733112, 13.163397658345634 ], [ 92.8276181247534, 13.173884174543492 ], [ 92.837073096137999, 13.161993368581633 ], [ 92.844323805732969, 13.160864755777704 ], [ 92.847156026737125, 13.161800053493145 ], [ 92.84824932674357, 13.162780785529545 ], [ 92.848581172494349, 13.161252885672228 ], [ 92.848761059231691, 13.161031437252552 ], [ 92.849162384279822, 13.161139826423085 ], [ 92.848198574624959, 13.16292996531168 ], [ 92.837391398887561, 13.162196767243419 ], [ 92.834509651965149, 13.17529397563635 ], [ 92.817940825725856, 13.184335095988459 ], [ 92.832416253959636, 13.214309162967641 ], [ 92.823318548851731, 13.2166421850212 ], [ 92.83062831099852, 13.24257112199076 ], [ 92.852891937811194, 13.235234524286996 ], [ 92.850784694970542, 13.228538340690433 ], [ 92.855048387668191, 13.218970996722287 ], [ 92.847716600627265, 13.212741228764164 ], [ 92.848119711526166, 13.208614324494178 ], [ 92.84924980113675, 13.207452503974428 ], [ 92.854107883905058, 13.209067651416591 ], [ 92.858397826273617, 13.206142443750245 ], [ 92.861198078931793, 13.206367862054663 ], [ 92.858131535080673, 13.200786213404877 ], [ 92.859040093853991, 13.199384768990404 ], [ 92.86284076970135, 13.19647993094835 ], [ 92.85708357663988, 13.196234647605108 ], [ 92.855990046664758, 13.19517266306152 ], [ 92.855290364161306, 13.190747611465735 ], [ 92.855792919460498, 13.189075113900717 ], [ 92.857877738555047, 13.187610212129808 ], [ 92.859063471610952, 13.188608939297012 ], [ 92.859202532613523, 13.192152704431466 ], [ 92.860346460771083, 13.191745663736389 ], [ 92.860824996017854, 13.185525949657865 ], [ 92.861583611597212, 13.184300846081277 ], [ 92.863034458154686, 13.184831629453637 ], [ 92.860646313023025, 13.191876677708196 ], [ 92.858690549495464, 13.192442073860919 ], [ 92.857804025497757, 13.18820692178395 ], [ 92.855631727562539, 13.190589369266693 ], [ 92.863726389993886, 13.196091005946286 ], [ 92.862033172582855, 13.206614097235022 ], [ 92.854518572991708, 13.209704963690017 ], [ 92.848830100151162, 13.208433426392034 ], [ 92.855929779590653, 13.219653330913717 ], [ 92.851609475063825, 13.260955090619492 ], [ 92.837889957582036, 13.261402134927955 ], [ 92.821529412927902, 13.279497319959535 ], [ 92.82358530986356, 13.288112511901982 ], [ 92.83823625093757, 13.287763291142046 ], [ 92.834464414604042, 13.294075923993677 ], [ 92.841673112688127, 13.301173977622872 ], [ 92.841099371292572, 13.307863746013544 ], [ 92.822570891820547, 13.311042974820802 ], [ 92.830234169777682, 13.314606554298917 ], [ 92.825788332876442, 13.328420247475753 ], [ 92.833817258391903, 13.337925297967599 ], [ 92.838307189098927, 13.374286381994295 ], [ 92.851383973672981, 13.370503441574114 ], [ 92.849223226275711, 13.367195094728103 ], [ 92.849698422484565, 13.365712502771705 ], [ 92.851260680798546, 13.364057901430424 ], [ 92.848611080105115, 13.364094446439729 ], [ 92.847974060482613, 13.363425618753771 ], [ 92.849058291097961, 13.360247822656348 ], [ 92.850793604461529, 13.358977469839017 ], [ 92.852067638316598, 13.358954593545464 ], [ 92.848264794834421, 13.363213096980139 ], [ 92.851620654597539, 13.363867932667141 ], [ 92.849560166372456, 13.367079811693586 ], [ 92.851896314320555, 13.370182435213378 ], [ 92.851087017589506, 13.375272172496494 ], [ 92.869460392147957, 13.390805950053871 ], [ 92.85775222145196, 13.385195833498502 ], [ 92.841471260345457, 13.391508490703774 ], [ 92.841985150586879, 13.402948686935684 ], [ 92.848576682714551, 13.411487088575583 ], [ 92.867219144023124, 13.400806283446816 ], [ 92.87103750320685, 13.412431534212866 ], [ 92.872992059398669, 13.402174184825544 ], [ 92.878281749423337, 13.396730947430713 ], [ 92.882552323216032, 13.395185729126252 ], [ 92.879189930005907, 13.392179869959781 ], [ 92.880123306535566, 13.38889875353218 ], [ 92.886083267322931, 13.398363305546649 ], [ 92.88887235751541, 13.394619092676288 ], [ 92.890358925580188, 13.394320907503577 ], [ 92.892463758240936, 13.395762773838884 ], [ 92.894668762039004, 13.39204779575792 ], [ 92.898574444654884, 13.391177911764721 ], [ 92.898487107748011, 13.38869675151812 ], [ 92.902493881376088, 13.390482030970041 ], [ 92.902231075646441, 13.387679924200311 ], [ 92.906347259584535, 13.382430468734732 ], [ 92.915390436056384, 13.381921901678975 ], [ 92.917774551345744, 13.384507070058973 ], [ 92.917963670069199, 13.386174731397851 ], [ 92.919482461601547, 13.385632337890101 ], [ 92.918679267126237, 13.385704693391517 ], [ 92.918296146437342, 13.384497955991959 ], [ 92.919332663934654, 13.383169169570024 ], [ 92.92065746158643, 13.383304702375248 ], [ 92.923826400803534, 13.384558708858272 ], [ 92.918490063961116, 13.384547726361784 ], [ 92.924661664236154, 13.390000167951902 ], [ 92.926087870005432, 13.395068739697823 ], [ 92.92435236080911, 13.390054454350416 ], [ 92.921042491195337, 13.389989092196778 ], [ 92.92123182281955, 13.38854285846609 ], [ 92.91760359386231, 13.386450438372993 ], [ 92.915104270536119, 13.382116241564635 ], [ 92.905862428944246, 13.383135533239411 ], [ 92.903935910969068, 13.394545178232457 ], [ 92.898939422070001, 13.389189400181989 ], [ 92.899137580540199, 13.391245795645609 ], [ 92.893271656295056, 13.396006883658606 ], [ 92.888692208470019, 13.395351259711044 ], [ 92.887989608238527, 13.399870786774844 ], [ 92.89286517401888, 13.396910782215468 ], [ 92.899505084017903, 13.403154885435377 ], [ 92.892132077780147, 13.404331897228806 ], [ 92.896129331961149, 13.408569193510006 ], [ 92.896841983442343, 13.412451502615257 ], [ 92.891818083350671, 13.404494556187245 ], [ 92.895881275670149, 13.401654230363793 ], [ 92.884403184179689, 13.407167336400414 ], [ 92.885491978236644, 13.399990313303478 ], [ 92.881965788912524, 13.396311078986971 ], [ 92.874118422797451, 13.402562968925574 ], [ 92.883456329327501, 13.399108840023654 ], [ 92.869749896706139, 13.424135492857808 ], [ 92.886302370912318, 13.432147104358952 ], [ 92.888574689067909, 13.428579047243094 ], [ 92.889214556349813, 13.426658275096417 ], [ 92.888891864431812, 13.423960124199043 ], [ 92.889330658210412, 13.423218908125207 ], [ 92.890877399026181, 13.423209991251136 ], [ 92.892668350445206, 13.425293641204208 ], [ 92.897266901843082, 13.425612460386045 ], [ 92.897982494408538, 13.425960510955024 ], [ 92.898527153745093, 13.426896059826905 ], [ 92.897285046015199, 13.427700537789466 ], [ 92.898732287633464, 13.428694844282692 ], [ 92.889164398915952, 13.423630177938595 ], [ 92.88938055064132, 13.427846991933528 ], [ 92.887244201487107, 13.432244342267934 ], [ 92.880684330481643, 13.437488757881306 ], [ 92.880257772655497, 13.444982086227871 ], [ 92.87528501994116, 13.444346534648533 ], [ 92.872650032142431, 13.446929117113914 ], [ 92.870729079230458, 13.472268418871646 ], [ 92.894088943540552, 13.473234830049183 ], [ 92.904598770630713, 13.496763808048049 ], [ 92.9177031218059, 13.500903347903787 ], [ 92.927238214829018, 13.495223914011222 ], [ 92.924186100616353, 13.480833961402071 ], [ 92.931727474494508, 13.48102766210177 ], [ 92.920887017972476, 13.471481088163852 ], [ 92.931337415218366, 13.471373968299815 ], [ 92.927271245882039, 13.4752250326321 ], [ 92.93246639720617, 13.481319098649955 ], [ 92.926511242405567, 13.482230341145151 ], [ 92.928979412157702, 13.490781068010202 ], [ 92.927178055552773, 13.497791000688677 ], [ 92.933266051420972, 13.499004376913634 ], [ 92.923818205473182, 13.509040086906152 ], [ 92.927130620014168, 13.521350545636782 ], [ 92.916059106021279, 13.522337404731584 ], [ 92.915003793073282, 13.533275764963861 ], [ 92.934979932778489, 13.538529088180677 ], [ 92.945686304964582, 13.531520790046192 ], [ 92.950646667216219, 13.541961800483023 ], [ 92.966209560000351, 13.543867968621836 ], [ 92.972340376761494, 13.529394175413817 ], [ 92.984506384621824, 13.527276845190313 ], [ 92.991152531623868, 13.539246726072358 ], [ 92.983722498535244, 13.539428992590768 ], [ 92.980700648564493, 13.552035818560016 ], [ 92.987553761119727, 13.573538309796508 ], [ 93.01299288125783, 13.539133482126342 ], [ 93.015454357662776, 13.570775053023977 ], [ 93.026746399973092, 13.578666356591048 ] ] ], [ [ [ 92.696152506327422, 12.238932999716358 ], [ 92.708810110938785, 12.216167692293208 ], [ 92.703582671468368, 12.192648144971715 ], [ 92.711741859886587, 12.189703291521312 ], [ 92.703481060331654, 12.190966801791923 ], [ 92.700916009971053, 12.18695392548009 ], [ 92.708924990192273, 12.188669127707152 ], [ 92.700152742915179, 12.154506331706042 ], [ 92.711469404454178, 12.172315638367744 ], [ 92.703611408574318, 12.137723239611606 ], [ 92.719250408425935, 12.179721067839678 ], [ 92.756367861717877, 12.176972217441138 ], [ 92.733745647206689, 12.103213118651688 ], [ 92.73408169976797, 12.083352793095193 ], [ 92.73926268555843, 12.073592357378271 ], [ 92.756514135293912, 12.065064142744626 ], [ 92.74710857933475, 12.055211295101893 ], [ 92.760243096835495, 12.054904845303897 ], [ 92.766313247670595, 12.046183694563133 ], [ 92.78234881868589, 12.048218571270315 ], [ 92.777613264325709, 12.024211781749733 ], [ 92.760474054593374, 12.019518442276569 ], [ 92.7516693475918, 12.034213694934934 ], [ 92.747632337569598, 12.02572355256401 ], [ 92.744361396448639, 12.038148037535111 ], [ 92.739180179791148, 12.035472768288709 ], [ 92.737737715413559, 12.04288880685553 ], [ 92.736086204984517, 12.043595066404146 ], [ 92.736358065732233, 12.034440168181714 ], [ 92.73417949306473, 12.036651398710877 ], [ 92.73074252261803, 12.035488234619395 ], [ 92.73048170575845, 12.037598528197726 ], [ 92.725976471352254, 12.039025063407598 ], [ 92.72728418125071, 12.039277220719885 ], [ 92.727871911211849, 12.04049682069725 ], [ 92.726919793130421, 12.04465105317667 ], [ 92.725204989203121, 12.03688833009263 ], [ 92.737136361602822, 12.030002452992395 ], [ 92.735694120007423, 12.02566142316579 ], [ 92.723151300326435, 12.026827166285941 ], [ 92.722077067061889, 12.026005571914943 ], [ 92.736352769265324, 12.020257012054374 ], [ 92.735819789824092, 12.017921474859364 ], [ 92.730928655341515, 12.01710737084349 ], [ 92.730172828132837, 12.014722346092512 ], [ 92.749132395635002, 12.019138663239133 ], [ 92.751486306869495, 12.002452093529538 ], [ 92.766643657913576, 12.011393991757167 ], [ 92.768459911280885, 11.99727556374631 ], [ 92.742059701586612, 11.995263831554398 ], [ 92.741526494871621, 11.988321677098737 ], [ 92.75411511515739, 11.988156822464354 ], [ 92.753640125561034, 11.982528579128259 ], [ 92.734558296450373, 11.976956285100156 ], [ 92.738398843123306, 11.997301145158271 ], [ 92.721346957721479, 12.005728900694876 ], [ 92.725804760182328, 11.997495865377351 ], [ 92.713343094304093, 11.993834002119208 ], [ 92.719153597886105, 11.988104695700995 ], [ 92.710883493581449, 11.982664736628838 ], [ 92.720263304722863, 11.984121801945436 ], [ 92.718745416895715, 11.975379760479655 ], [ 92.731032828473445, 11.969340568666608 ], [ 92.72184069875108, 11.964954536817528 ], [ 92.707414847639484, 11.974009111902379 ], [ 92.71625970753766, 11.954437303352407 ], [ 92.703830707996403, 11.961868195517013 ], [ 92.715080793593074, 11.942462978557005 ], [ 92.697901100384158, 11.930976942587744 ], [ 92.708838627957476, 11.928745294800205 ], [ 92.712970948333037, 11.902796509137314 ], [ 92.704310488308181, 11.903300858959305 ], [ 92.703221717607448, 11.916546160923028 ], [ 92.692436603595112, 11.90095782981723 ], [ 92.706642572277957, 11.888943144756139 ], [ 92.704694942096978, 11.882605983262131 ], [ 92.716733384695388, 11.885056942976512 ], [ 92.719782838098212, 11.877619737669759 ], [ 92.703008933666069, 11.876074352201146 ], [ 92.697994973433055, 11.865642406009334 ], [ 92.702322903758343, 11.850212808063441 ], [ 92.716888804917645, 11.868670130299435 ], [ 92.723204726729634, 11.859306069672078 ], [ 92.708853198631402, 11.83609343035355 ], [ 92.711385628469074, 11.820507750528144 ], [ 92.730976127711031, 11.853417580933309 ], [ 92.729370917350053, 11.868453326561188 ], [ 92.741840066194612, 11.881485512297274 ], [ 92.735541649852564, 11.888300416835113 ], [ 92.730146520071401, 11.881146559632592 ], [ 92.729766739318748, 11.896805644871719 ], [ 92.733720867179599, 11.891451900369395 ], [ 92.74235536589272, 11.89581973611968 ], [ 92.732573539797031, 11.903748038735799 ], [ 92.737081638032336, 11.918198228497674 ], [ 92.743278127030663, 11.918593490580905 ], [ 92.742833783460213, 11.909611502941518 ], [ 92.749836939820739, 11.921356685175841 ], [ 92.742476350096851, 11.925646036340613 ], [ 92.745439346043469, 11.932145077329061 ], [ 92.751329399935443, 11.924944822538761 ], [ 92.75799501342965, 11.934209522720982 ], [ 92.76500485056097, 11.922127986863044 ], [ 92.758058330284172, 11.936411062165268 ], [ 92.783168107377819, 11.935996883264254 ], [ 92.777284442304136, 11.932519302733995 ], [ 92.785999304302592, 11.925356018541256 ], [ 92.786948085142726, 11.90149207272983 ], [ 92.776324022891174, 11.897611171364627 ], [ 92.79119857440233, 11.885806432827733 ], [ 92.768716287768001, 11.799453486325238 ], [ 92.754251876472864, 11.701245389002894 ], [ 92.74463398752664, 11.713980106628151 ], [ 92.743386421633119, 11.690655663245741 ], [ 92.716551973517028, 11.705357445361892 ], [ 92.711294213210834, 11.695003876691711 ], [ 92.7059023290428, 11.700809744433334 ], [ 92.698363059917327, 11.680630596929181 ], [ 92.706157764993847, 11.669579126610255 ], [ 92.692088948393618, 11.669097281495262 ], [ 92.682488776021444, 11.650544946907797 ], [ 92.680231180355051, 11.661747403437637 ], [ 92.664543072301782, 11.661493956774919 ], [ 92.661272367437732, 11.653611630030472 ], [ 92.673414221396712, 11.624198871853194 ], [ 92.687838945122607, 11.620884343900897 ], [ 92.667880779807916, 11.610842972351435 ], [ 92.673065410063444, 11.606600989705239 ], [ 92.681565078838972, 11.616922450033169 ], [ 92.70205720365685, 11.616597299611431 ], [ 92.693783099154246, 11.624095853310035 ], [ 92.692923636904482, 11.638584158389657 ], [ 92.70130711219123, 11.639253973463797 ], [ 92.693916048917998, 11.652737140218337 ], [ 92.700484590462594, 11.654329922596677 ], [ 92.705849245796045, 11.641932458332349 ], [ 92.711812553706153, 11.64341677998438 ], [ 92.709721467065904, 11.652101516855668 ], [ 92.729138752256432, 11.656801640549414 ], [ 92.715509899041365, 11.664950145660939 ], [ 92.718341687057574, 11.681873071716877 ], [ 92.730912139815047, 11.680532753544863 ], [ 92.731943789341813, 11.673014748598957 ], [ 92.746551511569194, 11.676405729453249 ], [ 92.755488112814035, 11.664484296286966 ], [ 92.755109729839958, 11.648397254041654 ], [ 92.745399573134279, 11.642756486804 ], [ 92.751260322185047, 11.609134377027338 ], [ 92.739383773068838, 11.593189024639674 ], [ 92.722499225838078, 11.53219973520698 ], [ 92.725575200203053, 11.516453487061312 ], [ 92.710240345652096, 11.478039937493673 ], [ 92.699468527604282, 11.509754104466285 ], [ 92.674237230910578, 11.511758287644447 ], [ 92.665707987799294, 11.504578527889363 ], [ 92.646174503730109, 11.52165368037871 ], [ 92.643804483007585, 11.540386767491237 ], [ 92.65379304019622, 11.550274400138507 ], [ 92.650741791061137, 11.558669649983146 ], [ 92.643056838552795, 11.557369991165931 ], [ 92.649012298780605, 11.572167962457996 ], [ 92.634102510852429, 11.579775210720161 ], [ 92.633095900965884, 11.589905570574169 ], [ 92.616569642294635, 11.562456920618764 ], [ 92.619113326226199, 11.583548441911102 ], [ 92.606674150569418, 11.594177904238347 ], [ 92.608126597924766, 11.620743772558408 ], [ 92.618303188672058, 11.620800800758676 ], [ 92.620920172435859, 11.611031828834591 ], [ 92.638822601613342, 11.612180471156657 ], [ 92.647552071116621, 11.645448518018094 ], [ 92.634994502895296, 11.639918675046745 ], [ 92.63185109020533, 11.661346137268488 ], [ 92.630721974368527, 11.629332801393177 ], [ 92.619027797628021, 11.633028249383399 ], [ 92.621079159868088, 11.638013907009928 ], [ 92.60746327832571, 11.634124085980545 ], [ 92.600932363615087, 11.659796191954124 ], [ 92.590705055783488, 11.669095618769729 ], [ 92.598716983377173, 11.689924928391543 ], [ 92.592418906598297, 11.735294850511895 ], [ 92.574448201865991, 11.733864602970794 ], [ 92.571570962689634, 11.699310771386289 ], [ 92.560547814889929, 11.694568750976504 ], [ 92.551251573121078, 11.719932233080463 ], [ 92.551403778272928, 11.762968092154864 ], [ 92.562544877564392, 11.771767677944561 ], [ 92.551444389310319, 11.784323043415723 ], [ 92.55127361059165, 11.807006937897377 ], [ 92.558705262444377, 11.812437894311339 ], [ 92.552277664771225, 11.810103745804822 ], [ 92.546530549010626, 11.820092542471889 ], [ 92.552268068967351, 11.849301026153606 ], [ 92.536286238765626, 11.860281286641671 ], [ 92.542951843276697, 11.835682749299306 ], [ 92.531515211731488, 11.84097724408725 ], [ 92.523522007723301, 11.82672137088846 ], [ 92.522469515485284, 11.84459052178204 ], [ 92.519685859201999, 11.839779697305758 ], [ 92.514451469466238, 11.848253636168538 ], [ 92.523617586672913, 11.855232176732994 ], [ 92.52397008289546, 11.870850592241627 ], [ 92.529713004421978, 11.865432514151783 ], [ 92.533667427828561, 11.869985947544276 ], [ 92.530743337916888, 11.886444078677039 ], [ 92.529438921242274, 11.8755357122985 ], [ 92.525249202113329, 11.874566885502459 ], [ 92.527596425390598, 11.895664794191671 ], [ 92.54161578344619, 11.902870395275247 ], [ 92.535182777016729, 11.91167883578456 ], [ 92.542624374117977, 11.923262555419754 ], [ 92.549765849472678, 11.926220935452108 ], [ 92.545902116383957, 11.921803379054964 ], [ 92.556051873555376, 11.917308163766831 ], [ 92.561645072873517, 11.946773902196949 ], [ 92.5609682902233, 11.93630886549998 ], [ 92.565309773431267, 11.940003039666024 ], [ 92.57800881014019, 11.927122091068926 ], [ 92.578198351071862, 11.919857720137786 ], [ 92.571671653951512, 11.917713860309615 ], [ 92.571335049824654, 11.926352425194072 ], [ 92.566829386023784, 11.916605390248744 ], [ 92.570007161069995, 11.908423959971964 ], [ 92.579980058826607, 11.914618774867868 ], [ 92.580165596865399, 11.901206539312991 ], [ 92.570405107554322, 11.890568133389984 ], [ 92.581396476552541, 11.895302980809159 ], [ 92.583934580149531, 11.85993052538902 ], [ 92.595090161181659, 11.864728157841771 ], [ 92.589760797960807, 11.87727191640071 ], [ 92.592576935528143, 11.894694209772751 ], [ 92.599566821975287, 11.896620646280036 ], [ 92.59485897615005, 11.883818170066997 ], [ 92.600827688324941, 11.848721618788259 ], [ 92.613961420698132, 11.830879997667854 ], [ 92.608392567520823, 11.896218972291447 ], [ 92.610566698019213, 11.914658135675133 ], [ 92.611930519385268, 11.904722185043594 ], [ 92.614697228052421, 11.920110009849621 ], [ 92.618741139830931, 11.914925136120885 ], [ 92.621848261481759, 11.921280976748946 ], [ 92.620865597985699, 11.934200483246469 ], [ 92.615518594547609, 11.924436133202116 ], [ 92.617532603939864, 11.946550344342155 ], [ 92.607100600597732, 11.924191626933164 ], [ 92.612493603168289, 12.000076938441017 ], [ 92.623998687236437, 12.028132521623359 ], [ 92.620269800254988, 12.039739514221601 ], [ 92.628048500946392, 12.043020954909219 ], [ 92.618597167738685, 12.068305022618459 ], [ 92.621934900397648, 12.101399446141183 ], [ 92.634405386833649, 12.120332923541678 ], [ 92.633441796367705, 12.140708390223862 ], [ 92.660280926503077, 12.214944330982501 ], [ 92.664624492005871, 12.22208955386024 ], [ 92.655194133561707, 12.180115235508922 ], [ 92.673841621842598, 12.217789724156374 ], [ 92.674938091105332, 12.187000556305955 ], [ 92.681059211451341, 12.1917858605172 ], [ 92.678136819355544, 12.212030687578295 ], [ 92.682813119941287, 12.205882797554271 ], [ 92.687557904491001, 12.234993833907087 ], [ 92.696152506327422, 12.238932999716358 ] ] ], [ [ [ 93.837212633308141, 7.24496366763579 ], [ 93.830969917005277, 7.228637577609427 ], [ 93.835710434557427, 7.218556123497207 ], [ 93.855725386872805, 7.218299960033043 ], [ 93.869623585552787, 7.204448197556453 ], [ 93.866087458166717, 7.17531023240731 ], [ 93.876349188541653, 7.155788989116628 ], [ 93.880449694183113, 7.089882486466796 ], [ 93.897711830277203, 7.080327752873885 ], [ 93.911777015887054, 7.049377754564079 ], [ 93.911278291902576, 7.025147793048102 ], [ 93.924850135334779, 7.026398875335929 ], [ 93.942999670385674, 6.9986189170923 ], [ 93.938463336304352, 6.99226628901701 ], [ 93.922903348671838, 7.010945115652135 ], [ 93.909234188049979, 7.000310409263464 ], [ 93.940537029764116, 6.954071239426895 ], [ 93.914303180873944, 6.94872099105396 ], [ 93.903045646446941, 6.927433530501119 ], [ 93.908599177060466, 6.91241419078874 ], [ 93.887997744340453, 6.902887131341303 ], [ 93.895407470113753, 6.876079697008808 ], [ 93.887069751414302, 6.866025790197403 ], [ 93.887601428298368, 6.84564392877396 ], [ 93.904147702332466, 6.834885314848895 ], [ 93.896974520939807, 6.81415210590065 ], [ 93.878090022052689, 6.793148713727336 ], [ 93.862827143217245, 6.815272746004334 ], [ 93.844586147094006, 6.816069590938219 ], [ 93.841133850490223, 6.779035453923775 ], [ 93.823982498230194, 6.754077537658393 ], [ 93.799886664869106, 6.766125927960489 ], [ 93.808676734721431, 6.778212142425891 ], [ 93.803801434842399, 6.788760317243307 ], [ 93.812110995849253, 6.790786265422861 ], [ 93.802955177827286, 6.804318405632534 ], [ 93.813227887411671, 6.80813484617396 ], [ 93.812555700542447, 6.81738572008415 ], [ 93.802578793604738, 6.820717074578273 ], [ 93.797325230227514, 6.810433046618316 ], [ 93.780343655962966, 6.829220168893059 ], [ 93.782221429554184, 6.840898501227184 ], [ 93.797954138062991, 6.850245848429998 ], [ 93.774918525146276, 6.854172753982782 ], [ 93.765467089530617, 6.864873477382602 ], [ 93.764414129270349, 6.876238240096946 ], [ 93.776786850257338, 6.879523450596903 ], [ 93.783540313596447, 6.872235368563838 ], [ 93.786560483717636, 6.878918497494725 ], [ 93.769742890619966, 6.884106188294115 ], [ 93.777351878892929, 6.894945961646576 ], [ 93.760341293536271, 6.896550972906465 ], [ 93.757675347996255, 6.916100738188354 ], [ 93.744297892804994, 6.907305287054227 ], [ 93.734713859565204, 6.923854875187309 ], [ 93.744503280018307, 6.938791777051428 ], [ 93.738180366618423, 6.96324986818257 ], [ 93.728104134756379, 6.960379981991905 ], [ 93.717245410094719, 6.992013128156632 ], [ 93.69710001521355, 6.992802791216712 ], [ 93.693234545681364, 7.013802399063956 ], [ 93.673455414602813, 7.018208711854467 ], [ 93.666123870106986, 7.003645825521936 ], [ 93.65629101161835, 7.006499584582216 ], [ 93.667563880287247, 7.022938715880016 ], [ 93.65675852723156, 7.047111300666486 ], [ 93.660918415106551, 7.065431869348354 ], [ 93.653668460994751, 7.06877383206983 ], [ 93.660742932809057, 7.082812317129265 ], [ 93.650569044194143, 7.086620255724163 ], [ 93.647283777639331, 7.100713882914858 ], [ 93.664832133152629, 7.114547849786312 ], [ 93.648017530546568, 7.113776314124611 ], [ 93.645261638493736, 7.126811883809432 ], [ 93.665825715670962, 7.14180289632445 ], [ 93.662492723421721, 7.177232177914144 ], [ 93.674884093434031, 7.190866826978052 ], [ 93.722597210536449, 7.188999528385914 ], [ 93.739753733499228, 7.204701680038437 ], [ 93.74507157402995, 7.199744675745391 ], [ 93.740456463986433, 7.208494836596435 ], [ 93.749471681293386, 7.215311353585253 ], [ 93.768604628136956, 7.210334159119578 ], [ 93.777946698358306, 7.195651714824614 ], [ 93.78023525446099, 7.208257177095342 ], [ 93.765425989809742, 7.213222380046384 ], [ 93.781995275986446, 7.214718268281506 ], [ 93.792595130437746, 7.202703320267368 ], [ 93.792276627363862, 7.214250193153096 ], [ 93.802041767253158, 7.214572993281893 ], [ 93.794996704484618, 7.220186936641412 ], [ 93.800569598284085, 7.221603051110045 ], [ 93.795968203718303, 7.235179114241729 ], [ 93.837212633308141, 7.24496366763579 ] ] ], [ [ [ 92.520743004713182, 10.897637318747522 ], [ 92.559009931462882, 10.862788272772114 ], [ 92.559377381041656, 10.815282739718223 ], [ 92.58660514842002, 10.787581339565749 ], [ 92.582587579737194, 10.744501154073939 ], [ 92.597909169764662, 10.704511288820795 ], [ 92.597102302078142, 10.681055056845956 ], [ 92.578880732022938, 10.681233725635005 ], [ 92.582243072232458, 10.6581260761132 ], [ 92.552287059352466, 10.640228939134474 ], [ 92.539408895880982, 10.610734751023301 ], [ 92.541620184292782, 10.594547845851002 ], [ 92.565256798880668, 10.587157840669713 ], [ 92.568621092925952, 10.578226162144063 ], [ 92.543075464036193, 10.55110724299789 ], [ 92.531166073411498, 10.520216028181519 ], [ 92.513180169184565, 10.513795750748534 ], [ 92.48203530250133, 10.519427979389281 ], [ 92.453615742930452, 10.543841855355058 ], [ 92.433370481440832, 10.550626694616106 ], [ 92.419413924606744, 10.549774423774437 ], [ 92.404574029200944, 10.533524925180565 ], [ 92.388626630525721, 10.532852287148563 ], [ 92.383076766835231, 10.542417695647181 ], [ 92.409911384732879, 10.583127403782211 ], [ 92.420652713061628, 10.615454590482301 ], [ 92.397101429442586, 10.667751098713248 ], [ 92.383409638462084, 10.670960223206944 ], [ 92.378387591594858, 10.782386085595848 ], [ 92.385131034226944, 10.791806487857666 ], [ 92.395641146981347, 10.779655289512045 ], [ 92.409105604007863, 10.785395141829632 ], [ 92.422772923981739, 10.801843180118507 ], [ 92.427499252643955, 10.823747486266871 ], [ 92.436850079642738, 10.824180484211629 ], [ 92.449085273051324, 10.839051808698621 ], [ 92.463813756700645, 10.838248946064384 ], [ 92.458077224890729, 10.862263925652815 ], [ 92.466430587750835, 10.856977573041622 ], [ 92.464997008609743, 10.864644946449536 ], [ 92.481097105611866, 10.872339858117998 ], [ 92.49274293682042, 10.889922018507045 ], [ 92.520743004713182, 10.897637318747522 ] ] ], [ [ [ 92.810348075399943, 12.312951170761838 ], [ 92.832598845524288, 12.300765185728483 ], [ 92.83454232369202, 12.297666996614023 ], [ 92.832483145210631, 12.296688485232689 ], [ 92.833273306029497, 12.295097629459061 ], [ 92.832255461811997, 12.295843346002259 ], [ 92.830887782181804, 12.293877275206572 ], [ 92.83087388075279, 12.293201641485361 ], [ 92.83203882050482, 12.292831006504558 ], [ 92.831992712676225, 12.292019809536797 ], [ 92.832360571886738, 12.292932773603948 ], [ 92.831124395732687, 12.293619741088849 ], [ 92.833429572464766, 12.294812912032995 ], [ 92.832749673558823, 12.296550688860401 ], [ 92.835066241826979, 12.297278367096716 ], [ 92.836294641265596, 12.303190010487546 ], [ 92.843929532459811, 12.296290671694381 ], [ 92.846868232571268, 12.303662048875754 ], [ 92.850252505148433, 12.283280735270697 ], [ 92.854716362254337, 12.287928884023366 ], [ 92.853966913982475, 12.286704125362263 ], [ 92.854044442184744, 12.284514361065634 ], [ 92.855875590517783, 12.283533513329319 ], [ 92.853620721238258, 12.281230916773685 ], [ 92.854590459774002, 12.281337036770157 ], [ 92.855942127832563, 12.283165088947054 ], [ 92.856008980455982, 12.283791112620838 ], [ 92.854597005797487, 12.288392127714872 ], [ 92.852077691362936, 12.285646656213174 ], [ 92.848871764912346, 12.302055197322439 ], [ 92.872093650689763, 12.301711813035793 ], [ 92.871386024384279, 12.295400323840424 ], [ 92.868915584589388, 12.295314763745555 ], [ 92.865870087367099, 12.293172863754421 ], [ 92.863308096668348, 12.286789209013101 ], [ 92.866382485506847, 12.293193140789564 ], [ 92.870158621177268, 12.294729352931625 ], [ 92.88191933163931, 12.262536780984581 ], [ 92.884951756577593, 12.27048533623155 ], [ 92.891123879672136, 12.266448730061034 ], [ 92.888220145584839, 12.256552275004994 ], [ 92.874671932336184, 12.250528919611989 ], [ 92.869412564943914, 12.25131666073186 ], [ 92.86798380975587, 12.257266655707033 ], [ 92.864110221250158, 12.258315672016986 ], [ 92.865519653676444, 12.261122158988112 ], [ 92.862960752283982, 12.263529129949006 ], [ 92.862367928875145, 12.263612784980658 ], [ 92.861620901562972, 12.262625309107886 ], [ 92.861821028241977, 12.263574395436351 ], [ 92.860882389381374, 12.259685377377018 ], [ 92.86887348953519, 12.251705178122123 ], [ 92.864662053634234, 12.252268359871159 ], [ 92.858177711181227, 12.249317450006645 ], [ 92.857553009257899, 12.244643884152167 ], [ 92.870894665686777, 12.225493427823549 ], [ 92.869916141627584, 12.212788067707262 ], [ 92.884073325502285, 12.198089005898566 ], [ 92.874621671596003, 12.191621414842926 ], [ 92.852859685597537, 12.204597587191914 ], [ 92.846069054463555, 12.197645536033347 ], [ 92.844437359971394, 12.20196188094644 ], [ 92.827449617874066, 12.203031062686916 ], [ 92.833243481962072, 12.205508765822163 ], [ 92.835755812893581, 12.213088910936317 ], [ 92.83283299948792, 12.214946213367531 ], [ 92.826144618192842, 12.203175500053655 ], [ 92.844203141329047, 12.20093132797459 ], [ 92.840175480073981, 12.185269548453036 ], [ 92.85255290913139, 12.192181457295147 ], [ 92.856950490332238, 12.186974777905561 ], [ 92.850083505094062, 12.16541453153255 ], [ 92.855114818981747, 12.1586485487191 ], [ 92.844016551363069, 12.147379678779821 ], [ 92.835937442362535, 12.16629910890957 ], [ 92.822770002504939, 12.166581981087397 ], [ 92.828303398279672, 12.156458291387292 ], [ 92.815062480723384, 12.138498489407809 ], [ 92.817307062496269, 12.125802517066921 ], [ 92.802570082580985, 12.127851421123511 ], [ 92.818067548368035, 12.114046385984031 ], [ 92.814798827882441, 12.10607717261329 ], [ 92.78383984778435, 12.106286378505819 ], [ 92.801918284773762, 12.092668315476688 ], [ 92.785619805620939, 12.07191751107656 ], [ 92.781115970789941, 12.080336730779351 ], [ 92.763307167624646, 12.063719862438214 ], [ 92.759406396098427, 12.07819564365438 ], [ 92.752009097618782, 12.07437331081095 ], [ 92.754965822426399, 12.076643532020876 ], [ 92.75806847945023, 12.081399730209693 ], [ 92.760301874502886, 12.089183894814948 ], [ 92.758766431798406, 12.092338186046062 ], [ 92.760598919519566, 12.092686938925162 ], [ 92.760456064033178, 12.093780701036843 ], [ 92.759486433295294, 12.094905777992864 ], [ 92.757545336561364, 12.090832571325475 ], [ 92.754653477303791, 12.076720243043292 ], [ 92.745687850593811, 12.074447134167926 ], [ 92.737716701124114, 12.098556095109565 ], [ 92.759409059603229, 12.146193028162118 ], [ 92.757407102008813, 12.154255708342133 ], [ 92.766352990935417, 12.151547234450453 ], [ 92.758525763252337, 12.159517303063007 ], [ 92.770024898676681, 12.18324199553366 ], [ 92.764953448062073, 12.213911991792546 ], [ 92.774881861245845, 12.242666417285633 ], [ 92.768169626086689, 12.251156019827446 ], [ 92.761590731458455, 12.23311560574823 ], [ 92.759877778060613, 12.240974967788897 ], [ 92.75116371735939, 12.232776870616995 ], [ 92.741021382068823, 12.245376458615414 ], [ 92.749266919247106, 12.274089398875006 ], [ 92.763114545471524, 12.262483588603761 ], [ 92.773883434113202, 12.280284634432055 ], [ 92.777872853188285, 12.272464187697116 ], [ 92.778739064480803, 12.283277583267642 ], [ 92.784210424398623, 12.27899400869728 ], [ 92.787558465225459, 12.280241999832461 ], [ 92.779568673917012, 12.283146656171958 ], [ 92.775257173778272, 12.301184618801328 ], [ 92.766827492746586, 12.297194345351118 ], [ 92.77065404097246, 12.313012303583427 ], [ 92.794882624671288, 12.303589465380853 ], [ 92.810348075399943, 12.312951170761838 ] ] ], [ [ [ 93.371472692076466, 8.021679743253873 ], [ 93.400247656614781, 8.009222092887557 ], [ 93.391578562881733, 7.993031165582282 ], [ 93.401661889637921, 7.962817181659532 ], [ 93.411643090522716, 7.959869326025323 ], [ 93.420324369004234, 7.968513169748794 ], [ 93.452385110340458, 7.936232464455401 ], [ 93.464247877503581, 7.894038848890834 ], [ 93.453724517293693, 7.874987628983217 ], [ 93.443060224890431, 7.875329109885279 ], [ 93.434076696553447, 7.897545428724974 ], [ 93.415663514949827, 7.907685999727228 ], [ 93.386642659060371, 7.902262020423261 ], [ 93.368047096097868, 7.883407844208258 ], [ 93.341771147661902, 7.892966645117391 ], [ 93.332233657035289, 7.919006639852357 ], [ 93.353504908665414, 7.933762084877775 ], [ 93.35324150914937, 7.958944471510095 ], [ 93.349908255490419, 7.961168449514313 ], [ 93.325859972652239, 7.950585436950434 ], [ 93.330010022178215, 7.941810710603216 ], [ 93.336313115149622, 7.94651369904163 ], [ 93.333348167163905, 7.933573829639934 ], [ 93.322668688740777, 7.936374991769813 ], [ 93.320570190999433, 7.92528880735405 ], [ 93.31024400111292, 7.932475203485745 ], [ 93.301179555230092, 7.961788088355593 ], [ 93.313871441349335, 7.976986390753201 ], [ 93.318457564555274, 8.004074876537924 ], [ 93.338795145008305, 8.017380955665981 ], [ 93.346158351524608, 8.008908858095335 ], [ 93.371472692076466, 8.021679743253873 ] ] ], [ [ [ 93.700101392579001, 7.445445947631919 ], [ 93.708865362779093, 7.404441745956118 ], [ 93.743207482678827, 7.377035748309402 ], [ 93.743222000352134, 7.362094932962668 ], [ 93.728826180818814, 7.347905764466122 ], [ 93.71317839454538, 7.311935979796542 ], [ 93.674466566371436, 7.292911460565745 ], [ 93.656940935539879, 7.259241182143819 ], [ 93.636157447549493, 7.244170046911246 ], [ 93.617525156966593, 7.26625143494222 ], [ 93.62293154982477, 7.288885109961798 ], [ 93.608873872334073, 7.311256254373744 ], [ 93.631306960935206, 7.334233458233808 ], [ 93.621122716541691, 7.338425724668246 ], [ 93.620766091662119, 7.372988788671396 ], [ 93.63796192130846, 7.370342665799764 ], [ 93.652996064818055, 7.383478367617066 ], [ 93.65618973914647, 7.366307520712853 ], [ 93.671015020759256, 7.389054216268345 ], [ 93.686043567764614, 7.396201580788451 ], [ 93.700699796322354, 7.393448223995059 ], [ 93.69476257638641, 7.384437688351045 ], [ 93.707087037181381, 7.384307667511854 ], [ 93.703825530167535, 7.402957780574524 ], [ 93.691025300038532, 7.404417182363719 ], [ 93.697652205127142, 7.421071833520297 ], [ 93.692498272999771, 7.445346952412871 ], [ 93.700101392579001, 7.445445947631919 ] ] ], [ [ [ 93.512043636018888, 8.234794987694972 ], [ 93.534013663752305, 8.228308511305034 ], [ 93.535928918650455, 8.20306808874887 ], [ 93.525584454336126, 8.196139278668294 ], [ 93.528189824679913, 8.192536693053169 ], [ 93.524689866162106, 8.178918390763739 ], [ 93.518215224615858, 8.177759196803366 ], [ 93.525377670242534, 8.187345801024689 ], [ 93.512471794642863, 8.17408188557433 ], [ 93.506481285745892, 8.178352437330165 ], [ 93.51693379582936, 8.18540844781479 ], [ 93.519056319911286, 8.189731177346889 ], [ 93.503568057364362, 8.17905679310474 ], [ 93.492147560459969, 8.158946574205187 ], [ 93.497059836792758, 8.16061662518892 ], [ 93.496909699562693, 8.150947235348495 ], [ 93.491659673751087, 8.151382808220085 ], [ 93.488086493554462, 8.144755783003328 ], [ 93.493442062428798, 8.148362156894279 ], [ 93.502027712553399, 8.139316033804535 ], [ 93.514807903963387, 8.107152741041066 ], [ 93.539270005618675, 8.083112265525974 ], [ 93.53802955258557, 8.051686103651511 ], [ 93.531824685000586, 8.050065822194655 ], [ 93.539742987480395, 8.037390475872277 ], [ 93.520484145343019, 8.052124005820753 ], [ 93.51428419423759, 8.033730221012275 ], [ 93.512331112181158, 8.042821473323889 ], [ 93.497618802698497, 8.036210901244793 ], [ 93.501171882192338, 8.017607867079404 ], [ 93.495553972017376, 8.018517910536413 ], [ 93.491044592784476, 7.99934988434076 ], [ 93.482329024710225, 8.002110562270689 ], [ 93.477527145935966, 8.016158130557619 ], [ 93.47616813774323, 8.046368656601771 ], [ 93.500906430924175, 8.038852448032756 ], [ 93.493614498539188, 8.057762319068289 ], [ 93.50169055686095, 8.069297820543655 ], [ 93.501470333970758, 8.04846903753036 ], [ 93.517104488309755, 8.053289364217857 ], [ 93.515550444190723, 8.062945890832719 ], [ 93.52411036836223, 8.062035323555051 ], [ 93.520039845790023, 8.068051616058673 ], [ 93.526454478977001, 8.066240622357437 ], [ 93.5281958245277, 8.06843837470776 ], [ 93.515626014065688, 8.068470674101722 ], [ 93.514295133022799, 8.074777151789363 ], [ 93.525234918062424, 8.081471731327357 ], [ 93.502565117095727, 8.087011775543242 ], [ 93.502500515650368, 8.07581752597479 ], [ 93.481752834507219, 8.064619453705481 ], [ 93.482493641884346, 8.052289973469001 ], [ 93.475580023303124, 8.053137032349269 ], [ 93.470829335923668, 8.088114115954067 ], [ 93.480140451996974, 8.092393532726314 ], [ 93.467014748765791, 8.092667792161976 ], [ 93.456773075076171, 8.107305004498476 ], [ 93.448788443690717, 8.135387743717873 ], [ 93.454038744386821, 8.137014414765483 ], [ 93.450589066372089, 8.131481090531347 ], [ 93.457308362289368, 8.127957797051147 ], [ 93.458135080048692, 8.132040285073385 ], [ 93.45552735611885, 8.138338841864108 ], [ 93.460740067710205, 8.134024565469689 ], [ 93.463899724635439, 8.140493739038154 ], [ 93.447038771655656, 8.144765057924932 ], [ 93.445051128715292, 8.167430260829848 ], [ 93.449696042165002, 8.179926036457253 ], [ 93.479998175025656, 8.197085830821354 ], [ 93.48287729168095, 8.221843102216832 ], [ 93.513923549397092, 8.229980611191296 ], [ 93.512043636018888, 8.234794987694972 ] ] ], [ [ [ 92.772937322167749, 9.258511571754307 ], [ 92.818481056368057, 9.207393337560212 ], [ 92.829038310013601, 9.167688620949352 ], [ 92.82644983428537, 9.139881482694708 ], [ 92.793515631354026, 9.121714348516564 ], [ 92.766997825002534, 9.130013943191718 ], [ 92.72817698087897, 9.126463874037579 ], [ 92.716049676034331, 9.155360481382578 ], [ 92.720399795645463, 9.218329218934073 ], [ 92.763587645910846, 9.216068013974585 ], [ 92.776038947925642, 9.244207324398928 ], [ 92.772937322167749, 9.258511571754307 ] ] ], [ [ [ 92.635612470148914, 11.51217813582171 ], [ 92.644512242263744, 11.511212077755614 ], [ 92.642591619931764, 11.49706389347182 ], [ 92.667893234051007, 11.489128290187914 ], [ 92.684554624493813, 11.436107793789327 ], [ 92.682939852464926, 11.426810025056275 ], [ 92.671269793693156, 11.426784986889903 ], [ 92.672949831022365, 11.417816590129366 ], [ 92.645820959173619, 11.406485017914163 ], [ 92.687358043713346, 11.390710577942212 ], [ 92.690433079338831, 11.375006608684815 ], [ 92.663850915883785, 11.353748116500432 ], [ 92.650709193894443, 11.357564651357624 ], [ 92.63720460642925, 11.34681186132706 ], [ 92.598402338567425, 11.346643698338122 ], [ 92.580397169969231, 11.368727457853227 ], [ 92.591633063981021, 11.3789537185013 ], [ 92.586426004589455, 11.400704456924181 ], [ 92.622340058557114, 11.405177458117691 ], [ 92.621744177283048, 11.431923635875103 ], [ 92.627796981649993, 11.434649329545749 ], [ 92.610132122729169, 11.458371087264277 ], [ 92.617573074840038, 11.491961040817262 ], [ 92.635612470148914, 11.51217813582171 ] ] ], [ [ [ 92.694680428088191, 12.991308808040262 ], [ 92.709810089461925, 12.988090526075391 ], [ 92.713554186717772, 12.983543816668618 ], [ 92.711586306713656, 12.982364463333381 ], [ 92.712719889872361, 12.980348672324228 ], [ 92.708761309961005, 12.980000932385639 ], [ 92.708641458532412, 12.9793953710954 ], [ 92.709931788725072, 12.978744504620014 ], [ 92.709811859143045, 12.97804852868637 ], [ 92.719116183952821, 12.980917605408251 ], [ 92.716776410404236, 12.950495232382604 ], [ 92.709643871489959, 12.945992177356182 ], [ 92.721315063037295, 12.944526836574093 ], [ 92.720370314734467, 12.924921448591437 ], [ 92.713893104006488, 12.92275723133463 ], [ 92.719620538577502, 12.919932013834753 ], [ 92.720511168774394, 12.889560887545477 ], [ 92.71806575694167, 12.881281439229266 ], [ 92.707173833242038, 12.883894552458642 ], [ 92.705750483217059, 12.883011079852654 ], [ 92.703695762176125, 12.880001143342103 ], [ 92.703881798779889, 12.87720355101008 ], [ 92.702917140217096, 12.878152732681766 ], [ 92.701583674721135, 12.877610398265308 ], [ 92.703987728118193, 12.87696858489266 ], [ 92.707800068589535, 12.883392812208196 ], [ 92.718633217316736, 12.875398376349134 ], [ 92.699896612566434, 12.840599376712833 ], [ 92.670949582023638, 12.837590615774797 ], [ 92.677987808612855, 12.831946206715545 ], [ 92.674448459868145, 12.822613217190641 ], [ 92.683467397997006, 12.829743293758591 ], [ 92.687911797593856, 12.816941765848632 ], [ 92.674316359910662, 12.808028571791118 ], [ 92.667231864694429, 12.782982797082187 ], [ 92.657565784726472, 12.795295164322239 ], [ 92.665052495221289, 12.81169074169404 ], [ 92.646975236821532, 12.861719532779668 ], [ 92.663990223024797, 12.881805290920504 ], [ 92.678865702495628, 12.942153013836496 ], [ 92.679360510723782, 12.948493826371196 ], [ 92.667934474807382, 12.957154294271692 ], [ 92.670299582643622, 12.965849858271987 ], [ 92.682173317338055, 12.984911329451766 ], [ 92.694680428088191, 12.991308808040262 ] ], [ [ 92.688228687293474, 12.987548545237065 ], [ 92.685523528494642, 12.986287639752435 ], [ 92.684772439000767, 12.984994974751913 ], [ 92.688228687293474, 12.987548545237065 ] ], [ [ 92.682908359327726, 12.984269504874963 ], [ 92.681240493272298, 12.980789530757518 ], [ 92.681351085765229, 12.979740975995631 ], [ 92.682908359327726, 12.984269504874963 ] ], [ [ 92.662667188765923, 12.794615610783822 ], [ 92.660890051639328, 12.794981399994381 ], [ 92.660917632613504, 12.79487747289342 ], [ 92.662667188765923, 12.794615610783822 ] ], [ [ 92.659840312737671, 12.79574067527108 ], [ 92.660590750054666, 12.794981429778669 ], [ 92.66069208091703, 12.795483088096887 ], [ 92.659840312737671, 12.79574067527108 ] ] ], [ [ [ 92.966516549367228, 12.041074624865441 ], [ 92.973008043308226, 12.048489466829233 ], [ 92.993956857243504, 12.03856435886833 ], [ 93.007743366587604, 12.019671455883342 ], [ 93.005424175238801, 12.002181408173653 ], [ 93.05266972282908, 11.903367127557576 ], [ 93.043699441947595, 11.884442065045233 ], [ 93.023857517732353, 11.889827447075675 ], [ 92.99438816086932, 11.951838415045568 ], [ 92.972825092417466, 11.948732303756623 ], [ 92.959656137101945, 11.980829946453072 ], [ 92.932973105416906, 11.984953756903366 ], [ 92.925247996418761, 11.995434767720383 ], [ 92.927894162852866, 12.005942951618938 ], [ 92.948869994518631, 12.013675962171904 ], [ 92.963691575072446, 12.050784312476113 ], [ 92.966516549367228, 12.041074624865441 ] ] ], [ [ [ 93.116882477029279, 8.356393417279859 ], [ 93.132916778725075, 8.345607902744636 ], [ 93.116586504601059, 8.275864071182255 ], [ 93.147211362617426, 8.242087883002089 ], [ 93.193115893473504, 8.21789617549649 ], [ 93.190580344685159, 8.19704632287784 ], [ 93.1523278332008, 8.20342034895266 ], [ 93.112054249769429, 8.225157369890761 ], [ 93.076842099838942, 8.273833189918061 ], [ 93.074137232992598, 8.296728452238694 ], [ 93.08540842720177, 8.339739041537797 ], [ 93.116882477029279, 8.356393417279859 ] ] ], [ [ [ 93.071901881409261, 12.21027144449566 ], [ 93.076245391216531, 12.20463058465192 ], [ 93.067062578820284, 12.197087590461773 ], [ 93.078240766854833, 12.199346268535519 ], [ 93.074207477654539, 12.196072266590329 ], [ 93.074203739764641, 12.19268620237631 ], [ 93.080391305797264, 12.198316020605709 ], [ 93.086319609055721, 12.192485489303223 ], [ 93.079479811329591, 12.186150411297145 ], [ 93.085480534071323, 12.184316281521758 ], [ 93.078244153503462, 12.1851193894411 ], [ 93.065566738345126, 12.173092050085955 ], [ 93.075360118572007, 12.180082552868059 ], [ 93.086736927709154, 12.174122191368273 ], [ 93.08835281005571, 12.180487765523017 ], [ 93.083612974324893, 12.151162158455344 ], [ 93.082073872782289, 12.151776757530502 ], [ 93.082156895979168, 12.15013139953072 ], [ 93.078904343372088, 12.150316378428652 ], [ 93.077705636846829, 12.148874281515607 ], [ 93.080200695870374, 12.14620762393754 ], [ 93.087490185736172, 12.151682333080133 ], [ 93.094143628854894, 12.142949714602839 ], [ 93.080917885640403, 12.121549768003534 ], [ 93.082485685661368, 12.114552591517146 ], [ 93.091078894210753, 12.119900816440627 ], [ 93.081113849526361, 12.107098549108413 ], [ 93.089312599749661, 12.107809021352237 ], [ 93.090072030999295, 12.09912568527122 ], [ 93.083857310692295, 12.100571597131374 ], [ 93.085622970942794, 12.090835145001563 ], [ 93.074169935262205, 12.083596848422191 ], [ 93.056562593672396, 12.108929949752316 ], [ 93.063632561333861, 12.122089752197546 ], [ 93.070909609532947, 12.118054325484156 ], [ 93.066693897651277, 12.13163704297888 ], [ 93.058340744996912, 12.122576975944124 ], [ 93.047369872858567, 12.127533388523803 ], [ 93.048470472574991, 12.119247992490738 ], [ 93.035755565329964, 12.132281272771865 ], [ 93.055999818909811, 12.19366664644379 ], [ 93.071901881409261, 12.21027144449566 ] ] ], [ [ [ 92.217554142102628, 11.594002926053271 ], [ 92.268144513652715, 11.585604936365621 ], [ 92.268063124491349, 11.523013886994088 ], [ 92.258962574418945, 11.517798538466565 ], [ 92.249370628818113, 11.525804245867642 ], [ 92.211597207739416, 11.529980173381315 ], [ 92.204526765767497, 11.549969328802293 ], [ 92.211881423915514, 11.573852535018299 ], [ 92.203970794844892, 11.587013181177532 ], [ 92.217554142102628, 11.594002926053271 ] ] ], [ [ [ 93.536865053906354, 8.028030605561401 ], [ 93.553716156859039, 8.025714305229226 ], [ 93.572604698164923, 7.993862577370324 ], [ 93.567550125097895, 7.931217656663022 ], [ 93.528794299237973, 7.959580246826065 ], [ 93.531217952077895, 7.969603550299089 ], [ 93.522479145485576, 7.965939104040987 ], [ 93.498515748051815, 7.986130075640124 ], [ 93.49693292011446, 7.998534656232431 ], [ 93.512515238068332, 7.992911588905984 ], [ 93.521785028045301, 8.00725127408956 ], [ 93.521915430186894, 8.026426637617854 ], [ 93.543712823282277, 7.990009193231707 ], [ 93.544923756776868, 8.015128162965429 ], [ 93.536865053906354, 8.028030605561401 ] ] ], [ [ [ 92.985536257281012, 12.110569664140122 ], [ 93.005171865424956, 12.103585019323576 ], [ 93.004756577862352, 12.048277957962158 ], [ 92.995354378907436, 12.041754782235847 ], [ 92.961437061525771, 12.063784259163922 ], [ 92.954191319614367, 12.079990316855589 ], [ 92.961133124634216, 12.086365701337799 ], [ 92.955462079110205, 12.089156252659221 ], [ 92.958018749087515, 12.110575158049652 ], [ 92.971217702743601, 12.106322015268956 ], [ 92.977124726709619, 12.107106272301731 ], [ 92.985536257281012, 12.110569664140122 ] ] ], [ [ [ 93.026701146442335, 12.144352314431812 ], [ 93.020362028333068, 12.143450784789287 ], [ 93.033323559954525, 12.125491150756297 ], [ 93.023167738256603, 12.113613323639489 ], [ 93.032855428097037, 12.10089617924708 ], [ 93.028151444129193, 12.102476893276119 ], [ 93.022645980569919, 12.098519917996153 ], [ 93.032157495511768, 12.100339984282293 ], [ 93.039190819096191, 12.084380810212108 ], [ 93.050095775553942, 12.079537751014174 ], [ 93.042234262769753, 12.076046196899217 ], [ 93.051954686320812, 12.068906465988315 ], [ 93.04400400496489, 12.045787823288622 ], [ 93.023957307983991, 12.071583913402748 ], [ 93.006014718723449, 12.079433854420058 ], [ 93.008294177587217, 12.104888525290816 ], [ 93.003747988088904, 12.139720152337205 ], [ 93.026117815531109, 12.166542135563107 ], [ 93.026701146442335, 12.144352314431812 ] ] ], [ [ [ 92.952110507005983, 12.147088445011006 ], [ 92.996891132253864, 12.157349811507139 ], [ 93.00280482980412, 12.112059613529908 ], [ 92.984379440994104, 12.112002937421776 ], [ 92.977391569468125, 12.108136701331462 ], [ 92.95703876167272, 12.118860390387269 ], [ 92.952110507005983, 12.147088445011006 ] ] ], [ [ [ 92.734718289097415, 12.239593717545429 ], [ 92.729423075332093, 12.214425019601098 ], [ 92.73221489280975, 12.209696227247958 ], [ 92.739081196226635, 12.223017839738976 ], [ 92.742248112437679, 12.204761021247831 ], [ 92.738797586413341, 12.236188648604596 ], [ 92.743991171075635, 12.227874538337229 ], [ 92.753733715640564, 12.230337234244715 ], [ 92.75244829923254, 12.217613277859511 ], [ 92.760926345559156, 12.228581924002469 ], [ 92.762963091311263, 12.18290490623334 ], [ 92.759480741569647, 12.192571562144318 ], [ 92.746459171944508, 12.180171430850617 ], [ 92.732507531589945, 12.184529812825248 ], [ 92.728391554264363, 12.19768404315268 ], [ 92.722354993234376, 12.188330235607266 ], [ 92.720750093690498, 12.233235078916685 ], [ 92.729140561463424, 12.242592518585239 ], [ 92.734718289097415, 12.239593717545429 ] ] ], [ [ [ 93.055115487699737, 13.378755549792297 ], [ 93.069557454587496, 13.347592588090965 ], [ 93.088667628240287, 13.335976503043645 ], [ 93.07421386287956, 13.32959683042589 ], [ 93.064007177671954, 13.304090259554874 ], [ 93.059195930367622, 13.329913985213757 ], [ 93.038743982700822, 13.322762043257372 ], [ 93.045736482347124, 13.348155336335983 ], [ 93.038291230899318, 13.361824431846239 ], [ 93.049561892407539, 13.365407679730261 ], [ 93.03619187167358, 13.371988146146814 ], [ 93.055115487699737, 13.378755549792297 ] ] ], [ [ [ 92.93324655348772, 12.310915272478876 ], [ 92.932283618791956, 12.288466389243942 ], [ 92.941211813602393, 12.276420265154638 ], [ 92.921821090696469, 12.229176552505677 ], [ 92.915135221989246, 12.232395904461461 ], [ 92.919721973117561, 12.26915039863718 ], [ 92.911332572543188, 12.262986544800439 ], [ 92.913688063914293, 12.273501822744988 ], [ 92.900365318818785, 12.271700422503571 ], [ 92.900774109765251, 12.28824898071589 ], [ 92.912312234767867, 12.292743729632504 ], [ 92.92739495647308, 12.278100242204289 ], [ 92.93324655348772, 12.310915272478876 ] ] ], [ [ [ 92.899788895053817, 12.255877125767123 ], [ 92.914467063165731, 12.219862415652772 ], [ 92.907129446956944, 12.228573325528201 ], [ 92.903558186460074, 12.222548811399259 ], [ 92.889956361755267, 12.228132231500657 ], [ 92.878394131360295, 12.2077482422013 ], [ 92.869644253032106, 12.245539050167654 ], [ 92.877020377322168, 12.249087023797765 ], [ 92.878633381466571, 12.238153415973468 ], [ 92.883297895257456, 12.238180330661862 ], [ 92.886775200958766, 12.252533972050175 ], [ 92.899788895053817, 12.255877125767123 ] ] ], [ [ [ 93.603123305246129, 8.577724341151738 ], [ 93.612017514992743, 8.533157191024291 ], [ 93.625892176913979, 8.524124177743332 ], [ 93.621786600282746, 8.507243234578883 ], [ 93.63195287298069, 8.468131573216825 ], [ 93.616740477667605, 8.468376094333539 ], [ 93.612372050390974, 8.423828644032548 ], [ 93.609620169315917, 8.480271352491508 ], [ 93.620046925598473, 8.488721411592516 ], [ 93.601171445796808, 8.54535451225261 ], [ 93.603123305246129, 8.577724341151738 ] ] ], [ [ [ 92.954468005213428, 12.434310202744232 ], [ 92.957959440515822, 12.417809336820929 ], [ 92.943284660849145, 12.404137265748707 ], [ 92.929985399511793, 12.358483401443642 ], [ 92.917661264805247, 12.374130795940941 ], [ 92.927700680113716, 12.385956081822453 ], [ 92.924720570362624, 12.404079105618173 ], [ 92.936426684814919, 12.42156870966388 ], [ 92.947151059239317, 12.415343735931756 ], [ 92.954468005213428, 12.434310202744232 ] ] ], [ [ [ 93.011378147856533, 11.849703761885296 ], [ 93.03592656683081, 11.836076160799443 ], [ 93.062096714387565, 11.844346810675509 ], [ 93.070421405718747, 11.835679046916679 ], [ 93.059508487492621, 11.816895470083013 ], [ 93.047661175843942, 11.813025293029126 ], [ 93.014598344943721, 11.830203453875457 ], [ 93.011378147856533, 11.849703761885296 ] ] ], [ [ [ 92.707361487711637, 12.830016583846925 ], [ 92.713858489223625, 12.828176796234221 ], [ 92.711099238369982, 12.777160498292034 ], [ 92.724682423032647, 12.748316622276905 ], [ 92.721822244660217, 12.742626964068799 ], [ 92.719995625632833, 12.750726237177179 ], [ 92.717148748614775, 12.756313754906554 ], [ 92.716443651965108, 12.719141544279218 ], [ 92.707193657263716, 12.731668434382932 ], [ 92.70827662484777, 12.774688469242248 ], [ 92.693556733584117, 12.797607323165135 ], [ 92.707361487711637, 12.830016583846925 ] ] ], [ [ [ 93.570215676277527, 8.127162791881238 ], [ 93.578006899484009, 8.11409388264372 ], [ 93.580725997441093, 8.099175037991827 ], [ 93.572447106714662, 8.096926731082668 ], [ 93.575804961635981, 8.090191021025024 ], [ 93.58093961591733, 8.095531151798829 ], [ 93.580561773729045, 8.069941133852215 ], [ 93.590552953100001, 8.050346509159414 ], [ 93.583641405135523, 8.039842897893161 ], [ 93.564050888825577, 8.063057812877318 ], [ 93.566512132566885, 8.074609925960647 ], [ 93.579469322630558, 8.06426675932406 ], [ 93.573001846945303, 8.087125295363155 ], [ 93.560398150234136, 8.096757154075023 ], [ 93.566744264422809, 8.099981888685345 ], [ 93.565848220079758, 8.116239264503445 ], [ 93.574517641697838, 8.118496768332724 ], [ 93.561727853585666, 8.122952175106551 ], [ 93.560627553906556, 8.109113136874914 ], [ 93.553217340348056, 8.119830920696067 ], [ 93.570215676277527, 8.127162791881238 ] ] ], [ [ [ 93.104078787488092, 12.250345070231257 ], [ 93.09905835669008, 12.204594371910481 ], [ 93.091585560200699, 12.213887800766708 ], [ 93.093326221235159, 12.218440513229748 ], [ 93.093752913808601, 12.222088837449469 ], [ 93.092571010270746, 12.22750449718049 ], [ 93.089399748010351, 12.230691057024709 ], [ 93.099370764694754, 12.234463038406435 ], [ 93.102360711896537, 12.245638749702362 ], [ 93.080256445316905, 12.225571700827556 ], [ 93.062256121333036, 12.229843799304419 ], [ 93.072658951886311, 12.261252805594408 ], [ 93.074600350454162, 12.255608507708537 ], [ 93.082004660284625, 12.260602791782658 ], [ 93.080579375288536, 12.240422469611829 ], [ 93.082013638945867, 12.238090065749676 ], [ 93.092711387305229, 12.239140939536561 ], [ 93.101131707891696, 12.261058451736231 ], [ 93.104078787488092, 12.250345070231257 ] ] ], [ [ [ 92.535823843549537, 11.606420815300549 ], [ 92.549234487897294, 11.587752770006752 ], [ 92.56815911722309, 11.589620010678484 ], [ 92.559497153418491, 11.58436284133726 ], [ 92.564440644410737, 11.573541143318275 ], [ 92.528971301424491, 11.554973955440488 ], [ 92.53467365413448, 11.565742072512386 ], [ 92.531317519486933, 11.595539872491409 ], [ 92.535823843549537, 11.606420815300549 ] ] ], [ [ [ 93.020401096963099, 13.670777766102821 ], [ 93.027821580061897, 13.628420759873126 ], [ 93.018305620256029, 13.632199453183899 ], [ 93.01218447655387, 13.648940988671484 ], [ 93.000199542105335, 13.652975457927665 ], [ 92.985721065887773, 13.64238368268483 ], [ 92.976125968996939, 13.653671709878811 ], [ 92.980912587191156, 13.657209989113202 ], [ 92.98368313705447, 13.649552713116568 ], [ 92.983389355617206, 13.663166818833627 ], [ 92.985760813644148, 13.657683660831264 ], [ 92.99500419494845, 13.664721392557533 ], [ 93.011577195658845, 13.663154153141111 ], [ 93.011640135220915, 13.656908403400884 ], [ 93.018294411976242, 13.668919391653034 ], [ 93.007401796573845, 13.667707705925476 ], [ 93.020401096963099, 13.670777766102821 ] ] ], [ [ [ 92.703523653052542, 12.299863249021344 ], [ 92.723041981644556, 12.291047563402477 ], [ 92.709811810634022, 12.229658999651344 ], [ 92.698805045410154, 12.274381104792075 ], [ 92.703523653052542, 12.299863249021344 ] ] ], [ [ [ 92.887413126083018, 12.408020537337695 ], [ 92.893245412014025, 12.399542530689116 ], [ 92.881919584065884, 12.388561582973763 ], [ 92.883810444314193, 12.376390782479161 ], [ 92.878490101975387, 12.384660130200261 ], [ 92.866276079163129, 12.377667475106975 ], [ 92.860793407659216, 12.391980326579935 ], [ 92.843782499807375, 12.395295395937913 ], [ 92.850884399882261, 12.408539957212801 ], [ 92.88084381827548, 12.398378354913254 ], [ 92.887413126083018, 12.408020537337695 ] ] ], [ [ [ 93.005277777695269, 12.99681145635579 ], [ 92.969497298718807, 12.962203826289054 ], [ 92.986425892144553, 12.956436052285268 ], [ 92.978229086773808, 12.932945256672092 ], [ 92.969030907796324, 12.944167207365302 ], [ 92.974634197890069, 12.944288015052855 ], [ 92.971015788417205, 12.955133469137703 ], [ 92.954330642925029, 12.958811745447795 ], [ 92.953143849857071, 12.967468645267576 ], [ 92.961501964805066, 12.962237056530533 ], [ 92.964591489357773, 12.969057871713337 ], [ 92.951059357749301, 12.980519564573481 ], [ 92.959840998709339, 12.9887680175294 ], [ 92.971742847078914, 12.966339573661871 ], [ 92.988372229649826, 12.984683934050262 ], [ 92.984564305296416, 12.993979077738462 ], [ 93.005277777695269, 12.99681145635579 ] ] ], [ [ [ 93.229317475705713, 8.26139600688696 ], [ 93.240758652726214, 8.23038509151846 ], [ 93.228840189117136, 8.224479791201873 ], [ 93.210643706312879, 8.249231457314108 ], [ 93.218395593191346, 8.263404945300781 ], [ 93.229317475705713, 8.26139600688696 ] ] ], [ [ [ 92.921357195293865, 13.02873738199718 ], [ 92.938933313241009, 13.024950542194278 ], [ 92.942181920447382, 12.997052048959864 ], [ 92.916586636281977, 13.007533382513953 ], [ 92.921357195293865, 13.02873738199718 ] ] ], [ [ [ 92.857781818245627, 12.334826168626758 ], [ 92.870806804163792, 12.328693978562487 ], [ 92.886103047327197, 12.332291019904714 ], [ 92.899948451119627, 12.323497041893173 ], [ 92.890181195697849, 12.316905161084383 ], [ 92.885081058282978, 12.322767956651907 ], [ 92.877635740359807, 12.312872452414354 ], [ 92.871536387091467, 12.318325944217955 ], [ 92.858095168583034, 12.314078992014492 ], [ 92.861707781227352, 12.321140462719981 ], [ 92.860144703649851, 12.320119231641256 ], [ 92.858308975705498, 12.3298161936267 ], [ 92.854901194217291, 12.332062701510752 ], [ 92.856312781701945, 12.33328740569646 ], [ 92.857073188521952, 12.340091559453656 ], [ 92.858401309940291, 12.33869039027371 ], [ 92.857152837646623, 12.337203486380249 ], [ 92.857781818245627, 12.334826168626758 ] ] ], [ [ [ 93.048069723346941, 8.441348395748422 ], [ 93.026500795184532, 8.450691287883416 ], [ 93.033050269088918, 8.471867035711623 ], [ 93.047319761238754, 8.460090224052001 ], [ 93.048069723346941, 8.441348395748422 ] ] ], [ [ [ 92.595513264985541, 11.976219643326138 ], [ 92.607981388852352, 11.943303910156356 ], [ 92.605364875805762, 11.936505521911341 ], [ 92.601973275670787, 11.936875442644908 ], [ 92.597798220640541, 11.928098452769468 ], [ 92.595214759308206, 11.962576859172408 ], [ 92.587417585661285, 11.973611209140365 ], [ 92.595513264985541, 11.976219643326138 ] ] ], [ [ [ 92.761626551780424, 11.965922367864998 ], [ 92.765528595321058, 11.955119274408357 ], [ 92.759379492453959, 11.949263435507813 ], [ 92.744524089431422, 11.945426440690541 ], [ 92.735332225610364, 11.952043640306204 ], [ 92.742166886769681, 11.961940667374046 ], [ 92.761626551780424, 11.965922367864998 ] ] ], [ [ [ 92.704901642647201, 11.26390121967645 ], [ 92.686426814157201, 11.243633808007582 ], [ 92.696867470970489, 11.262156990629201 ], [ 92.692186651858862, 11.280712148123699 ], [ 92.704553000197237, 11.289684296552133 ], [ 92.704901642647201, 11.26390121967645 ] ] ], [ [ [ 92.841394348387468, 13.442197209471871 ], [ 92.834175376271503, 13.420479966991284 ], [ 92.821829708049293, 13.42119804415363 ], [ 92.82473011837007, 13.438978209014055 ], [ 92.841394348387468, 13.442197209471871 ] ] ], [ [ [ 92.779817720151456, 12.859113178961289 ], [ 92.784658754692288, 12.832197932007881 ], [ 92.783419390417293, 12.82443823477357 ], [ 92.773353212499899, 12.830862257633507 ], [ 92.774664461760551, 12.841401313625431 ], [ 92.767372319169766, 12.851734887203527 ], [ 92.769055924607272, 12.863164307033783 ], [ 92.779817720151456, 12.859113178961289 ] ] ], [ [ [ 92.726116888810949, 12.865371078947636 ], [ 92.719817610086253, 12.840281755522774 ], [ 92.711160861001844, 12.832045604238818 ], [ 92.713396982441367, 12.855537939382256 ], [ 92.726116888810949, 12.865371078947636 ] ] ], [ [ [ 92.791097354032743, 12.915288696423762 ], [ 92.800245752868761, 12.897520778716286 ], [ 92.791532720738573, 12.892055739153118 ], [ 92.78177865258516, 12.8958816035464 ], [ 92.78829707981501, 12.904758539202096 ], [ 92.777817920310341, 12.902537472785161 ], [ 92.773459602673938, 12.911281033241247 ], [ 92.791097354032743, 12.915288696423762 ] ] ], [ [ [ 92.591531115077743, 11.577608130958829 ], [ 92.596664300613597, 11.549056989059276 ], [ 92.594480605752366, 11.533077725375778 ], [ 92.587191000902251, 11.533837833571095 ], [ 92.583234989274246, 11.548673976596573 ], [ 92.593005597208673, 11.550160351906218 ], [ 92.586270479264314, 11.553958061271207 ], [ 92.591531115077743, 11.577608130958829 ] ] ], [ [ [ 92.613395151489101, 11.583196890720917 ], [ 92.613772762810356, 11.562918494326594 ], [ 92.604452418344138, 11.574320303955908 ], [ 92.599692152228798, 11.567454507161546 ], [ 92.600890757244386, 11.585752764392172 ], [ 92.613395151489101, 11.583196890720917 ] ] ], [ [ [ 92.718754616542554, 13.098388126041314 ], [ 92.702900202482397, 13.081144082841822 ], [ 92.705538607472477, 13.071243066946179 ], [ 92.699933873786108, 13.070996768558448 ], [ 92.695295609666104, 13.096088546647577 ], [ 92.718754616542554, 13.098388126041314 ] ] ], [ [ [ 92.722980485675151, 11.318544235485257 ], [ 92.707672706346855, 11.299455357649311 ], [ 92.695451611996688, 11.309760195474293 ], [ 92.711185098446521, 11.313562075260283 ], [ 92.721199235162871, 11.333502327861991 ], [ 92.722980485675151, 11.318544235485257 ] ] ], [ [ [ 92.761130618861486, 12.293902750895336 ], [ 92.763750872492921, 12.265159383966358 ], [ 92.752088149363786, 12.277866416979572 ], [ 92.761130618861486, 12.293902750895336 ] ] ], [ [ [ 93.066021287675539, 13.651942963347974 ], [ 93.054862819458066, 13.644808399362445 ], [ 93.045766610045106, 13.621246089793187 ], [ 93.042466551830856, 13.637799429514924 ], [ 93.05625594836026, 13.653883674444218 ], [ 93.066021287675539, 13.651942963347974 ] ] ], [ [ [ 92.748070360593701, 12.288854429661683 ], [ 92.740749409031721, 12.255627212786012 ], [ 92.732625661846456, 12.246496273529582 ], [ 92.739116872818116, 12.283289614597408 ], [ 92.748070360593701, 12.288854429661683 ] ] ], [ [ [ 92.718878958649228, 11.93455091669083 ], [ 92.723667160573271, 11.909831342404933 ], [ 92.717881740648977, 11.902510141160221 ], [ 92.714777225909103, 11.925778028228079 ], [ 92.718878958649228, 11.93455091669083 ] ] ], [ [ [ 92.935054762441666, 12.223993916100598 ], [ 92.938747487741338, 12.215834636145733 ], [ 92.931707370198424, 12.214493931349804 ], [ 92.934914400678537, 12.212694270770976 ], [ 92.932185977310468, 12.196075325683935 ], [ 92.924116256602971, 12.215101221231208 ], [ 92.935054762441666, 12.223993916100598 ] ] ], [ [ [ 92.613620026754162, 11.553199737896678 ], [ 92.617279914138678, 11.559771694449008 ], [ 92.61580441870808, 11.535994832448226 ], [ 92.609270568303103, 11.531358033128425 ], [ 92.603725221341847, 11.550037017433043 ], [ 92.611577875839004, 11.540140742090623 ], [ 92.611076374263661, 11.560672328421683 ], [ 92.613620026754162, 11.553199737896678 ] ] ], [ [ [ 92.557967793206842, 11.540962842351158 ], [ 92.567481500936282, 11.527361079626189 ], [ 92.565345321563711, 11.517285189511471 ], [ 92.560421658186399, 11.517027518704428 ], [ 92.551701071224656, 11.531090172131996 ], [ 92.551718892003237, 11.53825495562308 ], [ 92.556427735856786, 11.533070247385115 ], [ 92.557967793206842, 11.540962842351158 ] ] ], [ [ [ 92.66810921509645, 12.533428410591753 ], [ 92.684130527153201, 12.539286645653867 ], [ 92.677248937105148, 12.521729385180793 ], [ 92.66810921509645, 12.533428410591753 ] ] ], [ [ [ 92.894982523804799, 13.601209066249844 ], [ 92.90225765499909, 13.596344382878822 ], [ 92.883764570047546, 13.574807700318788 ], [ 92.880897033574612, 13.581591632833288 ], [ 92.895426189147216, 13.600101763878486 ], [ 92.889724760803674, 13.597777462953257 ], [ 92.894982523804799, 13.601209066249844 ] ] ], [ [ [ 92.858170608202286, 12.929041512037932 ], [ 92.873283515097654, 12.931914817433634 ], [ 92.884632531258248, 12.923951226073392 ], [ 92.872233150968555, 12.929405778026107 ], [ 92.872298645339271, 12.916657986553675 ], [ 92.864042011272318, 12.917723376281481 ], [ 92.858170608202286, 12.929041512037932 ] ] ], [ [ [ 93.004859222061668, 13.30644092790048 ], [ 93.012682965179735, 13.302806411929208 ], [ 93.002280695175187, 13.304279275208696 ], [ 92.996369467093643, 13.300159250588946 ], [ 93.00768555191425, 13.320823634245542 ], [ 93.004859222061668, 13.30644092790048 ] ] ], [ [ [ 93.022653262313597, 13.328775819528069 ], [ 93.019663528910854, 13.316390900088283 ], [ 93.020938170027065, 13.303872213947344 ], [ 93.013709281408694, 13.308650710833254 ], [ 93.01598014070025, 13.327841880808618 ], [ 93.022653262313597, 13.328775819528069 ] ] ], [ [ [ 93.119753317505868, 12.148317924894945 ], [ 93.122923625755419, 12.140673575681006 ], [ 93.115418630053014, 12.130248344901089 ], [ 93.109197667353072, 12.141549201064462 ], [ 93.119753317505868, 12.148317924894945 ] ] ], [ [ [ 93.698335993738255, 7.23177450506564 ], [ 93.70981394958315, 7.213865629650955 ], [ 93.707408860428572, 7.208011063394192 ], [ 93.699853927379479, 7.212700624205125 ], [ 93.698335993738255, 7.23177450506564 ] ] ], [ [ [ 92.950477442582979, 12.084687563609483 ], [ 92.948408157156337, 12.09095722505792 ], [ 92.946859129229878, 12.116683547837166 ], [ 92.955797132744877, 12.101644574156369 ], [ 92.950477442582979, 12.084687563609483 ] ] ], [ [ [ 93.520689389724183, 7.52701724260421 ], [ 93.534168899819917, 7.519265078724477 ], [ 93.529473360914096, 7.51442211445175 ], [ 93.520689389724183, 7.52701724260421 ] ] ], [ [ [ 92.22216099303543, 10.984410440162597 ], [ 92.223707423034099, 10.978167685120235 ], [ 92.21337048570355, 10.975602662817687 ], [ 92.211041463192274, 10.981221740677782 ], [ 92.22216099303543, 10.984410440162597 ] ] ], [ [ [ 92.759832299951029, 12.859686582399183 ], [ 92.765531221994962, 12.849623952769655 ], [ 92.765161619154469, 12.836192844020056 ], [ 92.761026241812019, 12.843065326461129 ], [ 92.756865695471916, 12.845725918114157 ], [ 92.759832299951029, 12.859686582399183 ] ] ], [ [ [ 92.828922950161441, 12.426024306679428 ], [ 92.839966721483449, 12.42281228463926 ], [ 92.841819195821316, 12.415930727101822 ], [ 92.828922950161441, 12.426024306679428 ] ] ], [ [ [ 92.71641207528458, 12.788160695619853 ], [ 92.723308474060119, 12.767395043268142 ], [ 92.723845782482698, 12.762043868914356 ], [ 92.713756098349236, 12.77910372105722 ], [ 92.71641207528458, 12.788160695619853 ] ] ], [ [ [ 92.618235807839213, 10.931803317734296 ], [ 92.60749243045332, 10.930622461682951 ], [ 92.604751794488976, 10.937335001889462 ], [ 92.618235807839213, 10.931803317734296 ] ] ], [ [ [ 92.914621702752015, 12.355543632796167 ], [ 92.917034860574489, 12.350398479910673 ], [ 92.909663426388505, 12.338002330593071 ], [ 92.909098159699326, 12.350428758076461 ], [ 92.914621702752015, 12.355543632796167 ] ] ], [ [ [ 93.682557682254057, 7.401099688003368 ], [ 93.674710750923552, 7.400259024998461 ], [ 93.671107372960364, 7.409420217332449 ], [ 93.678614998031605, 7.411504333097079 ], [ 93.682557682254057, 7.401099688003368 ] ] ], [ [ [ 92.661200327043517, 10.981948839867464 ], [ 92.658570879155178, 10.989642767128789 ], [ 92.666069515683688, 10.991730698032413 ], [ 92.66792692985733, 10.985682211466237 ], [ 92.661200327043517, 10.981948839867464 ] ] ], [ [ [ 92.732037235690939, 11.959977138600655 ], [ 92.724403917446807, 11.941742391280929 ], [ 92.725275192542554, 11.955961729253536 ], [ 92.732037235690939, 11.959977138600655 ] ] ], [ [ [ 92.789857041136798, 12.889872683511291 ], [ 92.781319729357648, 12.884054838640704 ], [ 92.782369877891071, 12.892912634860316 ], [ 92.791109371694617, 12.891147311489943 ], [ 92.789857041136798, 12.889872683511291 ] ] ], [ [ [ 92.866009434033941, 12.235238259288209 ], [ 92.860613855095167, 12.24265525233089 ], [ 92.863954533329974, 12.250723290885619 ], [ 92.868297623623974, 12.248549281097535 ], [ 92.866009434033941, 12.235238259288209 ] ] ], [ [ [ 92.957530745597637, 12.948911373155278 ], [ 92.969307716464598, 12.945243023111887 ], [ 92.950114460326134, 12.940427557616269 ], [ 92.957530745597637, 12.948911373155278 ] ] ], [ [ [ 92.772189741493364, 12.932520764722113 ], [ 92.775532855060888, 12.927451079532222 ], [ 92.771746902601009, 12.91744926592991 ], [ 92.768656029677061, 12.924575188014177 ], [ 92.772189741493364, 12.932520764722113 ] ] ], [ [ [ 92.868256619124537, 12.41413067765423 ], [ 92.857742330102354, 12.417070247676762 ], [ 92.867490046268401, 12.420343290424197 ], [ 92.868256619124537, 12.41413067765423 ] ] ], [ [ [ 92.754053355083272, 12.914479688219954 ], [ 92.75528367152674, 12.892476277015742 ], [ 92.752083983875806, 12.889632704630127 ], [ 92.754053355083272, 12.914479688219954 ] ] ], [ [ [ 92.708308877061398, 12.691910392864946 ], [ 92.715139582040194, 12.689512796387609 ], [ 92.710494743150676, 12.680104663817865 ], [ 92.708308877061398, 12.691910392864946 ] ] ], [ [ [ 93.080122566695195, 11.778835419492395 ], [ 93.078240792905987, 11.78619841975935 ], [ 93.085072789662178, 11.788409523823956 ], [ 93.084891258109565, 11.785173121987247 ], [ 93.080122566695195, 11.778835419492395 ] ] ], [ [ [ 92.601445210014163, 11.53760631188614 ], [ 92.605185751738091, 11.532312445824557 ], [ 92.604831502902442, 11.521680578824563 ], [ 92.601445210014163, 11.53760631188614 ] ] ], [ [ [ 92.765205870165346, 12.869969197652136 ], [ 92.765536406172458, 12.856407269226267 ], [ 92.763220150518009, 12.855593152324861 ], [ 92.759974188850165, 12.868458276678583 ], [ 92.765205870165346, 12.869969197652136 ] ] ], [ [ [ 92.811298360918201, 13.419643558464081 ], [ 92.817731974608805, 13.416391229299368 ], [ 92.813408110956829, 13.403662906031203 ], [ 92.811298360918201, 13.419643558464081 ] ] ], [ [ [ 93.750421463755075, 7.400332981934558 ], [ 93.759334460867521, 7.401153268820758 ], [ 93.756727050449697, 7.396332850648952 ], [ 93.750421463755075, 7.400332981934558 ] ] ], [ [ [ 92.759048099454091, 12.935246739727473 ], [ 92.765824869583227, 12.928555808634325 ], [ 92.763020876340221, 12.925622098691591 ], [ 92.759048099454091, 12.935246739727473 ] ] ], [ [ [ 92.933997359113988, 12.920281461802833 ], [ 92.93381611142901, 12.910982811309566 ], [ 92.928818017240488, 12.916787461832074 ], [ 92.933997359113988, 12.920281461802833 ] ] ], [ [ [ 92.754610955549808, 12.180930909327124 ], [ 92.762483010063846, 12.177358830484721 ], [ 92.758390282934457, 12.164633758466753 ], [ 92.75856411233184, 12.176819427324984 ], [ 92.754610955549808, 12.180930909327124 ] ] ], [ [ [ 92.869700301617627, 13.512886477957583 ], [ 92.872964552984655, 13.506175103215918 ], [ 92.871048441992073, 13.502233080330933 ], [ 92.866443502674187, 13.50353581214077 ], [ 92.865570295302248, 13.505108551150895 ], [ 92.869700301617627, 13.512886477957583 ] ] ], [ [ [ 93.090816166634553, 13.41427309767586 ], [ 93.086199102755316, 13.415885863131278 ], [ 93.091969631307165, 13.419714739846485 ], [ 93.092764100446118, 13.416976029620363 ], [ 93.090816166634553, 13.41427309767586 ] ] ], [ [ [ 93.071375796537851, 13.430725132288163 ], [ 93.068953689698517, 13.422517160919687 ], [ 93.068895840889169, 13.41310299661049 ], [ 93.066169661512689, 13.422516512576735 ], [ 93.071375796537851, 13.430725132288163 ] ] ], [ [ [ 93.048866387968488, 12.116576603036998 ], [ 93.057768252259635, 12.116876813897616 ], [ 93.053328895804796, 12.109110095697451 ], [ 93.048866387968488, 12.116576603036998 ] ] ], [ [ [ 92.67477661983132, 11.184876316222207 ], [ 92.675563301475108, 11.177366468736809 ], [ 92.674200417051892, 11.18990905219165 ], [ 92.67477661983132, 11.184876316222207 ] ] ], [ [ [ 93.632597786099595, 7.473338326803767 ], [ 93.640500368960247, 7.475834145115578 ], [ 93.640273793184335, 7.472430108196393 ], [ 93.632597786099595, 7.473338326803767 ] ] ], [ [ [ 92.917370692150172, 13.515564218222483 ], [ 92.916430545916555, 13.507663150978228 ], [ 92.91334985988793, 13.507127192078903 ], [ 92.917370692150172, 13.515564218222483 ] ] ], [ [ [ 92.721846815379848, 12.737601143814803 ], [ 92.728832265047828, 12.730583483552161 ], [ 92.727003907780372, 12.727160097190112 ], [ 92.721846815379848, 12.737601143814803 ] ] ], [ [ [ 92.730881271905247, 11.149064713910091 ], [ 92.729007535342916, 11.141814203115231 ], [ 92.725552277891921, 11.145064296345675 ], [ 92.730881271905247, 11.149064713910091 ] ] ], [ [ [ 93.634378576674408, 8.395693116316762 ], [ 93.64339496179123, 8.389444489629907 ], [ 93.633620333895934, 8.394784376348623 ], [ 93.634378576674408, 8.395693116316762 ] ] ], [ [ [ 92.765311892030155, 11.676948950779799 ], [ 92.762150857987564, 11.66943149791695 ], [ 92.761110784958348, 11.669207314312821 ], [ 92.759828149734432, 11.676831766235239 ], [ 92.765311892030155, 11.676948950779799 ] ] ], [ [ [ 92.719443553398577, 12.696387496933552 ], [ 92.720869703472275, 12.689463840393886 ], [ 92.71655279098394, 12.685706725041554 ], [ 92.719443553398577, 12.696387496933552 ] ] ], [ [ [ 92.904980186317189, 13.53573578147898 ], [ 92.911509437347874, 13.5338359255451 ], [ 92.904825572782059, 13.530591996553675 ], [ 92.904980186317189, 13.53573578147898 ] ] ], [ [ [ 92.694849538635367, 11.66323764211927 ], [ 92.699759659011477, 11.659176129586085 ], [ 92.692172869007464, 11.660567239252757 ], [ 92.694849538635367, 11.66323764211927 ] ] ], [ [ [ 92.556985818718601, 11.396794157802052 ], [ 92.559204429298305, 11.392455493862558 ], [ 92.555175354993324, 11.391441044492428 ], [ 92.556985818718601, 11.396794157802052 ] ] ], [ [ [ 93.0956425586363, 13.43771636349843 ], [ 93.100984994141172, 13.434860629142658 ], [ 93.101996568118025, 13.430413549296288 ], [ 93.096839097526754, 13.431768852196745 ], [ 93.0956425586363, 13.43771636349843 ] ] ], [ [ [ 92.918098054442467, 13.041899447659548 ], [ 92.913239239547181, 13.043035727884996 ], [ 92.916106521796948, 13.048136977134481 ], [ 92.918098054442467, 13.041899447659548 ] ] ], [ [ [ 92.766515502458489, 12.921578419352951 ], [ 92.761309415044082, 12.921739655016861 ], [ 92.765462242160922, 12.926323247640347 ], [ 92.766515502458489, 12.921578419352951 ] ] ], [ [ [ 92.735094005871744, 12.280588337727879 ], [ 92.733778031472696, 12.288218531236879 ], [ 92.736202271810825, 12.292868574626686 ], [ 92.737148363095017, 12.291042132040975 ], [ 92.735094005871744, 12.280588337727879 ] ] ], [ [ [ 93.028503625941383, 12.278547660389926 ], [ 93.021049627597634, 12.275710714109026 ], [ 93.028282540668499, 12.279736366050932 ], [ 93.028503625941383, 12.278547660389926 ] ] ], [ [ [ 92.599307491827517, 11.918255645067008 ], [ 92.59598066651273, 11.911524333593267 ], [ 92.59526075035582, 11.906167489564881 ], [ 92.594580331325318, 11.915090844885238 ], [ 92.599307491827517, 11.918255645067008 ] ] ], [ [ [ 93.069435068113194, 13.300028354335282 ], [ 93.077362862192302, 13.300730532280255 ], [ 93.070722990820869, 13.29818914036723 ], [ 93.069435068113194, 13.300028354335282 ] ] ], [ [ [ 93.616834006661719, 7.330964125550504 ], [ 93.622867627505769, 7.328187476229946 ], [ 93.619387928692561, 7.325519405299756 ], [ 93.616834006661719, 7.330964125550504 ] ] ], [ [ [ 93.015461079756065, 13.342534784797783 ], [ 93.01931233344888, 13.338093746224052 ], [ 93.017282253196171, 13.33660139813137 ], [ 93.015461079756065, 13.342534784797783 ] ] ], [ [ [ 92.900700563794615, 12.426106692150377 ], [ 92.898169460768628, 12.421631652363549 ], [ 92.898474773879158, 12.425611371823436 ], [ 92.900700563794615, 12.426106692150377 ] ] ], [ [ [ 92.682379097115117, 12.216518001944927 ], [ 92.678749536854667, 12.219158306053933 ], [ 92.681544467893104, 12.223776986458947 ], [ 92.682379097115117, 12.216518001944927 ] ] ], [ [ [ 92.730225447848909, 12.187956713849839 ], [ 92.724186961729259, 12.185030116224675 ], [ 92.729256543848081, 12.189331104596963 ], [ 92.730225447848909, 12.187956713849839 ] ] ], [ [ [ 92.752288753946516, 12.893442447396962 ], [ 92.747990524619468, 12.893969729894598 ], [ 92.749430261711822, 12.897228561362253 ], [ 92.752288753946516, 12.893442447396962 ] ] ], [ [ [ 92.757507150076947, 12.146178709898813 ], [ 92.75311551482497, 12.14568876031478 ], [ 92.756237566475804, 12.149852864815887 ], [ 92.757507150076947, 12.146178709898813 ] ] ], [ [ [ 93.05532501075659, 13.562397743061849 ], [ 93.051162188983923, 13.564344308440059 ], [ 93.055522584423571, 13.566135337824237 ], [ 93.05532501075659, 13.562397743061849 ] ] ], [ [ [ 92.723122671916627, 11.991823404153456 ], [ 92.726532649785682, 11.987895038296553 ], [ 92.72180281499891, 11.982784318369433 ], [ 92.723122671916627, 11.991823404153456 ] ] ], [ [ [ 92.770172636506615, 12.016882444326908 ], [ 92.773778429141316, 12.012467772768206 ], [ 92.770674288998933, 12.013379699424986 ], [ 92.770172636506615, 12.016882444326908 ] ] ], [ [ [ 92.770948894998156, 12.29355894869702 ], [ 92.765824436595253, 12.289564614099994 ], [ 92.769755834384497, 12.295084117092593 ], [ 92.770948894998156, 12.29355894869702 ] ] ], [ [ [ 92.549821324933077, 11.395203944605907 ], [ 92.544843219157968, 11.395843206767442 ], [ 92.549821185694185, 11.397170372961353 ], [ 92.549821324933077, 11.395203944605907 ] ] ], [ [ [ 92.698241521452672, 12.247931367726954 ], [ 92.694711635561148, 12.246454315572207 ], [ 92.696449863957824, 12.2501872203334 ], [ 92.698241521452672, 12.247931367726954 ] ] ], [ [ [ 92.575757230491249, 11.570661425590048 ], [ 92.573698394267979, 11.562723752761142 ], [ 92.571859743205721, 11.562542996496438 ], [ 92.575757230491249, 11.570661425590048 ] ] ], [ [ [ 92.612118973355464, 11.508389542471388 ], [ 92.608506419101616, 11.507305233340388 ], [ 92.614471037653772, 11.510567962087384 ], [ 92.612118973355464, 11.508389542471388 ] ] ], [ [ [ 92.881257659550457, 12.24825521059172 ], [ 92.878849460428398, 12.246040575254934 ], [ 92.878486442238909, 12.25066440847101 ], [ 92.881257659550457, 12.24825521059172 ] ] ], [ [ [ 93.068078383862087, 12.327839731933771 ], [ 93.073480762149259, 12.325173900856145 ], [ 93.063932177328894, 12.325556115881051 ], [ 93.068078383862087, 12.327839731933771 ] ] ], [ [ [ 92.916774797401402, 13.060232636788063 ], [ 92.913519970260012, 13.060912529047911 ], [ 92.914787715908105, 13.063043860679763 ], [ 92.916774797401402, 13.060232636788063 ] ] ], [ [ [ 93.002329580594662, 13.571026265150826 ], [ 92.997839648091016, 13.570174268294277 ], [ 92.999954252625415, 13.572543557865547 ], [ 93.002329580594662, 13.571026265150826 ] ] ], [ [ [ 92.726631945065606, 12.836803247207072 ], [ 92.723722733950012, 12.83207843572708 ], [ 92.726356225155456, 12.838805441414236 ], [ 92.726631945065606, 12.836803247207072 ] ] ], [ [ [ 93.09431088168607, 13.415918668265682 ], [ 93.090414870332509, 13.411696923567279 ], [ 93.093641122963078, 13.418377190758807 ], [ 93.093714827037161, 13.419678815807847 ], [ 93.09431088168607, 13.415918668265682 ] ] ], [ [ [ 92.603377649683679, 11.929209096900388 ], [ 92.601499677564817, 11.935392956521895 ], [ 92.603220919717771, 11.93608924611663 ], [ 92.604717441115895, 11.934719652694957 ], [ 92.603377649683679, 11.929209096900388 ] ] ], [ [ [ 92.580028101626326, 11.978248692772766 ], [ 92.583099425413039, 11.977892701541411 ], [ 92.581020473215645, 11.977178321294479 ], [ 92.580028101626326, 11.978248692772766 ] ] ], [ [ [ 92.873181170935638, 13.538398554977496 ], [ 92.876895185409253, 13.5377621707439 ], [ 92.874826053594532, 13.535488092757667 ], [ 92.873181170935638, 13.538398554977496 ] ] ], [ [ [ 92.879379368529641, 12.296469155180892 ], [ 92.876520596020626, 12.296753008905988 ], [ 92.878758698245321, 12.297951366889606 ], [ 92.879379368529641, 12.296469155180892 ] ] ], [ [ [ 92.965707423316061, 13.334541580527775 ], [ 92.96445361323299, 13.335601048102189 ], [ 92.967492034425817, 13.337536972517078 ], [ 92.965707423316061, 13.334541580527775 ] ] ], [ [ [ 93.622082297826523, 7.481978434446283 ], [ 93.619817937846022, 7.480410832041379 ], [ 93.619845103798554, 7.483037416520747 ], [ 93.622082297826523, 7.481978434446283 ] ] ], [ [ [ 92.795668371168873, 13.170347244601457 ], [ 92.792797090517809, 13.169122058037246 ], [ 92.793258240668905, 13.170927878540967 ], [ 92.795668371168873, 13.170347244601457 ] ] ], [ [ [ 92.84554658800613, 12.416716860490459 ], [ 92.842605598089037, 12.416079862932277 ], [ 92.843300243738668, 12.418005247405601 ], [ 92.84554658800613, 12.416716860490459 ] ] ], [ [ [ 92.726140942999322, 11.687141544248819 ], [ 92.722398814850592, 11.686417861426166 ], [ 92.722366864470885, 11.687822191652621 ], [ 92.726140942999322, 11.687141544248819 ] ] ], [ [ [ 92.724695771997773, 11.142397325137566 ], [ 92.721734392120368, 11.14337367527099 ], [ 92.724169623345986, 11.143667522482183 ], [ 92.724695771997773, 11.142397325137566 ] ] ], [ [ [ 92.889051038713632, 12.937680426479044 ], [ 92.891308871535259, 12.936401331688971 ], [ 92.887830020731656, 12.934298977733887 ], [ 92.889051038713632, 12.937680426479044 ] ] ], [ [ [ 92.721458518598283, 12.622259951539347 ], [ 92.723377336214853, 12.620241693523294 ], [ 92.720038353101017, 12.618603689430399 ], [ 92.721458518598283, 12.622259951539347 ] ] ], [ [ [ 92.730877326504498, 13.094653560057449 ], [ 92.728103223804254, 13.093274276530391 ], [ 92.730324144850854, 13.095417657502567 ], [ 92.730877326504498, 13.094653560057449 ] ] ], [ [ [ 92.914395845628349, 13.064011141285482 ], [ 92.91246422432404, 13.063561201593945 ], [ 92.912991938739367, 13.067272171903118 ], [ 92.914395845628349, 13.064011141285482 ] ] ], [ [ [ 92.743257359777928, 11.965858823885796 ], [ 92.74203703888864, 11.967499662998971 ], [ 92.743983007186316, 11.966861081043151 ], [ 92.743257359777928, 11.965858823885796 ] ] ], [ [ [ 93.083973230194843, 12.228705379765849 ], [ 93.085388864589845, 12.227150526153745 ], [ 93.08176830365187, 12.225278178918435 ], [ 93.083973230194843, 12.228705379765849 ] ] ], [ [ [ 92.724255490609053, 11.953071425278473 ], [ 92.722516311794806, 11.954301320580658 ], [ 92.724544894555919, 11.954015318086984 ], [ 92.724255490609053, 11.953071425278473 ] ] ], [ [ [ 92.900059906893546, 12.261628385917042 ], [ 92.89838497109686, 12.259537728185149 ], [ 92.899281028914672, 12.262412346471312 ], [ 92.900059906893546, 12.261628385917042 ] ] ], [ [ [ 93.060813207797807, 13.227630559456266 ], [ 93.05895422875895, 13.226988330443403 ], [ 93.05957213133388, 13.228267531155289 ], [ 93.060813207797807, 13.227630559456266 ] ] ], [ [ [ 92.723879244726987, 12.256103533433039 ], [ 92.720997404379787, 12.255358767408126 ], [ 92.72129649126714, 12.256348531811682 ], [ 92.723879244726987, 12.256103533433039 ] ] ], [ [ [ 93.837374360601984, 7.290800757001876 ], [ 93.833878855033049, 7.290203683874286 ], [ 93.837487474665934, 7.291420190259381 ], [ 93.837374360601984, 7.290800757001876 ] ] ], [ [ [ 92.628001955638254, 11.546886472277281 ], [ 92.626373908306121, 11.544780336867316 ], [ 92.627827953764367, 11.548025643872291 ], [ 92.628001955638254, 11.546886472277281 ] ] ], [ [ [ 93.058184088692855, 13.225758807087741 ], [ 93.057312661781822, 13.223625331774683 ], [ 93.056910733065791, 13.226355081588073 ], [ 93.058184088692855, 13.225758807087741 ] ] ], [ [ [ 92.863093001361761, 12.30433876246086 ], [ 92.865319644676717, 12.303791652743241 ], [ 92.863379775041508, 12.302971588999977 ], [ 92.863093001361761, 12.30433876246086 ] ] ], [ [ [ 92.898035265041585, 12.411629337608266 ], [ 92.896692735544406, 12.409547757519798 ], [ 92.89746036571762, 12.411904993306829 ], [ 92.898035265041585, 12.411629337608266 ] ] ], [ [ [ 92.578504102560288, 11.583476509128511 ], [ 92.576082965003167, 11.584113991868668 ], [ 92.577834647467839, 11.584959219207461 ], [ 92.578504102560288, 11.583476509128511 ] ] ], [ [ [ 92.93245585727297, 13.05167953521976 ], [ 92.93077782588179, 13.051670465590975 ], [ 92.931155958225901, 13.053401670019067 ], [ 92.93245585727297, 13.05167953521976 ] ] ], [ [ [ 92.566650848556009, 11.570087574970982 ], [ 92.564028090421587, 11.56922872241681 ], [ 92.566453671046091, 11.570548653824975 ], [ 92.566650848556009, 11.570087574970982 ] ] ], [ [ [ 93.596709477847995, 8.583113171754382 ], [ 93.599080573853897, 8.582159306890309 ], [ 93.598476522402322, 8.580522722271471 ], [ 93.596709477847995, 8.583113171754382 ] ] ], [ [ [ 92.987967737142029, 12.999420766577424 ], [ 92.985663511725832, 13.000090442276557 ], [ 92.987747142349249, 13.001070797122269 ], [ 92.987967737142029, 12.999420766577424 ] ] ], [ [ [ 92.764970423526037, 12.297618880066356 ], [ 92.762607748327568, 12.297451112364921 ], [ 92.76479306464789, 12.299460691071166 ], [ 92.764970423526037, 12.297618880066356 ] ] ], [ [ [ 93.074455189890784, 13.365947517792625 ], [ 93.07565123650447, 13.363416832510492 ], [ 93.072881357682661, 13.365115583288427 ], [ 93.074455189890784, 13.365947517792625 ] ] ], [ [ [ 92.668565845823366, 12.956029054985528 ], [ 92.668158566741511, 12.952517354930926 ], [ 92.66660793352564, 12.953104812406149 ], [ 92.668565845823366, 12.956029054985528 ] ] ], [ [ [ 92.911681303028033, 12.333639011980452 ], [ 92.910118390740536, 12.333589002938805 ], [ 92.91072058267946, 12.335503180944379 ], [ 92.911681303028033, 12.333639011980452 ] ] ], [ [ [ 93.062476449326141, 13.385491664296111 ], [ 93.060099184589191, 13.385093320836502 ], [ 93.062448557534879, 13.386232859491031 ], [ 93.062476449326141, 13.385491664296111 ] ] ], [ [ [ 92.892875350134432, 12.898691460812547 ], [ 92.890654732718403, 12.897375804051366 ], [ 92.891456361430158, 12.899143392565785 ], [ 92.892875350134432, 12.898691460812547 ] ] ], [ [ [ 93.098433890125364, 12.136585497154808 ], [ 93.096442381734363, 12.135089233195952 ], [ 93.097046568831502, 12.13705127160752 ], [ 93.098433890125364, 12.136585497154808 ] ] ], [ [ [ 92.752707183815957, 12.294646552147585 ], [ 92.752346856979088, 12.292721056389105 ], [ 92.751275783987722, 12.292799808861748 ], [ 92.752707183815957, 12.294646552147585 ] ] ], [ [ [ 92.740666794568298, 12.111721170172704 ], [ 92.738608634776469, 12.110926530876892 ], [ 92.74038723076707, 12.11312243500851 ], [ 92.740666794568298, 12.111721170172704 ] ] ], [ [ [ 92.728184355149168, 12.855739748614555 ], [ 92.730634537934378, 12.856308854347569 ], [ 92.728635354337541, 12.854740883769603 ], [ 92.728184355149168, 12.855739748614555 ] ] ], [ [ [ 92.702296118691521, 12.639995952918992 ], [ 92.700298653571835, 12.639404010717763 ], [ 92.701559764263223, 12.640827662909127 ], [ 92.702296118691521, 12.639995952918992 ] ] ], [ [ [ 92.669292203799159, 12.95182604276606 ], [ 92.670757586894595, 12.950027448683295 ], [ 92.668799291914567, 12.95042954617543 ], [ 92.669292203799159, 12.95182604276606 ] ] ], [ [ [ 92.669324809050707, 12.948662459014306 ], [ 92.672043209915145, 12.949562111917327 ], [ 92.67184984755022, 12.948346301277201 ], [ 92.669324809050707, 12.948662459014306 ] ] ], [ [ [ 92.91050328919539, 12.914364873543686 ], [ 92.908342418728907, 12.914287986872585 ], [ 92.910756862938825, 12.916579920299913 ], [ 92.91050328919539, 12.914364873543686 ] ] ], [ [ [ 92.882126079800244, 12.240621116641865 ], [ 92.880467045082412, 12.239753377853125 ], [ 92.881570031622516, 12.241705911656586 ], [ 92.882126079800244, 12.240621116641865 ] ] ], [ [ [ 92.666163692363128, 12.950180553883531 ], [ 92.668232463953416, 12.951012458787529 ], [ 92.668287989719474, 12.949421653370727 ], [ 92.666163692363128, 12.950180553883531 ] ] ], [ [ [ 92.674480743522821, 12.949718254403829 ], [ 92.674734282231995, 12.948317186533965 ], [ 92.672038721931983, 12.948811832917414 ], [ 92.674480743522821, 12.949718254403829 ] ] ], [ [ [ 93.09335802698611, 12.220465817021191 ], [ 93.092122322447565, 12.218499070076502 ], [ 93.093159911634999, 12.22343139925426 ], [ 93.09335802698611, 12.220465817021191 ] ] ], [ [ [ 92.905227551803719, 12.339976511200726 ], [ 92.904193208229387, 12.33870629000579 ], [ 92.903853060248736, 12.340945676629591 ], [ 92.905227551803719, 12.339976511200726 ] ] ], [ [ [ 93.013072043495612, 13.338791493150195 ], [ 93.013677361571709, 13.337286752193702 ], [ 93.012546603614567, 13.337286233860258 ], [ 93.013072043495612, 13.338791493150195 ] ] ], [ [ [ 92.655393149024704, 12.773392977518922 ], [ 92.653850937514619, 12.771557857193763 ], [ 92.655365449472939, 12.774161300175585 ], [ 92.655393149024704, 12.773392977518922 ] ] ], [ [ [ 93.493090166280894, 8.048625144271398 ], [ 93.494972764723485, 8.048326245163548 ], [ 93.49349348738555, 8.047096876915523 ], [ 93.493090166280894, 8.048625144271398 ] ] ], [ [ [ 92.644595548429947, 11.5142859117658 ], [ 92.643128532197323, 11.514227552069386 ], [ 92.644471951026631, 11.514991125683112 ], [ 92.644595548429947, 11.5142859117658 ] ] ], [ [ [ 93.007595030479692, 13.335891872613646 ], [ 93.006883846845668, 13.336750250242222 ], [ 93.008134576605642, 13.336800567154354 ], [ 93.007595030479692, 13.335891872613646 ] ] ], [ [ [ 93.081424760937765, 13.368186073306164 ], [ 93.079744518792694, 13.368416251091656 ], [ 93.080856789421304, 13.369315849272198 ], [ 93.081424760937765, 13.368186073306164 ] ] ], [ [ [ 93.900097069358964, 7.082163245381775 ], [ 93.89858085239824, 7.08170218662818 ], [ 93.898512981085233, 7.082344228070806 ], [ 93.900097069358964, 7.082163245381775 ] ] ], [ [ [ 93.092309511589832, 12.225153659242313 ], [ 93.091597276028608, 12.225112845368661 ], [ 93.090025574624377, 12.226039314710414 ], [ 93.092309511589832, 12.225153659242313 ] ] ], [ [ [ 92.76734764963544, 12.916729585717595 ], [ 92.766246332165082, 12.91714505274175 ], [ 92.76692777976659, 12.91779599519141 ], [ 92.76734764963544, 12.916729585717595 ] ] ], [ [ [ 93.454166144358723, 8.138655590281934 ], [ 93.452591616854576, 8.1387463133712 ], [ 93.454238829743304, 8.13905344137765 ], [ 93.454166144358723, 8.138655590281934 ] ] ], [ [ [ 92.593641302595913, 11.589510017680784 ], [ 92.592178505750184, 11.589645774441035 ], [ 92.592361981257056, 11.590373533532155 ], [ 92.593641302595913, 11.589510017680784 ] ] ], [ [ [ 93.020084076109455, 12.223780283156611 ], [ 93.018562923804552, 12.224096213711002 ], [ 93.020042541603956, 12.224196132922364 ], [ 93.020084076109455, 12.223780283156611 ] ] ], [ [ [ 93.579982169927945, 8.097696556953746 ], [ 93.579265499384164, 8.096823891684824 ], [ 93.579696326902848, 8.09808531758782 ], [ 93.579982169927945, 8.097696556953746 ] ] ], [ [ [ 92.725078095881031, 12.655482483389479 ], [ 92.72529889548963, 12.654628214610412 ], [ 92.724659083903262, 12.653909610591523 ], [ 92.725078095881031, 12.655482483389479 ] ] ], [ [ [ 93.624381159402134, 8.397985522834151 ], [ 93.625375449792884, 8.397384196746229 ], [ 93.624689871737715, 8.396760274000236 ], [ 93.624381159402134, 8.397985522834151 ] ] ], [ [ [ 93.229448106019362, 8.223878320853652 ], [ 93.228658461731825, 8.223724836683393 ], [ 93.229053442877387, 8.224375747035046 ], [ 93.229448106019362, 8.223878320853652 ] ] ], [ [ [ 93.63103245195407, 8.395073791599511 ], [ 93.632330934357896, 8.39496073514084 ], [ 93.632848490624042, 8.394372969352153 ], [ 93.63103245195407, 8.395073791599511 ] ] ], [ [ [ 92.669851933272909, 12.952761662063496 ], [ 92.66872298542107, 12.952616885809265 ], [ 92.669354115688549, 12.953163761270911 ], [ 92.669851933272909, 12.952761662063496 ] ] ], [ [ [ 93.514036418220968, 8.075301512318811 ], [ 93.512970348845741, 8.075463923498363 ], [ 93.513632520397877, 8.075907205734442 ], [ 93.514036418220968, 8.075301512318811 ] ] ], [ [ [ 92.863595536898032, 12.913722647457316 ], [ 92.862747770713241, 12.913794811345301 ], [ 92.862858289544349, 12.914301129520794 ], [ 92.863595536898032, 12.913722647457316 ] ] ], [ [ [ 93.45591792743474, 8.139898582854418 ], [ 93.454493009849585, 8.139397005941115 ], [ 93.455981538038301, 8.140291916143038 ], [ 93.45591792743474, 8.139898582854418 ] ] ], [ [ [ 92.666873073976717, 12.951780627340982 ], [ 92.668043390145698, 12.951780677242272 ], [ 92.668034331534372, 12.951446226297167 ], [ 92.666873073976717, 12.951780627340982 ] ] ], [ [ [ 93.078570491683266, 13.376442702261825 ], [ 93.079101266658782, 13.376826964193183 ], [ 93.079225977973024, 13.376433788896994 ], [ 93.078570491683266, 13.376442702261825 ] ] ], [ [ [ 93.075918564353231, 13.4331214143855 ], [ 93.077132898869465, 13.433022223150969 ], [ 93.075900153381454, 13.432832161185019 ], [ 93.075918564353231, 13.4331214143855 ] ] ], [ [ [ 93.453997036506493, 8.132882035394653 ], [ 93.453280040772583, 8.132570207253737 ], [ 93.453788400086808, 8.13331611169361 ], [ 93.453997036506493, 8.132882035394653 ] ] ], [ [ [ 92.725648800072591, 11.995783770367195 ], [ 92.724822340129734, 11.995553947507851 ], [ 92.725520358054965, 11.996176917444599 ], [ 92.725648800072591, 11.995783770367195 ] ] ], [ [ [ 93.622526102407804, 7.478601161199445 ], [ 93.621869440223307, 7.478434218614089 ], [ 93.6219781300845, 7.478845558459618 ], [ 93.622526102407804, 7.478601161199445 ] ] ], [ [ [ 93.578702928539158, 8.097203565685488 ], [ 93.578045112019566, 8.09738881923921 ], [ 93.578616700153376, 8.097501935924384 ], [ 93.578702928539158, 8.097203565685488 ] ] ], [ [ [ 93.457295545126868, 8.131615458608577 ], [ 93.456950598345998, 8.131172447606925 ], [ 93.45672378002493, 8.131434722387095 ], [ 93.457295545126868, 8.131615458608577 ] ] ], [ [ [ 92.669974649428951, 12.947966483881338 ], [ 92.670882291022338, 12.948088641459677 ], [ 92.669928527227299, 12.947763215212211 ], [ 92.669974649428951, 12.947966483881338 ] ] ], [ [ [ 93.578916313453448, 8.095734276089029 ], [ 93.578626023767711, 8.095340903613653 ], [ 93.578544317501041, 8.095761342066341 ], [ 93.578916313453448, 8.095734276089029 ] ] ], [ [ [ 93.51393043678037, 8.065083833564069 ], [ 93.513481439038458, 8.064794337222137 ], [ 93.513608342241994, 8.06517866995371 ], [ 93.51393043678037, 8.065083833564069 ] ] ], [ [ [ 93.514709408184075, 8.069514747618756 ], [ 93.514305736736404, 8.069333773610408 ], [ 93.514369133540967, 8.069722608717978 ], [ 93.514709408184075, 8.069514747618756 ] ] ], [ [ [ 93.454514041207005, 8.131588870812422 ], [ 93.454069296089614, 8.131263428503779 ], [ 93.453924129238032, 8.131421697046989 ], [ 93.454514041207005, 8.131588870812422 ] ] ], [ [ [ 93.456379277011791, 8.133053382832617 ], [ 93.456057056709298, 8.132795736928449 ], [ 93.456084344832689, 8.133085088338904 ], [ 93.456379277011791, 8.133053382832617 ] ] ], [ [ [ 93.4551172599203, 8.13030925122624 ], [ 93.454758791697756, 8.130286714042828 ], [ 93.454922194349606, 8.130535350426172 ], [ 93.4551172599203, 8.13030925122624 ] ] ], [ [ [ 93.455262290227964, 8.129513491264555 ], [ 93.454944639655295, 8.129386959781382 ], [ 93.455017296293803, 8.129653696396574 ], [ 93.455262290227964, 8.129513491264555 ] ] ], [ [ [ 93.456406250724839, 8.131891426275674 ], [ 93.456628536146951, 8.131642717811866 ], [ 93.456347212546078, 8.131656335407504 ], [ 93.456406250724839, 8.131891426275674 ] ] ] ] } },
{ "type": "Feature", "properties": { "Area": 0.189255568303 }, "geometry": { "type": "Polygon", "coordinates": [ [ [ 78.495507469820325, 9.086726315717563 ], [ 78.490249263051439, 9.085855491526344 ], [ 78.487388806201224, 9.087262412336999 ], [ 78.48646612052174, 9.089170453498641 ], [ 78.495507469820325, 9.086726315717563 ] ] ] } },
{ "type": "Feature", "properties": { "Area": 0.190283422955 }, "geometry": { "type": "Polygon", "coordinates": [ [ [ 79.491764196380018, 9.124005596948217 ], [ 79.496471862542208, 9.123145126472151 ], [ 79.488783088600655, 9.118920698948386 ], [ 79.491764196380018, 9.124005596948217 ] ] ] } },
{ "type": "Feature", "properties": { "Area": 0.022417900562399999 }, "geometry": { "type": "Polygon", "coordinates": [ [ [ 79.488137020248288, 9.128072739247825 ], [ 79.488150155414388, 9.126368433615092 ], [ 79.486958614750179, 9.127178020472465 ], [ 79.488137020248288, 9.128072739247825 ] ] ] } },
{ "type": "Feature", "properties": { "Area": 0.024097428337600001 }, "geometry": { "type": "Polygon", "coordinates": [ [ [ 79.480512311457858, 9.130537028315924 ], [ 79.481517094171153, 9.128665143183641 ], [ 79.479620466738737, 9.12967827385302 ], [ 79.480512311457858, 9.130537028315924 ] ] ] } },
{ "type": "Feature", "properties": { "Area": 0.032076440682699998 }, "geometry": { "type": "Polygon", "coordinates": [ [ [ 79.481445588274525, 9.133090950912811 ], [ 79.483356154865177, 9.13308131445396 ], [ 79.482168507499424, 9.131815919643834 ], [ 79.481445588274525, 9.133090950912811 ] ] ] } },
{ "type": "Feature", "properties": { "Area": 0.097322898833700003 }, "geometry": { "type": "Polygon", "coordinates": [ [ [ 79.472767930901867, 9.139164771933331 ], [ 79.473354034912376, 9.136587806395164 ], [ 79.469692862038741, 9.139382530835029 ], [ 79.472767930901867, 9.139164771933331 ] ] ] } },
{ "type": "Feature", "properties": { "Area": 0.064422121397199994 }, "geometry": { "type": "Polygon", "coordinates": [ [ [ 79.464980936963769, 9.14291443612759 ], [ 79.467982753605384, 9.140838696554278 ], [ 79.467673311837785, 9.140373132823935 ], [ 79.464980936963769, 9.14291443612759 ] ] ] } },
{ "type": "Feature", "properties": { "Area": 0.0173278077422 }, "geometry": { "type": "Polygon", "coordinates": [ [ [ 79.453668001636586, 9.145475829880986 ], [ 79.454313616339718, 9.143974840599734 ], [ 79.453858702293331, 9.143649440532002 ], [ 79.453668001636586, 9.145475829880986 ] ] ] } },
{ "type": "Feature", "properties": { "Area": 0.012509554629000001 }, "geometry": { "type": "Polygon", "coordinates": [ [ [ 79.455638216362146, 9.147613748920925 ], [ 79.45607020001259, 9.146537685661478 ], [ 79.454942137001311, 9.147053295740147 ], [ 79.455638216362146, 9.147613748920925 ] ] ] } },
{ "type": "Feature", "properties": { "Area": 0.098714728305299995 }, "geometry": { "type": "Polygon", "coordinates": [ [ [ 79.449979238805625, 9.147931396608325 ], [ 79.454400877788103, 9.147378978274654 ], [ 79.452549110424357, 9.146402850372395 ], [ 79.449979238805625, 9.147931396608325 ] ] ] } },
{ "type": "Feature", "properties": { "Area": 0.030482393886599998 }, "geometry": { "type": "Polygon", "coordinates": [ [ [ 79.444421042342555, 9.152322182393815 ], [ 79.445672049681917, 9.152037150075248 ], [ 79.444589083894527, 9.151011144293696 ], [ 79.444421042342555, 9.152322182393815 ] ] ] } },
{ "type": "Feature", "properties": { "Area": 0.083255899543799999 }, "geometry": { "type": "Polygon", "coordinates": [ [ [ 79.443462009030057, 9.156621587853687 ], [ 79.447555780900132, 9.153912830555392 ], [ 79.447173325862849, 9.15263355830972 ], [ 79.443462009030057, 9.156621587853687 ] ] ] } },
{ "type": "Feature", "properties": { "Area": 0.044217760752799998 }, "geometry": { "type": "Polygon", "coordinates": [ [ [ 78.819396062402504, 9.165578666942617 ], [ 78.81919604531798, 9.16489150628856 ], [ 78.820051624150778, 9.16267191355673 ], [ 78.816608273868908, 9.160004130947462 ], [ 78.819396062402504, 9.165578666942617 ] ] ] } },
{ "type": "Feature", "properties": { "Area": 2.8892404513400001 }, "geometry": { "type": "Polygon", "coordinates": [ [ [ 79.066886583637142, 9.210507645321544 ], [ 79.089014245041668, 9.195901175634706 ], [ 79.054756305368898, 9.197988324244408 ], [ 79.066886583637142, 9.210507645321544 ] ] ] } },
{ "type": "Feature", "properties": { "Area": 0.178592380341 }, "geometry": { "type": "Polygon", "coordinates": [ [ [ 79.136258208902106, 9.214780172463412 ], [ 79.14042420352439, 9.213182242559462 ], [ 79.136532903834535, 9.212099784567593 ], [ 79.136258208902106, 9.214780172463412 ] ] ] } },
{ "type": "Feature", "properties": { "Area": 0.98211588755400003 }, "geometry": { "type": "Polygon", "coordinates": [ [ [ 79.122767504001331, 9.219260551623872 ], [ 79.132532333971824, 9.217790976272992 ], [ 79.134329334645955, 9.215703252055722 ], [ 79.123518982465725, 9.212535104513693 ], [ 79.122767504001331, 9.219260551623872 ] ] ] } },
{ "type": "Feature", "properties": { "Area": 0.43478301314099999 }, "geometry": { "type": "Polygon", "coordinates": [ [ [ 79.181402610517594, 9.241098994956205 ], [ 79.195667285900882, 9.233655213753817 ], [ 79.199161253554067, 9.240187226438438 ], [ 79.199496390732037, 9.234669445335459 ], [ 79.195571452728046, 9.233017919898938 ], [ 79.181402610517594, 9.241098994956205 ] ] ] } },
{ "type": "Feature", "properties": { "Area": 0.124310258129 }, "geometry": { "type": "Polygon", "coordinates": [ [ [ 79.23055349650356, 9.239159912981648 ], [ 79.233594549760184, 9.240441949186685 ], [ 79.236578118025108, 9.241066844795716 ], [ 79.23055349650356, 9.239159912981648 ] ] ] } },
{ "type": "Feature", "properties": { "Area": 0.184859345856 }, "geometry": { "type": "Polygon", "coordinates": [ [ [ 79.177265957567428, 9.244343972868357 ], [ 79.178461638566773, 9.245421398591422 ], [ 79.179242553026427, 9.240877837081722 ], [ 79.177265957567428, 9.244343972868357 ] ] ] } },
{ "type": "Feature", "properties": { "Area": 0.095473691283200005 }, "geometry": { "type": "Polygon", "coordinates": [ [ [ 79.208067073127395, 9.248488361911239 ], [ 79.209181638053224, 9.246658594889279 ], [ 79.205979374932355, 9.246145918408178 ], [ 79.208067073127395, 9.248488361911239 ] ] ] } },
{ "type": "Feature", "properties": { "Area": 0.031843470709499999 }, "geometry": { "type": "Polygon", "coordinates": [ [ [ 79.21237909518733, 9.249485354481338 ], [ 79.213542680279886, 9.249001998753533 ], [ 79.212122933397495, 9.247740726903082 ], [ 79.21237909518733, 9.249485354481338 ] ] ] } },
{ "type": "Feature", "properties": { "Area": 0.17727190203400001 }, "geometry": { "type": "Polygon", "coordinates": [ [ [ 86.781092283649983, 20.361341494588327 ], [ 86.784060066718737, 20.361432714233885 ], [ 86.780329177392559, 20.35792210987459 ], [ 86.781092283649983, 20.361341494588327 ] ] ] } },
{ "type": "Feature", "properties": { "Area": 0.110603761445 }, "geometry": { "type": "Polygon", "coordinates": [ [ [ 86.79074479097234, 20.385419893985848 ], [ 86.792888455107871, 20.382088044960692 ], [ 86.791402220318048, 20.381350675601052 ], [ 86.79074479097234, 20.385419893985848 ] ] ] } },
{ "type": "Feature", "properties": { "Area": 4.06994068826 }, "geometry": { "type": "Polygon", "coordinates": [ [ [ 86.799487203402222, 20.39997389389093 ], [ 86.805806617864022, 20.39556207601381 ], [ 86.808008428151282, 20.376100429711052 ], [ 86.799175925478167, 20.364309674171814 ], [ 86.799487203402222, 20.39997389389093 ] ] ] } },
{ "type": "Feature", "properties": { "Area": 8.4207571770699996 }, "geometry": { "type": "Polygon", "coordinates": [ [ [ 86.793966116343512, 20.4929996103847 ], [ 86.808512142277166, 20.452915151033331 ], [ 86.787781628837379, 20.383255293773789 ], [ 86.79044391104766, 20.43234951292651 ], [ 86.800316687074314, 20.442915848024999 ], [ 86.793966116343512, 20.4929996103847 ] ] ] } },
{ "type": "Feature", "properties": { "Area": 0.00030836845439599999 }, "geometry": { "type": "Polygon", "coordinates": [ [ [ 71.010965692250991, 20.739461341878265 ], [ 71.010973157251001, 20.739490442264845 ], [ 71.011446348420179, 20.739639501953356 ], [ 71.010965692250991, 20.739461341878265 ] ] ] } },
{ "type": "Feature", "properties": { "Area": 0.00013997657012499999 }, "geometry": { "type": "Polygon", "coordinates": [ [ [ 71.013098452635603, 20.739916365464367 ], [ 71.013111876160892, 20.739882141374988 ], [ 71.012500506134714, 20.739880438487329 ], [ 71.013098452635603, 20.739916365464367 ] ] ] } },
{ "type": "Feature", "properties": { "Area": 0.00022144408956599999 }, "geometry": { "type": "Polygon", "coordinates": [ [ [ 71.01209331329116, 20.739879302668836 ], [ 71.012143027855643, 20.739858958746353 ], [ 71.011446348420179, 20.739639501953356 ], [ 71.01209331329116, 20.739879302668836 ] ] ] } },
{ "type": "Feature", "properties": { "Area": 29.7217288756 }, "geometry": { "type": "Polygon", "coordinates": [ [ [ 70.92991074548739, 20.733794052752302 ], [ 70.94621903603975, 20.719550376660866 ], [ 70.999999343130099, 20.715889197709036 ], [ 70.979688365385883, 20.704871550105871 ], [ 70.931187835411052, 20.712865868849217 ], [ 70.91210189560968, 20.698922419505756 ], [ 70.875401316305144, 20.711988425233347 ], [ 70.890540908554371, 20.727986785258629 ], [ 70.92991074548739, 20.733794052752302 ] ] ] } },
{ "type": "Feature", "properties": { "Area": 1.9600501453000001 }, "geometry": { "type": "Polygon", "coordinates": [ [ [ 71.005202306203984, 20.739005888469084 ], [ 71.013818739796704, 20.735676893888552 ], [ 70.992248949251604, 20.724636032828183 ], [ 70.984906408478437, 20.728098809079842 ], [ 71.005202306203984, 20.739005888469084 ] ] ] } },
{ "type": "Feature", "properties": { "Area": 4.9644388130800001e-06 }, "geometry": { "type": "Polygon", "coordinates": [ [ [ 71.145768538482727, 20.757467681629027 ], [ 71.145765353056703, 20.757468355312859 ], [ 71.145862096222928, 20.757683098177058 ], [ 71.145768538482727, 20.757467681629027 ] ] ] } },
{ "type": "Feature", "properties": { "Area": 8.6498380669100005e-07 }, "geometry": { "type": "Polygon", "coordinates": [ [ [ 71.145897068535263, 20.757760727926691 ], [ 71.145862096222928, 20.757683098177058 ], [ 71.145902339849329, 20.757787644144752 ], [ 71.145897068535263, 20.757760727926691 ] ] ] } },
{ "type": "Feature", "properties": { "Area": 3.0743089576900002e-05 }, "geometry": { "type": "Polygon", "coordinates": [ [ [ 71.146012400539632, 20.758553910565791 ], [ 71.145912424336714, 20.757829433447487 ], [ 71.145902339849329, 20.757787644144752 ], [ 71.146012400539632, 20.758553910565791 ] ] ] } },
{ "type": "Feature", "properties": { "Area": 1.5132906559e-05 }, "geometry": { "type": "Polygon", "coordinates": [ [ [ 71.145971973656913, 20.758761311989254 ], [ 71.145958918440883, 20.758781848248571 ], [ 71.145947342750119, 20.75883118297137 ], [ 71.145971973656913, 20.758761311989254 ] ] ] } },
{ "type": "Feature", "properties": { "Area": 0.00028955296448799999 }, "geometry": { "type": "Polygon", "coordinates": [ [ [ 71.14581662080829, 20.761369102283862 ], [ 71.145622252330298, 20.760172581126277 ], [ 71.145617911670811, 20.760661507278829 ], [ 71.14581662080829, 20.761369102283862 ] ] ] } },
{ "type": "Feature", "properties": { "Area": 0.58063213779800005 }, "geometry": { "type": "Polygon", "coordinates": [ [ [ 71.149190823271184, 20.757898271657428 ], [ 71.146341714837959, 20.763238905658241 ], [ 71.157552024830451, 20.761724021598862 ], [ 71.149190823271184, 20.757898271657428 ] ] ] } },
{ "type": "Feature", "properties": { "Area": 3.0656048359599999 }, "geometry": { "type": "Polygon", "coordinates": [ [ [ 88.624430484693931, 21.665181178839536 ], [ 88.636747689796366, 21.671288715110219 ], [ 88.62877056742839, 21.646482915049436 ], [ 88.624430484693931, 21.665181178839536 ] ] ] } },
{ "type": "Feature", "properties": { "Area": 1.3826151468200001 }, "geometry": { "type": "Polygon", "coordinates": [ [ [ 88.016850339312171, 21.562946988171451 ], [ 88.01864938006031, 21.552069722685285 ], [ 88.013749083660173, 21.54683727719647 ], [ 88.009970170398887, 21.558227812144889 ], [ 88.016850339312171, 21.562946988171451 ] ] ] } },
{ "type": "Feature", "properties": { "Area": 8.8938693585199999 }, "geometry": { "type": "Polygon", "coordinates": [ [ [ 88.162389176981563, 21.596587674065752 ], [ 88.164384018122291, 21.582398195114479 ], [ 88.181129720844368, 21.577950570653037 ], [ 88.196418066019817, 21.540394133240476 ], [ 88.172367357730352, 21.548920145434813 ], [ 88.160405392305336, 21.587779464495767 ], [ 88.162389176981563, 21.596587674065752 ] ] ] } },
{ "type": "Feature", "properties": { "Area": 26.077529356100001 }, "geometry": { "type": "Polygon", "coordinates": [ [ [ 88.291029920825736, 21.593199737382974 ], [ 88.327363136789742, 21.569123346458287 ], [ 88.29498184961075, 21.545957538957939 ], [ 88.258494300385934, 21.544075125558148 ], [ 88.276577661939726, 21.578752308179123 ], [ 88.287917510792838, 21.575473069958214 ], [ 88.291029920825736, 21.593199737382974 ] ] ] } },
{ "type": "Feature", "properties": { "Area": 35.668580622599997 }, "geometry": { "type": "Polygon", "coordinates": [ [ [ 88.495024222615797, 21.597182181917702 ], [ 88.530636227052284, 21.579466972671764 ], [ 88.529215466870284, 21.550335892089969 ], [ 88.541733277453773, 21.535474608710192 ], [ 88.529689190740427, 21.525929600526144 ], [ 88.49605676955953, 21.534601127999942 ], [ 88.498312475170593, 21.542367410262155 ], [ 88.481438294498233, 21.547598807916462 ], [ 88.483676750659185, 21.58046568133215 ], [ 88.495024222615797, 21.597182181917702 ] ] ] } },
{ "type": "Feature", "properties": { "Area": 53.135845504000002 }, "geometry": { "type": "Polygon", "coordinates": [ [ [ 88.833011643613546, 21.604544781156186 ], [ 88.887317669062639, 21.579890603546225 ], [ 88.901968098995226, 21.548043327475728 ], [ 88.870549152725573, 21.532014783745641 ], [ 88.82850480751118, 21.547549021747972 ], [ 88.82388746425589, 21.593955860912111 ], [ 88.833011643613546, 21.604544781156186 ] ] ] } },
{ "type": "Feature", "properties": { "Area": 1.05405679797 }, "geometry": { "type": "Polygon", "coordinates": [ [ [ 89.12314415562777, 21.585688247598245 ], [ 89.136459562385724, 21.591427817132825 ], [ 89.137028227401615, 21.588257725593657 ], [ 89.12314415562777, 21.585688247598245 ] ] ] } },
{ "type": "Feature", "properties": { "Area": 48.054392567900003 }, "geometry": { "type": "Polygon", "coordinates": [ [ [ 88.521281722350736, 21.64996332479895 ], [ 88.581700796782997, 21.601964254972962 ], [ 88.576839091109164, 21.579500801872562 ], [ 88.555304063568897, 21.558853983829138 ], [ 88.544048481181022, 21.562237862284736 ], [ 88.536991140239195, 21.586544069563384 ], [ 88.507501628774406, 21.598525107742741 ], [ 88.521281722350736, 21.64996332479895 ] ] ] } },
{ "type": "Feature", "properties": { "Area": 73.741529767499998 }, "geometry": { "type": "Polygon", "coordinates": [ [ [ 88.765175993753928, 21.651988979279587 ], [ 88.771545064389713, 21.6441733956988 ], [ 88.768539338279979, 21.623651930908554 ], [ 88.794876974026465, 21.587708523034809 ], [ 88.754362776846236, 21.558014168932338 ], [ 88.744359798104043, 21.580755345318114 ], [ 88.743092977720707, 21.564378436142242 ], [ 88.722250624028035, 21.562019545616703 ], [ 88.703521124053324, 21.580781591807057 ], [ 88.713567891174065, 21.633980283612857 ], [ 88.765175993753928, 21.651988979279587 ] ] ] } },
{ "type": "Feature", "properties": { "Area": 35.543868859500002 }, "geometry": { "type": "Polygon", "coordinates": [ [ [ 88.323160287884647, 21.684082821570925 ], [ 88.343305601917407, 21.673319655037862 ], [ 88.353399366198872, 21.654505503402213 ], [ 88.348055723358257, 21.624770234328132 ], [ 88.323171711760097, 21.59830248662746 ], [ 88.309329634429176, 21.6034234473486 ], [ 88.30448689937748, 21.616896897401663 ], [ 88.323160287884647, 21.684082821570925 ] ] ] } },
{ "type": "Feature", "properties": { "Area": 20.792797050600001 }, "geometry": { "type": "Polygon", "coordinates": [ [ [ 88.418931071814995, 21.685137892702851 ], [ 88.43175816696089, 21.656106234185316 ], [ 88.447955494016128, 21.645789348975345 ], [ 88.462792173453238, 21.649616447005734 ], [ 88.441050360921068, 21.593427346228601 ], [ 88.427043466990042, 21.596752430793909 ], [ 88.429399107481487, 21.60382540374431 ], [ 88.422695838407193, 21.596825310616477 ], [ 88.41867222406249, 21.601886018957035 ], [ 88.438678045901341, 21.621306295499362 ], [ 88.432346544607398, 21.648361037997269 ], [ 88.42635405402693, 21.648184944630788 ], [ 88.432236958227577, 21.652267084848813 ], [ 88.420388887502483, 21.65267219919588 ], [ 88.418931071814995, 21.685137892702851 ] ] ] } },
{ "type": "Feature", "properties": { "Area": 21.4401938227 }, "geometry": { "type": "Polygon", "coordinates": [ [ [ 88.570859074534724, 21.685763100009169 ], [ 88.5795526204098, 21.65690665428351 ], [ 88.602761228188982, 21.621803927981713 ], [ 88.600194644404212, 21.610540735799646 ], [ 88.551942936983295, 21.638070862415553 ], [ 88.570859074534724, 21.685763100009169 ] ] ] } },
{ "type": "Feature", "properties": { "Area": 0.34967321021199999 }, "geometry": { "type": "Polygon", "coordinates": [ [ [ 88.295688356615386, 21.709329623757352 ], [ 88.300528130819899, 21.705665566736265 ], [ 88.299792384551068, 21.703230710058346 ], [ 88.295688356615386, 21.709329623757352 ] ] ] } },
{ "type": "Feature", "properties": { "Area": 23.6854274463 }, "geometry": { "type": "Polygon", "coordinates": [ [ [ 88.950099207589233, 21.674627452695599 ], [ 88.962987725042694, 21.647868561834834 ], [ 88.987224326205464, 21.638262796593882 ], [ 88.986336286749875, 21.615799671334695 ], [ 88.965433426132961, 21.617348908431936 ], [ 88.937478332394875, 21.636700435050216 ], [ 88.937528556304102, 21.656182777714008 ], [ 88.950099207589233, 21.674627452695599 ] ] ] } },
{ "type": "Feature", "properties": { "Area": 29.172494385699999 }, "geometry": { "type": "Polygon", "coordinates": [ [ [ 88.455257501905379, 21.710070579635893 ], [ 88.476286685414209, 21.679052234103928 ], [ 88.468238143387893, 21.666731000778551 ], [ 88.467187070488009, 21.682809713584149 ], [ 88.437187671674721, 21.694243911748806 ], [ 88.445817368892634, 21.684604723168651 ], [ 88.465920253697917, 21.681442643640317 ], [ 88.463144369638457, 21.650951948236806 ], [ 88.447988631968656, 21.646382158254234 ], [ 88.431845409544678, 21.657544226151373 ], [ 88.438013476745724, 21.673134912618227 ], [ 88.432138476821279, 21.670578311315218 ], [ 88.417559148543418, 21.690520586261705 ], [ 88.442596573527467, 21.709268887406434 ], [ 88.455257501905379, 21.710070579635893 ] ] ] } },
{ "type": "Feature", "properties": { "Area": 18.161048150799999 }, "geometry": { "type": "Polygon", "coordinates": [ [ [ 88.690617187018006, 21.713709203514988 ], [ 88.701806104530306, 21.678725587800873 ], [ 88.741166497474751, 21.645473681508236 ], [ 88.715940560130036, 21.637140402471843 ], [ 88.714826373394914, 21.653680151733344 ], [ 88.706699686023697, 21.650760106905182 ], [ 88.67978543606938, 21.678103544668655 ], [ 88.690617187018006, 21.713709203514988 ] ] ] } },
{ "type": "Feature", "properties": { "Area": 1.17323776425 }, "geometry": { "type": "Polygon", "coordinates": [ [ [ 88.198886614860996, 21.75626985461383 ], [ 88.201681838750204, 21.735770222604977 ], [ 88.199405575193921, 21.733186032158788 ], [ 88.198886614860996, 21.75626985461383 ] ] ] } },
{ "type": "Feature", "properties": { "Area": 16.675881541300001 }, "geometry": { "type": "Polygon", "coordinates": [ [ [ 88.974664694553923, 21.723172891850353 ], [ 89.005045393171031, 21.71425783421428 ], [ 89.004658585796221, 21.702845365954801 ], [ 89.01557797458733, 21.693707355354835 ], [ 89.006701184072412, 21.659194698560079 ], [ 88.991261182615787, 21.65845791180633 ], [ 88.991661998319131, 21.70039435780626 ], [ 88.974664694553923, 21.723172891850353 ] ] ] } },
{ "type": "Feature", "properties": { "Area": 63.131579191900002 }, "geometry": { "type": "Polygon", "coordinates": [ [ [ 88.878278955421095, 21.74224091218359 ], [ 88.933987756780212, 21.693394477137364 ], [ 88.917834294460306, 21.629610244503493 ], [ 88.88309033387948, 21.651828285668486 ], [ 88.864940126888769, 21.694076572696112 ], [ 88.878278955421095, 21.74224091218359 ] ] ] } },
{ "type": "Feature", "properties": { "Area": 12.8235601631 }, "geometry": { "type": "Polygon", "coordinates": [ [ [ 88.579255766734263, 21.771973750113602 ], [ 88.580894987311922, 21.75310908732731 ], [ 88.61034166890056, 21.73928148703763 ], [ 88.612216520272156, 21.7282546975324 ], [ 88.589961643948641, 21.719288800818898 ], [ 88.576512681962441, 21.72460508139083 ], [ 88.579728055994877, 21.745274992789785 ], [ 88.566071266072782, 21.765028972833143 ], [ 88.579255766734263, 21.771973750113602 ] ] ] } },
{ "type": "Feature", "properties": { "Area": 1.5131231884 }, "geometry": { "type": "Polygon", "coordinates": [ [ [ 88.274865486482938, 21.792958057636984 ], [ 88.288279860635726, 21.785181451004384 ], [ 88.291146300265723, 21.776555382485103 ], [ 88.277799813595578, 21.785550150592659 ], [ 88.274865486482938, 21.792958057636984 ] ] ] } },
{ "type": "Feature", "properties": { "Area": 75.392042856200007 }, "geometry": { "type": "Polygon", "coordinates": [ [ [ 88.83774885895869, 21.761991955755228 ], [ 88.860022925093261, 21.756749289199266 ], [ 88.834665590273602, 21.711889893896391 ], [ 88.838176862174095, 21.676484318643251 ], [ 88.855421148743503, 21.643437113408623 ], [ 88.838579839224039, 21.626425211675599 ], [ 88.8388815842263, 21.616598773989477 ], [ 88.801164598008683, 21.631333434399185 ], [ 88.816683733855328, 21.665971375928272 ], [ 88.81438287173161, 21.699258773794899 ], [ 88.803623384857701, 21.713702063730018 ], [ 88.759696826577965, 21.699319373312417 ], [ 88.779740273454166, 21.715311182868142 ], [ 88.779027988485595, 21.729221126440606 ], [ 88.788757277510229, 21.73385425399718 ], [ 88.785944291232894, 21.745153170778913 ], [ 88.83774885895869, 21.761991955755228 ] ] ] } },
{ "type": "Feature", "properties": { "Area": 78.171213399899997 }, "geometry": { "type": "Polygon", "coordinates": [ [ [ 88.918068762834281, 21.759602578387724 ], [ 88.959315244176253, 21.751384784667621 ], [ 88.963966774616352, 21.741424647700761 ], [ 88.977707317167344, 21.741712762093922 ], [ 88.965958032377401, 21.722861614038763 ], [ 88.987537821171628, 21.690588548246865 ], [ 88.983951102465383, 21.661199960120513 ], [ 88.998447034745524, 21.651019791944645 ], [ 89.011060874334575, 21.655152690727036 ], [ 89.03236198326978, 21.626850339331568 ], [ 89.031311265204465, 21.611545872156409 ], [ 89.022760632307921, 21.604746971071297 ], [ 88.996838538347234, 21.603572906907843 ], [ 88.99023751911183, 21.63915313561203 ], [ 88.963742444628664, 21.6494192694236 ], [ 88.948819570941723, 21.678115096365801 ], [ 88.946869038304072, 21.700924924885136 ], [ 88.917383179389248, 21.717055445274866 ], [ 88.926123902088079, 21.742626638869115 ], [ 88.918068762834281, 21.759602578387724 ] ] ] } },
{ "type": "Feature", "properties": { "Area": 22.3705647283 }, "geometry": { "type": "Polygon", "coordinates": [ [ [ 88.607424919123062, 21.782121727183384 ], [ 88.621129788675816, 21.768876372419818 ], [ 88.624042262472557, 21.735063653324797 ], [ 88.605971461163037, 21.703506642714725 ], [ 88.593736120430748, 21.715612107569431 ], [ 88.615468848300424, 21.726352174374643 ], [ 88.618583346018028, 21.737868500523845 ], [ 88.586217554777647, 21.752849350253406 ], [ 88.583244455479047, 21.762316852881238 ], [ 88.588104262114385, 21.780156842176162 ], [ 88.607424919123062, 21.782121727183384 ] ] ] } },
{ "type": "Feature", "properties": { "Area": 111.574182374 }, "geometry": { "type": "Polygon", "coordinates": [ [ [ 88.544960545180572, 21.806486251773066 ], [ 88.567887089147064, 21.787655254076437 ], [ 88.552879760348688, 21.759908794132393 ], [ 88.56537453812831, 21.751832151351586 ], [ 88.567570286584029, 21.735961778842004 ], [ 88.555185382645135, 21.731443188737043 ], [ 88.566902103506024, 21.728078944631921 ], [ 88.604484030715597, 21.677103623984781 ], [ 88.584156163745732, 21.655932742661488 ], [ 88.575255326228955, 21.68054538156154 ], [ 88.579320955677801, 21.689144067863367 ], [ 88.563740994903256, 21.694895432167076 ], [ 88.560032463746154, 21.662860141979348 ], [ 88.543608961563649, 21.637280873288219 ], [ 88.524015581424564, 21.654754930604081 ], [ 88.513293216531466, 21.737693727323094 ], [ 88.506380261805262, 21.739269526373786 ], [ 88.50295483560825, 21.754383732535128 ], [ 88.514486953576551, 21.762037315485522 ], [ 88.504393374348069, 21.766809493824425 ], [ 88.511226164316625, 21.781806920926034 ], [ 88.544960545180572, 21.806486251773066 ] ] ] } },
{ "type": "Feature", "properties": { "Area": 22.2891738786 }, "geometry": { "type": "Polygon", "coordinates": [ [ [ 88.817719809381529, 21.818254377306893 ], [ 88.825468562936322, 21.803953638843623 ], [ 88.817814401980954, 21.774070511293178 ], [ 88.82508304823719, 21.764340382739814 ], [ 88.804276421441699, 21.749953163199034 ], [ 88.788741172513795, 21.749834790248155 ], [ 88.783232702293247, 21.765980666392839 ], [ 88.817719809381529, 21.818254377306893 ] ] ] } },
{ "type": "Feature", "properties": { "Area": 134.226595694 }, "geometry": { "type": "Polygon", "coordinates": [ [ [ 89.009587730693383, 21.812000980897999 ], [ 89.021620442040287, 21.760659235613129 ], [ 89.058776786095834, 21.725059613928575 ], [ 89.072027435999885, 21.70232896479536 ], [ 89.066784199655203, 21.690275183296166 ], [ 89.092921405990452, 21.661257880655409 ], [ 89.090598233308327, 21.63864980882995 ], [ 89.059482978690113, 21.615219333886635 ], [ 89.026607704343093, 21.639089734408252 ], [ 89.025082197005716, 21.652468105059747 ], [ 89.032327644269728, 21.658857784018036 ], [ 89.016873682993577, 21.660798896346154 ], [ 89.021403809716276, 21.688009421850825 ], [ 89.012429748724074, 21.714000488078643 ], [ 88.977025789615794, 21.728842212406217 ], [ 88.980909838104679, 21.746686296938076 ], [ 88.967580765276324, 21.746650601191622 ], [ 88.956117312731692, 21.759506220785308 ], [ 88.960678415162008, 21.769932838728607 ], [ 88.984180331864607, 21.781536673402524 ], [ 89.000945540604803, 21.775463356452281 ], [ 88.993832046872882, 21.79848368278552 ], [ 88.998657176741617, 21.809816219675639 ], [ 89.009587730693383, 21.812000980897999 ] ] ] } },
{ "type": "Feature", "properties": { "Area": 4.5626452565499998 }, "geometry": { "type": "Polygon", "coordinates": [ [ [ 88.166415558137317, 21.866955824523821 ], [ 88.192280210225491, 21.837932832041911 ], [ 88.191315763665116, 21.830836656651581 ], [ 88.180032329011823, 21.832668013965183 ], [ 88.162819010963531, 21.860895626331018 ], [ 88.166415558137317, 21.866955824523821 ] ] ] } },
{ "type": "Feature", "properties": { "Area": 18.774980820300001 }, "geometry": { "type": "Polygon", "coordinates": [ [ [ 88.588480650828544, 21.847426126532721 ], [ 88.613638894726719, 21.823363288589768 ], [ 88.60176924377356, 21.81377744821938 ], [ 88.608362660566684, 21.796216960714979 ], [ 88.585812772113997, 21.796415149064909 ], [ 88.572671708589752, 21.811936683413389 ], [ 88.588480650828544, 21.847426126532721 ] ] ] } },
{ "type": "Feature", "properties": { "Area": 304.24421549599998 }, "geometry": { "type": "Polygon", "coordinates": [ [ [ 88.139097757109582, 21.878616791862193 ], [ 88.168120795905196, 21.82900364810768 ], [ 88.171842777537023, 21.794296402322022 ], [ 88.177941595409465, 21.797827645056948 ], [ 88.183227437051485, 21.786951488494843 ], [ 88.177605629086472, 21.776456658768421 ], [ 88.171511787880718, 21.788891573223328 ], [ 88.175427597204788, 21.738068990742956 ], [ 88.14193172982857, 21.682366977955919 ], [ 88.146405460317737, 21.612151828753696 ], [ 88.1303970633398, 21.611049446263923 ], [ 88.052488656301676, 21.636932956323221 ], [ 88.036795232018548, 21.649487885342374 ], [ 88.031412021084606, 21.665648831676119 ], [ 88.049151562344861, 21.687735511253347 ], [ 88.054788296716609, 21.707998297232169 ], [ 88.049949684033791, 21.726210097982609 ], [ 88.065486551725797, 21.747323964438493 ], [ 88.096112183191664, 21.826739557403538 ], [ 88.117001974219519, 21.861530201018944 ], [ 88.139097757109582, 21.878616791862193 ] ] ] } },
{ "type": "Feature", "properties": { "Area": 53.925606190400003 }, "geometry": { "type": "Polygon", "coordinates": [ [ [ 88.851913104489853, 21.861022118799546 ], [ 88.853887056206943, 21.852979113891632 ], [ 88.871845239322539, 21.848791295993397 ], [ 88.875058701740059, 21.80015925331794 ], [ 88.890328892861902, 21.779588416666179 ], [ 88.88771845332495, 21.750285988145599 ], [ 88.915609852916106, 21.742961475019609 ], [ 88.906812846273155, 21.727530645372834 ], [ 88.87597049085511, 21.745400788065151 ], [ 88.872232255106496, 21.764508165622615 ], [ 88.858920346388274, 21.776839288704899 ], [ 88.831311183984653, 21.780711268638836 ], [ 88.834814503998246, 21.845290534899799 ], [ 88.851913104489853, 21.861022118799546 ] ] ] } },
{ "type": "Feature", "properties": { "Area": 8.7882060860800006 }, "geometry": { "type": "Polygon", "coordinates": [ [ [ 88.573566819583263, 21.878370745335452 ], [ 88.574845624390804, 21.856798536547757 ], [ 88.557941071678684, 21.828625112717287 ], [ 88.552153900039556, 21.833633314946852 ], [ 88.558691950966789, 21.853871379685433 ], [ 88.552969578402383, 21.875972078741572 ], [ 88.573566819583263, 21.878370745335452 ] ] ] } },
{ "type": "Feature", "properties": { "Area": 14.288588774700001 }, "geometry": { "type": "Polygon", "coordinates": [ [ [ 88.095523991496449, 21.91791943167604 ], [ 88.122851515888826, 21.88529206287237 ], [ 88.124261876274772, 21.891803520723215 ], [ 88.132645962415907, 21.888004815084901 ], [ 88.105651434516219, 21.866132937420428 ], [ 88.095439599267095, 21.885618453976157 ], [ 88.099365045717505, 21.887601900138115 ], [ 88.107011014037482, 21.897125130176349 ], [ 88.095315943473267, 21.887298438245317 ], [ 88.082727898109312, 21.908358147778145 ], [ 88.095523991496449, 21.91791943167604 ] ] ] } },
{ "type": "Feature", "properties": { "Area": 46.255023212899999 }, "geometry": { "type": "Polygon", "coordinates": [ [ [ 88.619663203634531, 21.893618380182108 ], [ 88.62989575852572, 21.867457556333559 ], [ 88.649530836663629, 21.863789833937663 ], [ 88.639427984126428, 21.786702988630232 ], [ 88.61696558529421, 21.794240153524299 ], [ 88.608089975165569, 21.812558821142822 ], [ 88.617245593761538, 21.825948616415968 ], [ 88.592583386986817, 21.851485497594826 ], [ 88.609884388691668, 21.888093043175218 ], [ 88.619663203634531, 21.893618380182108 ] ] ] } },
{ "type": "Feature", "properties": { "Area": 1.1962956365099999 }, "geometry": { "type": "Polygon", "coordinates": [ [ [ 88.49562624387481, 21.907910578637416 ], [ 88.489402213428178, 21.899219789463725 ], [ 88.482440742490098, 21.898984543908771 ], [ 88.484234629603463, 21.905186244234731 ], [ 88.49562624387481, 21.907910578637416 ] ] ] } },
{ "type": "Feature", "properties": { "Area": 272.06615220700002 }, "geometry": { "type": "Polygon", "coordinates": [ [ [ 88.711492158538604, 21.894844757894784 ], [ 88.742477161932172, 21.894645939151847 ], [ 88.772212777648789, 21.867236248393464 ], [ 88.786438369130749, 21.877038600878588 ], [ 88.784391302634333, 21.862738363768919 ], [ 88.801030551402008, 21.877897857584699 ], [ 88.825150901583854, 21.862045072842744 ], [ 88.807827779763443, 21.807440662638264 ], [ 88.791398843671757, 21.790578398205593 ], [ 88.786078680996027, 21.793339366508189 ], [ 88.790298009495032, 21.783238181249757 ], [ 88.778091222612389, 21.761612023546473 ], [ 88.782078105743423, 21.734449007405669 ], [ 88.750792502699596, 21.734183528915263 ], [ 88.761295635544215, 21.760526306233839 ], [ 88.747289159329782, 21.767310797621342 ], [ 88.767070137344589, 21.80079442198836 ], [ 88.74206701812291, 21.767843764846976 ], [ 88.753689703339845, 21.757156885388891 ], [ 88.745967807615429, 21.730589832195989 ], [ 88.771674523300248, 21.719480227129289 ], [ 88.75487968273211, 21.708618537048515 ], [ 88.755482666086777, 21.692135987729518 ], [ 88.795428867496014, 21.703394808437906 ], [ 88.804480267145962, 21.698892802380072 ], [ 88.803096335195647, 21.665522269579011 ], [ 88.794041854324291, 21.653418080258945 ], [ 88.767044053861994, 21.662799048748944 ], [ 88.741426446561803, 21.655730992555352 ], [ 88.704821982501073, 21.686568710297443 ], [ 88.688630801719015, 21.747531205766588 ], [ 88.704281123038172, 21.774233345032002 ], [ 88.707201174124336, 21.80333860739438 ], [ 88.716746540281022, 21.801847827300062 ], [ 88.703147221875867, 21.808899272200215 ], [ 88.692519139663403, 21.839251535321452 ], [ 88.711492158538604, 21.894844757894784 ] ] ] } },
{ "type": "Feature", "properties": { "Area": 9.4494406977099992 }, "geometry": { "type": "Polygon", "coordinates": [ [ [ 88.816892518497056, 21.896991845788779 ], [ 88.835145390348316, 21.88092434144923 ], [ 88.826473489380035, 21.861978433452304 ], [ 88.802586048096842, 21.878225500192631 ], [ 88.816892518497056, 21.896991845788779 ] ] ] } },
{ "type": "Feature", "properties": { "Area": 0.190283422955 }, "geometry": { "type": "Polygon", "coordinates": [ [ [ 79.48917885577211, 9.119015477028729 ], [ 79.491764196380018, 9.124005596948217 ], [ 79.496399629908538, 9.124804216743435 ], [ 79.496471862542208, 9.123145126472151 ], [ 79.48917885577211, 9.119015477028729 ] ] ] } },
{ "type": "Feature", "properties": { "Area": 0.022417900562399999 }, "geometry": { "type": "Polygon", "coordinates": [ [ [ 79.488137020248288, 9.128072739247825 ], [ 79.488150155414388, 9.126368433615092 ], [ 79.486958614750179, 9.127178020472465 ], [ 79.488137020248288, 9.128072739247825 ] ] ] } },
{ "type": "Feature", "properties": { "Area": 75.723995139300001 }, "geometry": { "type": "Polygon", "coordinates": [ [ [ 88.98032225726385, 21.890546891688231 ], [ 89.028699430583856, 21.867623618555587 ], [ 89.029599807501555, 21.832986250753777 ], [ 89.016279212972833, 21.813654159849683 ], [ 88.994928484694583, 21.815941442931386 ], [ 88.964091854239882, 21.776200603613571 ], [ 88.938797176911265, 21.78845238321718 ], [ 88.948637364754319, 21.80254038671282 ], [ 88.971816161940822, 21.804893791916374 ], [ 88.971132269125121, 21.823939269305477 ], [ 88.953896657586426, 21.826387465442117 ], [ 88.946901914846833, 21.839875407905428 ], [ 88.957255471908454, 21.857217113548799 ], [ 88.973722399550141, 21.864918109659595 ], [ 88.965610172360044, 21.888294755999397 ], [ 88.98032225726385, 21.890546891688231 ] ] ] } },
{ "type": "Feature", "properties": { "Area": 18.587398724700002 }, "geometry": { "type": "Polygon", "coordinates": [ [ [ 88.637787862538559, 21.917564236858944 ], [ 88.666896659901113, 21.907668819057214 ], [ 88.646180356910804, 21.869413461291771 ], [ 88.631998411873596, 21.869872534974093 ], [ 88.620612291698507, 21.897948814557825 ], [ 88.637787862538559, 21.917564236858944 ] ] ] } },
{ "type": "Feature", "properties": { "Area": 22.027796990100001 }, "geometry": { "type": "Polygon", "coordinates": [ [ [ 88.123118426919305, 21.947907660014923 ], [ 88.14869368314541, 21.922076929516596 ], [ 88.1319449998132, 21.894473359400415 ], [ 88.089145314277033, 21.926328908722059 ], [ 88.123118426919305, 21.947907660014923 ] ] ] } },
{ "type": "Feature", "properties": { "Area": 42.459262130600003 }, "geometry": { "type": "Polygon", "coordinates": [ [ [ 88.721805710027368, 21.926158126523063 ], [ 88.73268906290086, 21.916261983292966 ], [ 88.751891631873903, 21.923830662177579 ], [ 88.79538075193274, 21.916455681510818 ], [ 88.808797660232955, 21.899989825865159 ], [ 88.805294704935349, 21.885604995930333 ], [ 88.789641504515714, 21.871403699445978 ], [ 88.783807727381344, 21.877853484889247 ], [ 88.771984922671948, 21.868853607788616 ], [ 88.743932643796555, 21.895533225944572 ], [ 88.71789650242232, 21.900619474151149 ], [ 88.713529674146912, 21.914699061944543 ], [ 88.721805710027368, 21.926158126523063 ] ] ] } },
{ "type": "Feature", "properties": { "Area": 174.01511270200001 }, "geometry": { "type": "Polygon", "coordinates": [ [ [ 88.910303645568334, 21.925137510737208 ], [ 88.967620133045315, 21.898113566866186 ], [ 88.962755974072451, 21.887145822644683 ], [ 88.969624261867779, 21.86540586011904 ], [ 88.948805005657718, 21.852359596580012 ], [ 88.941957689930987, 21.835245212686189 ], [ 88.968776957417063, 21.815810815725676 ], [ 88.962284405260661, 21.803901801793501 ], [ 88.943910829479606, 21.807042907493713 ], [ 88.932072870191334, 21.79050789019475 ], [ 88.952088372275668, 21.769495699639322 ], [ 88.916349763774619, 21.765525787784355 ], [ 88.897287791024993, 21.751007527706815 ], [ 88.895611514941919, 21.787570465728038 ], [ 88.880106325440053, 21.800520074948444 ], [ 88.885565810528135, 21.81019336614678 ], [ 88.873776836372329, 21.850135770481405 ], [ 88.854979540543113, 21.85640668982839 ], [ 88.841695352936242, 21.896524782664212 ], [ 88.816814313863333, 21.922497240841544 ], [ 88.842317661747629, 21.91015383841064 ], [ 88.870689596235408, 21.915029304366474 ], [ 88.882908912819644, 21.909552587335526 ], [ 88.910303645568334, 21.925137510737208 ] ] ] } },
{ "type": "Feature", "properties": { "Area": 31.656826880299999 }, "geometry": { "type": "Polygon", "coordinates": [ [ [ 88.724874414326749, 21.972464938764521 ], [ 88.750860886950576, 21.973087110370265 ], [ 88.749784947785344, 21.952672730972335 ], [ 88.772261655881735, 21.93872852388634 ], [ 88.783441267746042, 21.947756551643288 ], [ 88.802610284643194, 21.928690953401542 ], [ 88.784935793087584, 21.91741195035268 ], [ 88.769705611131869, 21.926097689618931 ], [ 88.728695075892546, 21.924248696619273 ], [ 88.720818973569848, 21.937577421643127 ], [ 88.724874414326749, 21.972464938764521 ] ] ] } },
{ "type": "Feature", "properties": { "Area": 18.558203261799999 }, "geometry": { "type": "Polygon", "coordinates": [ [ [ 88.132303212015913, 22.018852281428963 ], [ 88.137826867357987, 22.011054543441062 ], [ 88.122401994429083, 21.977328639967276 ], [ 88.09407204629936, 21.971825968933771 ], [ 88.090595151128156, 21.983119780054228 ], [ 88.099077734845267, 21.99851885054677 ], [ 88.116626739840498, 22.015613885200153 ], [ 88.132303212015913, 22.018852281428963 ] ] ] } },
{ "type": "Feature", "properties": { "Area": 39.895485301299999 }, "geometry": { "type": "Polygon", "coordinates": [ [ [ 88.772623962605493, 21.984262246761539 ], [ 88.784757399350255, 21.967186114788547 ], [ 88.837596524449424, 21.973334070375426 ], [ 88.836254937284991, 21.940042403294708 ], [ 88.860352380427102, 21.930443439605625 ], [ 88.863483816777673, 21.920185362358474 ], [ 88.848233753308094, 21.917513210246803 ], [ 88.820120927982572, 21.937628956022959 ], [ 88.789632976808747, 21.939199082452618 ], [ 88.785318676621245, 21.952042613031917 ], [ 88.769157476213479, 21.942489677526186 ], [ 88.754826973184478, 21.953605799103723 ], [ 88.750559864193846, 21.977883917699273 ], [ 88.772623962605493, 21.984262246761539 ] ] ] } },
{ "type": "Feature", "properties": { "Area": 0.0023734252376700002 }, "geometry": { "type": "Polygon", "coordinates": [ [ [ 68.683661580870208, 23.152250180815475 ], [ 68.684571043348711, 23.152188537160463 ], [ 68.683210067845494, 23.152387475617445 ], [ 68.683661580870208, 23.152250180815475 ] ] ] } },
{ "type": "Feature", "properties": { "Area": 1.0479127331699999e-05 }, "geometry": { "type": "Polygon", "coordinates": [ [ [ 68.621019415061625, 23.205635654535179 ], [ 68.621001030141016, 23.205629018052672 ], [ 68.620970037365396, 23.205702380146082 ], [ 68.621019415061625, 23.205635654535179 ] ] ] } },
{ "type": "Feature", "properties": { "Area": 0.00064632300170699996 }, "geometry": { "type": "Polygon", "coordinates": [ [ [ 68.734603497326987, 23.831530402724702 ], [ 68.73379813881013, 23.831487105330048 ], [ 68.733039280685688, 23.831564787703872 ], [ 68.734603497326987, 23.831530402724702 ] ] ] } },
{ "type": "Feature", "properties": { "Area": 0.189255568303 }, "geometry": { "type": "Polygon", "coordinates": [ [ [ 78.495507469820325, 9.086726315717563 ], [ 78.490249263051439, 9.085855491526344 ], [ 78.487388806201224, 9.087262412336999 ], [ 78.48646612052174, 9.089170453498641 ], [ 78.495507469820325, 9.086726315717563 ] ] ] } },
{ "type": "Feature", "properties": { "Area": 0.024097428337600001 }, "geometry": { "type": "Polygon", "coordinates": [ [ [ 79.480512311457858, 9.130537028315924 ], [ 79.481517094171153, 9.128665143183641 ], [ 79.479620466738737, 9.12967827385302 ], [ 79.480512311457858, 9.130537028315924 ] ] ] } },
{ "type": "Feature", "properties": { "Area": 0.032076440682699998 }, "geometry": { "type": "Polygon", "coordinates": [ [ [ 79.482756041627852, 9.134274958854355 ], [ 79.482168507499424, 9.131815919643834 ], [ 79.481400082317194, 9.132864882978627 ], [ 79.482756041627852, 9.134274958854355 ] ] ] } },
{ "type": "Feature", "properties": { "Area": 0.097322898833700003 }, "geometry": { "type": "Polygon", "coordinates": [ [ [ 79.472767930901867, 9.139164771933331 ], [ 79.473354034912376, 9.136587806395164 ], [ 79.469692862038741, 9.139382530835029 ], [ 79.472767930901867, 9.139164771933331 ] ] ] } },
{ "type": "Feature", "properties": { "Area": 0.064422121397199994 }, "geometry": { "type": "Polygon", "coordinates": [ [ [ 79.467301101188013, 9.143356953069986 ], [ 79.467395876145446, 9.140490714709687 ], [ 79.465003810765865, 9.1432987776713 ], [ 79.467301101188013, 9.143356953069986 ] ] ] } },
{ "type": "Feature", "properties": { "Area": 0.0173278077422 }, "geometry": { "type": "Polygon", "coordinates": [ [ [ 79.454591478731814, 9.145299344654434 ], [ 79.453667679141404, 9.143875511377255 ], [ 79.454013739833243, 9.145606852757366 ], [ 79.454591478731814, 9.145299344654434 ] ] ] } },
{ "type": "Feature", "properties": { "Area": 0.012509554629000001 }, "geometry": { "type": "Polygon", "coordinates": [ [ [ 79.455638216362146, 9.147613748920925 ], [ 79.45607020001259, 9.146537685661478 ], [ 79.454942137001311, 9.147053295740147 ], [ 79.455638216362146, 9.147613748920925 ] ] ] } },
{ "type": "Feature", "properties": { "Area": 0.098714728305299995 }, "geometry": { "type": "Polygon", "coordinates": [ [ [ 79.452240503191661, 9.149757297478956 ], [ 79.452549110424357, 9.146402850372395 ], [ 79.449979238805625, 9.147931396608325 ], [ 79.452240503191661, 9.149757297478956 ] ] ] } },
{ "type": "Feature", "properties": { "Area": 0.030482393886599998 }, "geometry": { "type": "Polygon", "coordinates": [ [ [ 79.445672049681917, 9.152037150075248 ], [ 79.444421042342555, 9.152322182393815 ], [ 79.445403997791061, 9.153746003151756 ], [ 79.445672049681917, 9.152037150075248 ] ] ] } },
{ "type": "Feature", "properties": { "Area": 0.083255899543799999 }, "geometry": { "type": "Polygon", "coordinates": [ [ [ 79.443462009030057, 9.156621587853687 ], [ 79.447555780900132, 9.153912830555392 ], [ 79.447173325862849, 9.15263355830972 ], [ 79.443462009030057, 9.156621587853687 ] ] ] } },
{ "type": "Feature", "properties": { "Area": 0.044217760752799998 }, "geometry": { "type": "Polygon", "coordinates": [ [ [ 78.816767397845084, 9.160510530986361 ], [ 78.819396062402504, 9.165578666942617 ], [ 78.821770732804936, 9.166560104929776 ], [ 78.822575900878931, 9.166433599375681 ], [ 78.816767397845084, 9.160510530986361 ] ] ] } },
{ "type": "Feature", "properties": { "Area": 2.8892404513400001 }, "geometry": { "type": "Polygon", "coordinates": [ [ [ 79.066886583637142, 9.210507645321544 ], [ 79.089014245041668, 9.195901175634706 ], [ 79.054756305368898, 9.197988324244408 ], [ 79.066886583637142, 9.210507645321544 ] ] ] } },
{ "type": "Feature", "properties": { "Area": 0.178592380341 }, "geometry": { "type": "Polygon", "coordinates": [ [ [ 79.136258208902106, 9.214780172463412 ], [ 79.14042420352439, 9.213182242559462 ], [ 79.136532903834535, 9.212099784567593 ], [ 79.136258208902106, 9.214780172463412 ] ] ] } },
{ "type": "Feature", "properties": { "Area": 0.98211588755400003 }, "geometry": { "type": "Polygon", "coordinates": [ [ [ 79.122767504001331, 9.219260551623872 ], [ 79.132532333971824, 9.217790976272992 ], [ 79.134329334645955, 9.215703252055722 ], [ 79.123518982465725, 9.212535104513693 ], [ 79.122767504001331, 9.219260551623872 ] ] ] } },
{ "type": "Feature", "properties": { "Area": 0.43478301314099999 }, "geometry": { "type": "Polygon", "coordinates": [ [ [ 79.181402610517594, 9.241098994956205 ], [ 79.195667285900882, 9.233655213753817 ], [ 79.199161253554067, 9.240187226438438 ], [ 79.199496390732037, 9.234669445335459 ], [ 79.195571452728046, 9.233017919898938 ], [ 79.181402610517594, 9.241098994956205 ] ] ] } },
{ "type": "Feature", "properties": { "Area": 0.124310258129 }, "geometry": { "type": "Polygon", "coordinates": [ [ [ 79.23055349650356, 9.239159912981648 ], [ 79.233594549760184, 9.240441949186685 ], [ 79.236578118025108, 9.241066844795716 ], [ 79.23055349650356, 9.239159912981648 ] ] ] } },
{ "type": "Feature", "properties": { "Area": 0.184859345856 }, "geometry": { "type": "Polygon", "coordinates": [ [ [ 79.177265957567428, 9.244343972868357 ], [ 79.178461638566773, 9.245421398591422 ], [ 79.179242553026427, 9.240877837081722 ], [ 79.177265957567428, 9.244343972868357 ] ] ] } },
{ "type": "Feature", "properties": { "Area": 0.190283422955 }, "geometry": { "type": "Polygon", "coordinates": [ [ [ 79.48917885577211, 9.119015477028729 ], [ 79.491764196380018, 9.124005596948217 ], [ 79.496399629908538, 9.124804216743435 ], [ 79.496471862542208, 9.123145126472151 ], [ 79.48917885577211, 9.119015477028729 ] ] ] } },
{ "type": "Feature", "properties": { "Area": 0.095473691283200005 }, "geometry": { "type": "Polygon", "coordinates": [ [ [ 79.208067073127395, 9.248488361911239 ], [ 79.209181638053224, 9.246658594889279 ], [ 79.205979374932355, 9.246145918408178 ], [ 79.208067073127395, 9.248488361911239 ] ] ] } },
{ "type": "Feature", "properties": { "Area": 0.031843470709499999 }, "geometry": { "type": "Polygon", "coordinates": [ [ [ 79.213861810377821, 9.249524113737777 ], [ 79.21237909518733, 9.249485354481338 ], [ 79.213656456402205, 9.250206653657999 ], [ 79.213861810377821, 9.249524113737777 ] ] ] } },
{ "type": "Feature", "properties": { "Area": 0.17727190203400001 }, "geometry": { "type": "Polygon", "coordinates": [ [ [ 86.784060066718737, 20.361432714233885 ], [ 86.781092283649983, 20.361341494588327 ], [ 86.784802761456334, 20.363757172011528 ], [ 86.784060066718737, 20.361432714233885 ] ] ] } },
{ "type": "Feature", "properties": { "Area": 0.110603761445 }, "geometry": { "type": "Polygon", "coordinates": [ [ [ 86.792986130725339, 20.382781535648089 ], [ 86.790561331635118, 20.382074249284909 ], [ 86.791300089056776, 20.3861852664784 ], [ 86.792986130725339, 20.382781535648089 ] ] ] } },
{ "type": "Feature", "properties": { "Area": 4.06994068826 }, "geometry": { "type": "Polygon", "coordinates": [ [ [ 86.805806617864022, 20.39556207601381 ], [ 86.807747448696603, 20.373326215246976 ], [ 86.799175925478167, 20.364309674171814 ], [ 86.796034330080033, 20.394913080351319 ], [ 86.799227406130484, 20.386200567372022 ], [ 86.803133133662115, 20.390007213437602 ], [ 86.796748346102149, 20.399889913609602 ], [ 86.805806617864022, 20.39556207601381 ] ] ] } },
{ "type": "Feature", "properties": { "Area": 8.4207571770699996 }, "geometry": { "type": "Polygon", "coordinates": [ [ [ 86.788132553008168, 20.383266216214246 ], [ 86.79044391104766, 20.43234951292651 ], [ 86.800316687074314, 20.442915848024999 ], [ 86.793492879360258, 20.493040370962014 ], [ 86.808512142277166, 20.452915151033331 ], [ 86.788132553008168, 20.383266216214246 ] ] ] } },
{ "type": "Feature", "properties": { "Area": 0.00030836845439599999 }, "geometry": { "type": "Polygon", "coordinates": [ [ [ 71.010965692250991, 20.739461341878265 ], [ 71.010973157251001, 20.739490442264845 ], [ 71.011446348420179, 20.739639501953356 ], [ 71.010965692250991, 20.739461341878265 ] ] ] } },
{ "type": "Feature", "properties": { "Area": 0.00022144408956599999 }, "geometry": { "type": "Polygon", "coordinates": [ [ [ 71.01209331329116, 20.739879302668836 ], [ 71.012143027855643, 20.739858958746353 ], [ 71.011446348420179, 20.739639501953356 ], [ 71.01209331329116, 20.739879302668836 ] ] ] } },
{ "type": "Feature", "properties": { "Area": 29.7217288756 }, "geometry": { "type": "Polygon", "coordinates": [ [ [ 70.92870610199644, 20.734932896825971 ], [ 70.940374939059424, 20.730121999551496 ], [ 70.94621903603975, 20.719550376660866 ], [ 70.999999343130099, 20.715889197709036 ], [ 70.979688365385883, 20.704871550105871 ], [ 70.931187835411052, 20.712865868849217 ], [ 70.91210189560968, 20.698922419505756 ], [ 70.875401316305144, 20.711988425233347 ], [ 70.881873093123971, 20.724011667531823 ], [ 70.902232741590268, 20.73187106950401 ], [ 70.92870610199644, 20.734932896825971 ] ] ] } },
{ "type": "Feature", "properties": { "Area": 1.9600229114900001 }, "geometry": { "type": "Polygon", "coordinates": [ [ [ 71.002128512050206, 20.741712153178497 ], [ 71.013818739796704, 20.735676893888552 ], [ 70.992248949251604, 20.724636032828183 ], [ 70.984906408478437, 20.728098809079842 ], [ 71.002128512050206, 20.741712153178497 ] ] ] } },
{ "type": "Feature", "properties": { "Area": 4.9644388130800001e-06 }, "geometry": { "type": "Polygon", "coordinates": [ [ [ 71.145765353056703, 20.757468355312859 ], [ 71.145862096222928, 20.757683098177058 ], [ 71.145768538482727, 20.757467681629027 ], [ 71.145765353056703, 20.757468355312859 ] ] ] } },
{ "type": "Feature", "properties": { "Area": 8.6498380669100005e-07 }, "geometry": { "type": "Polygon", "coordinates": [ [ [ 71.145897068535263, 20.757760727926691 ], [ 71.145895884555713, 20.757760895927312 ], [ 71.145902339849329, 20.757787644144752 ], [ 71.145897068535263, 20.757760727926691 ] ] ] } },
{ "type": "Feature", "properties": { "Area": 3.0743089576900002e-05 }, "geometry": { "type": "Polygon", "coordinates": [ [ [ 71.14604930512813, 20.758396621562287 ], [ 71.146043957457252, 20.758392015004407 ], [ 71.146012400539632, 20.758553910565791 ], [ 71.14604930512813, 20.758396621562287 ] ] ] } },
{ "type": "Feature", "properties": { "Area": 1.5132906559e-05 }, "geometry": { "type": "Polygon", "coordinates": [ [ [ 71.145971973656913, 20.758761311989254 ], [ 71.145958918440883, 20.758781848248571 ], [ 71.145947342750119, 20.75883118297137 ], [ 71.145971973656913, 20.758761311989254 ] ] ] } },
{ "type": "Feature", "properties": { "Area": 0.00028955296448799999 }, "geometry": { "type": "Polygon", "coordinates": [ [ [ 71.14581662080829, 20.761369102283862 ], [ 71.145622252330298, 20.760172581126277 ], [ 71.145617911670811, 20.760661507278829 ], [ 71.14581662080829, 20.761369102283862 ] ] ] } },
{ "type": "Feature", "properties": { "Area": 0.58063213779800005 }, "geometry": { "type": "Polygon", "coordinates": [ [ [ 71.149190823271184, 20.757898271657428 ], [ 71.146341714837959, 20.763238905658241 ], [ 71.157552024830451, 20.761724021598862 ], [ 71.149190823271184, 20.757898271657428 ] ] ] } },
{ "type": "Feature", "properties": { "Area": 1.3826151468200001 }, "geometry": { "type": "Polygon", "coordinates": [ [ [ 88.017335230139594, 21.56009334936623 ], [ 88.018557924377888, 21.551667726272683 ], [ 88.013749083660173, 21.54683727719647 ], [ 88.009970170398887, 21.558227812144889 ], [ 88.017335230139594, 21.56009334936623 ] ] ] } },
{ "type": "Feature", "properties": { "Area": 8.8938693585199999 }, "geometry": { "type": "Polygon", "coordinates": [ [ [ 88.170738074316404, 21.578727548254644 ], [ 88.181129720844368, 21.577950570653037 ], [ 88.196418066019817, 21.540394133240476 ], [ 88.172367357730352, 21.548920145434813 ], [ 88.160405392305336, 21.587779464495767 ], [ 88.160801261884743, 21.596603042703968 ], [ 88.170738074316404, 21.578727548254644 ] ] ] } },
{ "type": "Feature", "properties": { "Area": 0.0173278077422 }, "geometry": { "type": "Polygon", "coordinates": [ [ [ 79.454591478731814, 9.145299344654434 ], [ 79.453667679141404, 9.143875511377255 ], [ 79.454013739833243, 9.145606852757366 ], [ 79.454591478731814, 9.145299344654434 ] ] ] } },
{ "type": "Feature", "properties": { "Area": 26.077529356100001 }, "geometry": { "type": "Polygon", "coordinates": [ [ [ 88.286781441995728, 21.593355421080215 ], [ 88.327363136789742, 21.569123346458287 ], [ 88.285188357094441, 21.542528748513504 ], [ 88.256780030956207, 21.545335361503501 ], [ 88.276577661939726, 21.578752308179123 ], [ 88.287917510792838, 21.575473069958214 ], [ 88.286781441995728, 21.593355421080215 ] ] ] } },
{ "type": "Feature", "properties": { "Area": 35.668580622599997 }, "geometry": { "type": "Polygon", "coordinates": [ [ [ 88.540596446885317, 21.533155057884237 ], [ 88.520591758720357, 21.525061037114529 ], [ 88.482649084262349, 21.54584150357806 ], [ 88.483676750659185, 21.58046568133215 ], [ 88.492135533512837, 21.596342178224528 ], [ 88.530636227052284, 21.579466972671764 ], [ 88.529215466870284, 21.550335892089969 ], [ 88.540596446885317, 21.533155057884237 ] ] ] } },
{ "type": "Feature", "properties": { "Area": 53.135845504000002 }, "geometry": { "type": "Polygon", "coordinates": [ [ [ 88.902073024017028, 21.550813676021278 ], [ 88.870549152725573, 21.532014783745641 ], [ 88.82850480751118, 21.547549021747972 ], [ 88.822195535028939, 21.570308051471788 ], [ 88.826992311372365, 21.604558883612079 ], [ 88.861645305852591, 21.596107096760566 ], [ 88.887317669062639, 21.579890603546225 ], [ 88.902073024017028, 21.550813676021278 ] ] ] } },
{ "type": "Feature", "properties": { "Area": 1.05405679797 }, "geometry": { "type": "Polygon", "coordinates": [ [ [ 89.124920027926422, 21.591390449957174 ], [ 89.137028227401615, 21.588257725593657 ], [ 89.12314415562777, 21.585688247598245 ], [ 89.124920027926422, 21.591390449957174 ] ] ] } },
{ "type": "Feature", "properties": { "Area": 48.054392567900003 }, "geometry": { "type": "Polygon", "coordinates": [ [ [ 88.581799576429958, 21.594351863107033 ], [ 88.570502658962596, 21.570983484639736 ], [ 88.555304063568897, 21.558853983829138 ], [ 88.545152797227786, 21.560641633162142 ], [ 88.536991140239195, 21.586544069563384 ], [ 88.507501628774406, 21.598525107742741 ], [ 88.518380101100973, 21.649797956582198 ], [ 88.564867785900105, 21.620619132449391 ], [ 88.581799576429958, 21.594351863107033 ] ] ] } },
{ "type": "Feature", "properties": { "Area": 73.741529767499998 }, "geometry": { "type": "Polygon", "coordinates": [ [ [ 88.767911961173738, 21.632030448499087 ], [ 88.783649541246319, 21.596726717584346 ], [ 88.795644446096219, 21.59249791453033 ], [ 88.791199886599273, 21.580340227476267 ], [ 88.773026472531498, 21.575615867869139 ], [ 88.754362776846236, 21.558014168932338 ], [ 88.744359798104043, 21.580755345318114 ], [ 88.740788687625837, 21.562895187161548 ], [ 88.715322613537637, 21.566324582263046 ], [ 88.703521124053324, 21.580781591807057 ], [ 88.714542580325315, 21.63555179223923 ], [ 88.724198904589286, 21.633466102502922 ], [ 88.763512728869401, 21.652455442522179 ], [ 88.771545064389713, 21.6441733956988 ], [ 88.767911961173738, 21.632030448499087 ] ] ] } },
{ "type": "Feature", "properties": { "Area": 35.543868859500002 }, "geometry": { "type": "Polygon", "coordinates": [ [ [ 88.322644018904327, 21.684341845597881 ], [ 88.350710527093824, 21.663182608145959 ], [ 88.348910739845678, 21.626746413080998 ], [ 88.324833930107346, 21.605645619657508 ], [ 88.325915136993373, 21.598505637439853 ], [ 88.315980908116515, 21.599243988647029 ], [ 88.306375348547547, 21.607845691356307 ], [ 88.305992221570463, 21.628093261466795 ], [ 88.317125593553811, 21.67920276155489 ], [ 88.322644018904327, 21.684341845597881 ] ] ] } },
{ "type": "Feature", "properties": { "Area": 20.792797050600001 }, "geometry": { "type": "Polygon", "coordinates": [ [ [ 88.43175816696089, 21.656106234185316 ], [ 88.447955494016128, 21.645789348975345 ], [ 88.462792173453238, 21.649616447005734 ], [ 88.441050360921068, 21.593427346228601 ], [ 88.427043466990042, 21.596752430793909 ], [ 88.429399107481487, 21.60382540374431 ], [ 88.422695838407193, 21.596825310616477 ], [ 88.41867222406249, 21.601886018957035 ], [ 88.438669120240675, 21.62393435754246 ], [ 88.432346544607398, 21.648361037997269 ], [ 88.42635405402693, 21.648184944630788 ], [ 88.432236958227577, 21.652267084848813 ], [ 88.420388887502483, 21.65267219919588 ], [ 88.41768945815852, 21.685543837102468 ], [ 88.43069932004056, 21.670746502462276 ], [ 88.43175816696089, 21.656106234185316 ] ] ] } },
{ "type": "Feature", "properties": { "Area": 3.0656048359599999 }, "geometry": { "type": "Polygon", "coordinates": [ [ [ 88.629452262066565, 21.646541344139276 ], [ 88.623318117047276, 21.650012909594253 ], [ 88.624430484693931, 21.665181178839536 ], [ 88.634675946579108, 21.674488558439101 ], [ 88.629452262066565, 21.646541344139276 ] ] ] } },
{ "type": "Feature", "properties": { "Area": 21.4401938227 }, "geometry": { "type": "Polygon", "coordinates": [ [ [ 88.600194644404212, 21.610540735799646 ], [ 88.551942936983295, 21.638070862415553 ], [ 88.568801009065965, 21.667330439508952 ], [ 88.56834692146964, 21.685799292509653 ], [ 88.602761228188982, 21.621803927981713 ], [ 88.600194644404212, 21.610540735799646 ] ] ] } },
{ "type": "Feature", "properties": { "Area": 0.34967321021199999 }, "geometry": { "type": "Polygon", "coordinates": [ [ [ 88.300258260738858, 21.703500051612551 ], [ 88.295688356615386, 21.709329623757352 ], [ 88.296138122416878, 21.71215825864034 ], [ 88.298699142935135, 21.710841668787968 ], [ 88.300258260738858, 21.703500051612551 ] ] ] } },
{ "type": "Feature", "properties": { "Area": 23.6854274463 }, "geometry": { "type": "Polygon", "coordinates": [ [ [ 88.968286881513819, 21.644983884942793 ], [ 88.987224326205464, 21.638262796593882 ], [ 88.986336286749875, 21.615799671334695 ], [ 88.965433426132961, 21.617348908431936 ], [ 88.937478332394875, 21.636700435050216 ], [ 88.946385453627045, 21.674697136857024 ], [ 88.968286881513819, 21.644983884942793 ] ] ] } },
{ "type": "Feature", "properties": { "Area": 29.172494385699999 }, "geometry": { "type": "Polygon", "coordinates": [ [ [ 88.455257501905379, 21.710070579635893 ], [ 88.476286685414209, 21.679052234103928 ], [ 88.468238143387893, 21.666731000778551 ], [ 88.467187070488009, 21.682809713584149 ], [ 88.437187671674721, 21.694243911748806 ], [ 88.445817368892634, 21.684604723168651 ], [ 88.465920253697917, 21.681442643640317 ], [ 88.463144369638457, 21.650951948236806 ], [ 88.447988631968656, 21.646382158254234 ], [ 88.431845409544678, 21.657544226151373 ], [ 88.438013476745724, 21.673134912618227 ], [ 88.432138476821279, 21.670578311315218 ], [ 88.417559148543418, 21.690520586261705 ], [ 88.442596573527467, 21.709268887406434 ], [ 88.455257501905379, 21.710070579635893 ] ] ] } },
{ "type": "Feature", "properties": { "Area": 18.161048150799999 }, "geometry": { "type": "Polygon", "coordinates": [ [ [ 88.701806104530306, 21.678725587800873 ], [ 88.741166497474751, 21.645473681508236 ], [ 88.715940560130036, 21.637140402471843 ], [ 88.714826373394914, 21.653680151733344 ], [ 88.706699686023697, 21.650760106905182 ], [ 88.67978543606938, 21.678103544668655 ], [ 88.686529865051639, 21.713945053238689 ], [ 88.701806104530306, 21.678725587800873 ] ] ] } },
{ "type": "Feature", "properties": { "Area": 1.17323776425 }, "geometry": { "type": "Polygon", "coordinates": [ [ [ 88.203535969581466, 21.754186925333745 ], [ 88.197700874618576, 21.734742696576202 ], [ 88.201646170243535, 21.757803078182793 ], [ 88.203535969581466, 21.754186925333745 ] ] ] } },
{ "type": "Feature", "properties": { "Area": 16.675881541300001 }, "geometry": { "type": "Polygon", "coordinates": [ [ [ 89.006701184072412, 21.659194698560079 ], [ 88.991261182615787, 21.65845791180633 ], [ 88.991661998319131, 21.70039435780626 ], [ 88.975501198559982, 21.723860837274501 ], [ 89.005045393171031, 21.71425783421428 ], [ 89.004658585796221, 21.702845365954801 ], [ 89.013876936443424, 21.697682594789743 ], [ 89.014810000359333, 21.675309019348184 ], [ 89.006701184072412, 21.659194698560079 ] ] ] } },
{ "type": "Feature", "properties": { "Area": 63.131579191900002 }, "geometry": { "type": "Polygon", "coordinates": [ [ [ 88.916127699338048, 21.629347033740451 ], [ 88.88309033387948, 21.651828285668486 ], [ 88.864940126888769, 21.694076572696112 ], [ 88.875802083688811, 21.742143956341259 ], [ 88.904077548098215, 21.725776788862881 ], [ 88.933987756780212, 21.693394477137364 ], [ 88.916127699338048, 21.629347033740451 ] ] ] } },
{ "type": "Feature", "properties": { "Area": 12.8235601631 }, "geometry": { "type": "Polygon", "coordinates": [ [ [ 88.589961643948641, 21.719288800818898 ], [ 88.576147869837357, 21.725232480619837 ], [ 88.579728055994877, 21.745274992789785 ], [ 88.566071266072782, 21.765028972833143 ], [ 88.576845853626608, 21.772344162139877 ], [ 88.582043604675206, 21.751586243899197 ], [ 88.614553110191352, 21.734187480897294 ], [ 88.589961643948641, 21.719288800818898 ] ] ] } },
{ "type": "Feature", "properties": { "Area": 1.5131231884 }, "geometry": { "type": "Polygon", "coordinates": [ [ [ 88.291146300265723, 21.776555382485103 ], [ 88.277799813595578, 21.785550150592659 ], [ 88.273902239173466, 21.792632943818393 ], [ 88.288279860635726, 21.785181451004384 ], [ 88.291146300265723, 21.776555382485103 ] ] ] } },
{ "type": "Feature", "properties": { "Area": 75.392042856200007 }, "geometry": { "type": "Polygon", "coordinates": [ [ [ 88.858429023623415, 21.759576901721893 ], [ 88.833885654977621, 21.705596384973166 ], [ 88.855265472501415, 21.639976001871336 ], [ 88.838579839224039, 21.626425211675599 ], [ 88.8388815842263, 21.616598773989477 ], [ 88.801164598008683, 21.631333434399185 ], [ 88.816683733855328, 21.665971375928272 ], [ 88.81438287173161, 21.699258773794899 ], [ 88.803623384857701, 21.713702063730018 ], [ 88.759696826577965, 21.699319373312417 ], [ 88.779740273454166, 21.715311182868142 ], [ 88.786903995586883, 21.745630589881799 ], [ 88.807187581003149, 21.747979646614791 ], [ 88.831141056544553, 21.762446159777209 ], [ 88.858429023623415, 21.759576901721893 ] ] ] } },
{ "type": "Feature", "properties": { "Area": 78.171213399899997 }, "geometry": { "type": "Polygon", "coordinates": [ [ [ 88.918068762834281, 21.759602578387724 ], [ 88.959315244176253, 21.751384784667621 ], [ 88.963966774616352, 21.741424647700761 ], [ 88.977707317167344, 21.741712762093922 ], [ 88.965958032377401, 21.722861614038763 ], [ 88.987537821171628, 21.690588548246865 ], [ 88.983951102465383, 21.661199960120513 ], [ 88.998447034745524, 21.651019791944645 ], [ 89.011060874334575, 21.655152690727036 ], [ 89.03236198326978, 21.626850339331568 ], [ 89.031311265204465, 21.611545872156409 ], [ 89.022760632307921, 21.604746971071297 ], [ 88.996838538347234, 21.603572906907843 ], [ 88.99023751911183, 21.63915313561203 ], [ 88.963742444628664, 21.6494192694236 ], [ 88.948819570941723, 21.678115096365801 ], [ 88.946869038304072, 21.700924924885136 ], [ 88.917383179389248, 21.717055445274866 ], [ 88.926123902088079, 21.742626638869115 ], [ 88.918068762834281, 21.759602578387724 ] ] ] } },
{ "type": "Feature", "properties": { "Area": 22.3705647283 }, "geometry": { "type": "Polygon", "coordinates": [ [ [ 88.609367581620532, 21.782010720695801 ], [ 88.621129788675816, 21.768876372419818 ], [ 88.624042262472557, 21.735063653324797 ], [ 88.605971461163037, 21.703506642714725 ], [ 88.593736120430748, 21.715612107569431 ], [ 88.615468848300424, 21.726352174374643 ], [ 88.618583346018028, 21.737868500523845 ], [ 88.586217554777647, 21.752849350253406 ], [ 88.583445357404102, 21.768536083104266 ], [ 88.588104262114385, 21.780156842176162 ], [ 88.609367581620532, 21.782010720695801 ] ] ] } },
{ "type": "Feature", "properties": { "Area": 0.022417900562399999 }, "geometry": { "type": "Polygon", "coordinates": [ [ [ 79.488137020248288, 9.128072739247825 ], [ 79.488150155414388, 9.126368433615092 ], [ 79.486958614750179, 9.127178020472465 ], [ 79.488137020248288, 9.128072739247825 ] ] ] } },
{ "type": "Feature", "properties": { "Area": 111.574182374 }, "geometry": { "type": "Polygon", "coordinates": [ [ [ 88.5675280621724, 21.789455259832359 ], [ 88.553108746304517, 21.759312127106842 ], [ 88.564413719863339, 21.75333254497038 ], [ 88.568145426656457, 21.740339348495546 ], [ 88.555185382645135, 21.731443188737043 ], [ 88.566902103506024, 21.728078944631921 ], [ 88.604430797450163, 21.675487066422338 ], [ 88.584156163745732, 21.655932742661488 ], [ 88.575255326228955, 21.68054538156154 ], [ 88.579320955677801, 21.689144067863367 ], [ 88.563740994903256, 21.694895432167076 ], [ 88.560032463746154, 21.662860141979348 ], [ 88.542625631517652, 21.637336691664068 ], [ 88.524015581424564, 21.654754930604081 ], [ 88.513293216531466, 21.737693727323094 ], [ 88.506380261805262, 21.739269526373786 ], [ 88.50295483560825, 21.754383732535128 ], [ 88.514486953576551, 21.762037315485522 ], [ 88.504393374348069, 21.766809493824425 ], [ 88.509536838407371, 21.779614082243103 ], [ 88.542165803686672, 21.806733620572672 ], [ 88.5675280621724, 21.789455259832359 ] ] ] } },
{ "type": "Feature", "properties": { "Area": 22.2891738786 }, "geometry": { "type": "Polygon", "coordinates": [ [ [ 88.798144295835144, 21.748553157679176 ], [ 88.786280356370568, 21.751736637906049 ], [ 88.78219774606788, 21.763403556958043 ], [ 88.816962899702915, 21.818664997726387 ], [ 88.825468562936322, 21.803953638843623 ], [ 88.817386872177678, 21.786403786073642 ], [ 88.82508304823719, 21.764340382739814 ], [ 88.798144295835144, 21.748553157679176 ] ] ] } },
{ "type": "Feature", "properties": { "Area": 134.226595694 }, "geometry": { "type": "Polygon", "coordinates": [ [ [ 89.013798316788055, 21.809592537286065 ], [ 89.024729137539481, 21.75638693155652 ], [ 89.058776786095834, 21.725059613928575 ], [ 89.072027435999885, 21.70232896479536 ], [ 89.066784199655203, 21.690275183296166 ], [ 89.092921405990452, 21.661257880655409 ], [ 89.090598233308327, 21.63864980882995 ], [ 89.059482978690113, 21.615219333886635 ], [ 89.026607704343093, 21.639089734408252 ], [ 89.025082197005716, 21.652468105059747 ], [ 89.032327644269728, 21.658857784018036 ], [ 89.016873682993577, 21.660798896346154 ], [ 89.021403809716276, 21.688009421850825 ], [ 89.012429748724074, 21.714000488078643 ], [ 88.977025789615794, 21.728842212406217 ], [ 88.980909838104679, 21.746686296938076 ], [ 88.967580765276324, 21.746650601191622 ], [ 88.956117312731692, 21.759506220785308 ], [ 88.979315554850828, 21.779705495437955 ], [ 89.002860342752058, 21.777470109412505 ], [ 88.993019270966741, 21.789493990355211 ], [ 89.001235819510782, 21.811414483685947 ], [ 89.013798316788055, 21.809592537286065 ] ] ] } },
{ "type": "Feature", "properties": { "Area": 4.5626452565499998 }, "geometry": { "type": "Polygon", "coordinates": [ [ [ 88.187690071550222, 21.829896450492996 ], [ 88.180032329011823, 21.832668013965183 ], [ 88.163721758535246, 21.867020526614876 ], [ 88.192280210225491, 21.837932832041911 ], [ 88.187690071550222, 21.829896450492996 ] ] ] } },
{ "type": "Feature", "properties": { "Area": 18.774980820300001 }, "geometry": { "type": "Polygon", "coordinates": [ [ [ 88.611429893425623, 21.801095796434488 ], [ 88.585812772113997, 21.796415149064909 ], [ 88.572671708589752, 21.811936683413389 ], [ 88.586738059314527, 21.847525413327915 ], [ 88.613638894726719, 21.823363288589768 ], [ 88.60176924377356, 21.81377744821938 ], [ 88.611429893425623, 21.801095796434488 ] ] ] } },
{ "type": "Feature", "properties": { "Area": 304.24421549599998 }, "geometry": { "type": "Polygon", "coordinates": [ [ [ 88.165837207486049, 21.833727938278237 ], [ 88.171842777537023, 21.794296402322022 ], [ 88.177941595409465, 21.797827645056948 ], [ 88.183227437051485, 21.786951488494843 ], [ 88.177605629086472, 21.776456658768421 ], [ 88.171511787880718, 21.788891573223328 ], [ 88.175427597204788, 21.738068990742956 ], [ 88.14193172982857, 21.682366977955919 ], [ 88.146405460317737, 21.612151828753696 ], [ 88.117802063218917, 21.612300905977754 ], [ 88.089744319891636, 21.628938774233877 ], [ 88.052488656301676, 21.636932956323221 ], [ 88.036795232018548, 21.649487885342374 ], [ 88.032189686337858, 21.669340714668955 ], [ 88.049151562344861, 21.687735511253347 ], [ 88.054788296716609, 21.707998297232169 ], [ 88.049949684033791, 21.726210097982609 ], [ 88.109055340672285, 21.850714740007582 ], [ 88.139097757109582, 21.878616791862193 ], [ 88.165837207486049, 21.833727938278237 ] ] ] } },
{ "type": "Feature", "properties": { "Area": 0.024097428337600001 }, "geometry": { "type": "Polygon", "coordinates": [ [ [ 79.480512311457858, 9.130537028315924 ], [ 79.481517094171153, 9.128665143183641 ], [ 79.479620466738737, 9.12967827385302 ], [ 79.480512311457858, 9.130537028315924 ] ] ] } },
{ "type": "Feature", "properties": { "Area": 0.032076440682699998 }, "geometry": { "type": "Polygon", "coordinates": [ [ [ 79.482756041627852, 9.134274958854355 ], [ 79.482168507499424, 9.131815919643834 ], [ 79.481400082317194, 9.132864882978627 ], [ 79.482756041627852, 9.134274958854355 ] ] ] } },
{ "type": "Feature", "properties": { "Area": 53.925606190400003 }, "geometry": { "type": "Polygon", "coordinates": [ [ [ 88.85005968602259, 21.861522454979443 ], [ 88.871845239322539, 21.848791295993397 ], [ 88.875058701740059, 21.80015925331794 ], [ 88.890328892861902, 21.779588416666179 ], [ 88.88771845332495, 21.750285988145599 ], [ 88.915609852916106, 21.742961475019609 ], [ 88.906812846273155, 21.727530645372834 ], [ 88.87597049085511, 21.745400788065151 ], [ 88.872232255106496, 21.764508165622615 ], [ 88.858920346388274, 21.776839288704899 ], [ 88.831311183984653, 21.780711268638836 ], [ 88.834814503998246, 21.845290534899799 ], [ 88.85005968602259, 21.861522454979443 ] ] ] } },
{ "type": "Feature", "properties": { "Area": 8.7882060860800006 }, "geometry": { "type": "Polygon", "coordinates": [ [ [ 88.573200337490064, 21.88085368874583 ], [ 88.574845624390804, 21.856798536547757 ], [ 88.557941071678684, 21.828625112717287 ], [ 88.552153900039556, 21.833633314946852 ], [ 88.558691950966789, 21.853871379685433 ], [ 88.552969578402383, 21.875972078741572 ], [ 88.573200337490064, 21.88085368874583 ] ] ] } },
{ "type": "Feature", "properties": { "Area": 14.288588774700001 }, "geometry": { "type": "Polygon", "coordinates": [ [ [ 88.092442920988901, 21.920592537038988 ], [ 88.122851515888826, 21.88529206287237 ], [ 88.124261876274772, 21.891803520723215 ], [ 88.132295562861259, 21.885935456648735 ], [ 88.105651434516219, 21.866132937420428 ], [ 88.095439599267095, 21.885618453976157 ], [ 88.099365045717505, 21.887601900138115 ], [ 88.107011014037482, 21.897125130176349 ], [ 88.095315943473267, 21.887298438245317 ], [ 88.083850734722276, 21.913838947763562 ], [ 88.092442920988901, 21.920592537038988 ] ] ] } },
{ "type": "Feature", "properties": { "Area": 46.255023212899999 }, "geometry": { "type": "Polygon", "coordinates": [ [ [ 88.632150890113294, 21.866161222763523 ], [ 88.649530836663629, 21.863789833937663 ], [ 88.639427984126428, 21.786702988630232 ], [ 88.61696558529421, 21.794240153524299 ], [ 88.608089975165569, 21.812558821142822 ], [ 88.617245593761538, 21.825948616415968 ], [ 88.592583386986817, 21.851485497594826 ], [ 88.615468367701737, 21.894083565730242 ], [ 88.632150890113294, 21.866161222763523 ] ] ] } },
{ "type": "Feature", "properties": { "Area": 1.1962956365099999 }, "geometry": { "type": "Polygon", "coordinates": [ [ [ 88.487588450190827, 21.898445893137819 ], [ 88.4816405052687, 21.902275385906307 ], [ 88.49562624387481, 21.907910578637416 ], [ 88.495187435723139, 21.905251939137166 ], [ 88.487588450190827, 21.898445893137819 ] ] ] } },
{ "type": "Feature", "properties": { "Area": 272.06615220700002 }, "geometry": { "type": "Polygon", "coordinates": [ [ [ 88.713755328251338, 21.899338486468565 ], [ 88.742477161932172, 21.894645939151847 ], [ 88.772212777648789, 21.867236248393464 ], [ 88.786438369130749, 21.877038600878588 ], [ 88.784391302634333, 21.862738363768919 ], [ 88.801030551402008, 21.877897857584699 ], [ 88.825683388748303, 21.860170197309515 ], [ 88.807827779763443, 21.807440662638264 ], [ 88.791398843671757, 21.790578398205593 ], [ 88.786078680996027, 21.793339366508189 ], [ 88.790298009495032, 21.783238181249757 ], [ 88.778091222612389, 21.761612023546473 ], [ 88.782078105743423, 21.734449007405669 ], [ 88.750792502699596, 21.734183528915263 ], [ 88.761295635544215, 21.760526306233839 ], [ 88.747289159329782, 21.767310797621342 ], [ 88.767070137344589, 21.80079442198836 ], [ 88.74206701812291, 21.767843764846976 ], [ 88.753689703339845, 21.757156885388891 ], [ 88.745967807615429, 21.730589832195989 ], [ 88.771674523300248, 21.719480227129289 ], [ 88.75487968273211, 21.708618537048515 ], [ 88.755482666086777, 21.692135987729518 ], [ 88.795428867496014, 21.703394808437906 ], [ 88.804480267145962, 21.698892802380072 ], [ 88.803096335195647, 21.665522269579011 ], [ 88.794041854324291, 21.653418080258945 ], [ 88.767044053861994, 21.662799048748944 ], [ 88.741426446561803, 21.655730992555352 ], [ 88.70736659259569, 21.68308671294605 ], [ 88.689130501273908, 21.740091480503249 ], [ 88.706043322079907, 21.77987516730925 ], [ 88.707201174124336, 21.80333860739438 ], [ 88.716740243989207, 21.800912742880417 ], [ 88.695780151705506, 21.822718976643539 ], [ 88.694104941922646, 21.851597851783712 ], [ 88.713755328251338, 21.899338486468565 ] ] ] } },
{ "type": "Feature", "properties": { "Area": 9.4494406977099992 }, "geometry": { "type": "Polygon", "coordinates": [ [ [ 88.827667282120672, 21.863170871241543 ], [ 88.802586048096842, 21.878225500192631 ], [ 88.812201737068946, 21.897043298171436 ], [ 88.833383612616473, 21.885482703122406 ], [ 88.827667282120672, 21.863170871241543 ] ] ] } },
{ "type": "Feature", "properties": { "Area": 0.097322898833700003 }, "geometry": { "type": "Polygon", "coordinates": [ [ [ 79.472767930901867, 9.139164771933331 ], [ 79.473354034912376, 9.136587806395164 ], [ 79.469692862038741, 9.139382530835029 ], [ 79.472767930901867, 9.139164771933331 ] ] ] } },
{ "type": "Feature", "properties": { "Area": 0.064422121397199994 }, "geometry": { "type": "Polygon", "coordinates": [ [ [ 79.467301101188013, 9.143356953069986 ], [ 79.467395876145446, 9.140490714709687 ], [ 79.465003810765865, 9.1432987776713 ], [ 79.467301101188013, 9.143356953069986 ] ] ] } },
{ "type": "Feature", "properties": { "Area": 75.723995139300001 }, "geometry": { "type": "Polygon", "coordinates": [ [ [ 89.02604433579414, 21.822801070572705 ], [ 89.016279212972833, 21.813654159849683 ], [ 88.994928484694583, 21.815941442931386 ], [ 88.967135968954977, 21.776811937531313 ], [ 88.939494347725173, 21.784340083805038 ], [ 88.946556202701345, 21.801320543852025 ], [ 88.971816161940822, 21.804893791916374 ], [ 88.971132269125121, 21.823939269305477 ], [ 88.953896657586426, 21.826387465442117 ], [ 88.946644871809738, 21.836101498791194 ], [ 88.957255471908454, 21.857217113548799 ], [ 88.973722399550141, 21.864918109659595 ], [ 88.968769907438713, 21.891159298207231 ], [ 88.99728889793515, 21.888035052456797 ], [ 89.028699430583856, 21.867623618555587 ], [ 89.02604433579414, 21.822801070572705 ] ] ] } },
{ "type": "Feature", "properties": { "Area": 18.587398724700002 }, "geometry": { "type": "Polygon", "coordinates": [ [ [ 88.634459758022842, 21.917401062976339 ], [ 88.666292176359889, 21.904254308831987 ], [ 88.649386644484139, 21.872059609791648 ], [ 88.631998411873596, 21.869872534974093 ], [ 88.622290776738907, 21.902690508115434 ], [ 88.634459758022842, 21.917401062976339 ] ] ] } },
{ "type": "Feature", "properties": { "Area": 22.027796990100001 }, "geometry": { "type": "Polygon", "coordinates": [ [ [ 88.1319449998132, 21.894473359400415 ], [ 88.089653929611103, 21.925522565241838 ], [ 88.09251981048898, 21.932421911967516 ], [ 88.124233117609265, 21.947953659811983 ], [ 88.14869368314541, 21.922076929516596 ], [ 88.1319449998132, 21.894473359400415 ] ] ] } },
{ "type": "Feature", "properties": { "Area": 42.459262130600003 }, "geometry": { "type": "Polygon", "coordinates": [ [ [ 88.73268906290086, 21.916261983292966 ], [ 88.751891631873903, 21.923830662177579 ], [ 88.79538075193274, 21.916455681510818 ], [ 88.808797660232955, 21.899989825865159 ], [ 88.805294704935349, 21.885604995930333 ], [ 88.789641504515714, 21.871403699445978 ], [ 88.783807727381344, 21.877853484889247 ], [ 88.771984922671948, 21.868853607788616 ], [ 88.743932643796555, 21.895533225944572 ], [ 88.71789650242232, 21.900619474151149 ], [ 88.717249959759528, 21.924918899856014 ], [ 88.73268906290086, 21.916261983292966 ] ] ] } },
{ "type": "Feature", "properties": { "Area": 174.01511270200001 }, "geometry": { "type": "Polygon", "coordinates": [ [ [ 88.910303645568334, 21.925137510737208 ], [ 88.967620133045315, 21.898113566866186 ], [ 88.962755974072451, 21.887145822644683 ], [ 88.969793384093066, 21.866789390535825 ], [ 88.948805005657718, 21.852359596580012 ], [ 88.941957689930987, 21.835245212686189 ], [ 88.968268358252672, 21.814032979204811 ], [ 88.962284405260661, 21.803901801793501 ], [ 88.943910829479606, 21.807042907493713 ], [ 88.932072870191334, 21.79050789019475 ], [ 88.952088372275668, 21.769495699639322 ], [ 88.916349763774619, 21.765525787784355 ], [ 88.897287791024993, 21.751007527706815 ], [ 88.895611514941919, 21.787570465728038 ], [ 88.880106325440053, 21.800520074948444 ], [ 88.885565810528135, 21.81019336614678 ], [ 88.873776836372329, 21.850135770481405 ], [ 88.854979540543113, 21.85640668982839 ], [ 88.841695352936242, 21.896524782664212 ], [ 88.817144769022065, 21.924871303423448 ], [ 88.850258274785844, 21.908730561889755 ], [ 88.870689596235408, 21.915029304366474 ], [ 88.882908912819644, 21.909552587335526 ], [ 88.910303645568334, 21.925137510737208 ] ] ] } },
{ "type": "Feature", "properties": { "Area": 31.656826880299999 }, "geometry": { "type": "Polygon", "coordinates": [ [ [ 88.724874414326749, 21.972464938764521 ], [ 88.752255155814851, 21.970479878322205 ], [ 88.749784947785344, 21.952672730972335 ], [ 88.772261655881735, 21.93872852388634 ], [ 88.783441267746042, 21.947756551643288 ], [ 88.802610284643194, 21.928690953401542 ], [ 88.784935793087584, 21.91741195035268 ], [ 88.769705611131869, 21.926097689618931 ], [ 88.728695075892546, 21.924248696619273 ], [ 88.720818973569848, 21.937577421643127 ], [ 88.724874414326749, 21.972464938764521 ] ] ] } },
{ "type": "Feature", "properties": { "Area": 18.558203261799999 }, "geometry": { "type": "Polygon", "coordinates": [ [ [ 88.101036619120123, 21.970882530377764 ], [ 88.09022770963422, 21.977158578792412 ], [ 88.099077734845267, 21.99851885054677 ], [ 88.116626739840498, 22.015613885200153 ], [ 88.136984774034246, 22.01717585822545 ], [ 88.122401994429083, 21.977328639967276 ], [ 88.101036619120123, 21.970882530377764 ] ] ] } },
{ "type": "Feature", "properties": { "Area": 39.895485301299999 }, "geometry": { "type": "Polygon", "coordinates": [ [ [ 88.779545152187922, 21.980081862272893 ], [ 88.780765155971935, 21.96804813494942 ], [ 88.796131634814131, 21.96568380812429 ], [ 88.837596524449424, 21.973334070375426 ], [ 88.836254937284991, 21.940042403294708 ], [ 88.860352380427102, 21.930443439605625 ], [ 88.863483816777673, 21.920185362358474 ], [ 88.848233753308094, 21.917513210246803 ], [ 88.820120927982572, 21.937628956022959 ], [ 88.789632976808747, 21.939199082452618 ], [ 88.785318676621245, 21.952042613031917 ], [ 88.769157476213479, 21.942489677526186 ], [ 88.754826973184478, 21.953605799103723 ], [ 88.750966590811757, 21.980063390878179 ], [ 88.779545152187922, 21.980081862272893 ] ] ] } },
{ "type": "Feature", "properties": { "Area": 0.0023734252376700002 }, "geometry": { "type": "Polygon", "coordinates": [ [ [ 68.683661580870208, 23.152250180815475 ], [ 68.68439327124554, 23.151884436747522 ], [ 68.683210067845494, 23.152387475617445 ], [ 68.683661580870208, 23.152250180815475 ] ] ] } },
{ "type": "Feature", "properties": { "Area": 1.0479127331699999e-05 }, "geometry": { "type": "Polygon", "coordinates": [ [ [ 68.621019415061625, 23.205635654535179 ], [ 68.621001030141016, 23.205629018052672 ], [ 68.620970037365396, 23.205702380146082 ], [ 68.621019415061625, 23.205635654535179 ] ] ] } },
{ "type": "Feature", "properties": { "Area": 0.00064632300170699996 }, "geometry": { "type": "Polygon", "coordinates": [ [ [ 68.733039280685688, 23.831564787703872 ], [ 68.734603497326987, 23.831530402724702 ], [ 68.73379813881013, 23.831487105330048 ], [ 68.733039280685688, 23.831564787703872 ] ] ] } },
{ "type": "Feature", "properties": { "Area": 0.189255568303 }, "geometry": { "type": "Polygon", "coordinates": [ [ [ 78.495507469820325, 9.086726315717563 ], [ 78.490249263051439, 9.085855491526344 ], [ 78.487388806201224, 9.087262412336999 ], [ 78.48646612052174, 9.089170453498641 ], [ 78.495507469820325, 9.086726315717563 ] ] ] } },
{ "type": "Feature", "properties": { "Area": 0.012509554629000001 }, "geometry": { "type": "Polygon", "coordinates": [ [ [ 79.455638216362146, 9.147613748920925 ], [ 79.45607020001259, 9.146537685661478 ], [ 79.454942137001311, 9.147053295740147 ], [ 79.455638216362146, 9.147613748920925 ] ] ] } },
{ "type": "Feature", "properties": { "Area": 0.098714728305299995 }, "geometry": { "type": "Polygon", "coordinates": [ [ [ 79.452240503191661, 9.149757297478956 ], [ 79.452549110424357, 9.146402850372395 ], [ 79.449979238805625, 9.147931396608325 ], [ 79.452240503191661, 9.149757297478956 ] ] ] } },
{ "type": "Feature", "properties": { "Area": 0.030482393886599998 }, "geometry": { "type": "Polygon", "coordinates": [ [ [ 79.445672049681917, 9.152037150075248 ], [ 79.444421042342555, 9.152322182393815 ], [ 79.445403997791061, 9.153746003151756 ], [ 79.445672049681917, 9.152037150075248 ] ] ] } },
{ "type": "Feature", "properties": { "Area": 0.083255899543799999 }, "geometry": { "type": "Polygon", "coordinates": [ [ [ 79.443462009030057, 9.156621587853687 ], [ 79.447555780900132, 9.153912830555392 ], [ 79.447173325862849, 9.15263355830972 ], [ 79.443462009030057, 9.156621587853687 ] ] ] } },
{ "type": "Feature", "properties": { "Area": 0.044217760752799998 }, "geometry": { "type": "Polygon", "coordinates": [ [ [ 78.816767397845084, 9.160510530986361 ], [ 78.819396062402504, 9.165578666942617 ], [ 78.821770732804936, 9.166560104929776 ], [ 78.822575900878931, 9.166433599375681 ], [ 78.816767397845084, 9.160510530986361 ] ] ] } },
{ "type": "Feature", "properties": { "Area": 2.8892404513400001 }, "geometry": { "type": "Polygon", "coordinates": [ [ [ 79.066886583637142, 9.210507645321544 ], [ 79.089014245041668, 9.195901175634706 ], [ 79.054756305368898, 9.197988324244408 ], [ 79.066886583637142, 9.210507645321544 ] ] ] } },
{ "type": "Feature", "properties": { "Area": 0.178592380341 }, "geometry": { "type": "Polygon", "coordinates": [ [ [ 79.136258208902106, 9.214780172463412 ], [ 79.14042420352439, 9.213182242559462 ], [ 79.136532903834535, 9.212099784567593 ], [ 79.136258208902106, 9.214780172463412 ] ] ] } },
{ "type": "Feature", "properties": { "Area": 0.98211588755400003 }, "geometry": { "type": "Polygon", "coordinates": [ [ [ 79.122767504001331, 9.219260551623872 ], [ 79.132532333971824, 9.217790976272992 ], [ 79.134329334645955, 9.215703252055722 ], [ 79.123518982465725, 9.212535104513693 ], [ 79.122767504001331, 9.219260551623872 ] ] ] } },
{ "type": "Feature", "properties": { "Area": 0.43478301314099999 }, "geometry": { "type": "Polygon", "coordinates": [ [ [ 79.181402610517594, 9.241098994956205 ], [ 79.195667285900882, 9.233655213753817 ], [ 79.199161253554067, 9.240187226438438 ], [ 79.199496390732037, 9.234669445335459 ], [ 79.195571452728046, 9.233017919898938 ], [ 79.181402610517594, 9.241098994956205 ] ] ] } },
{ "type": "Feature", "properties": { "Area": 0.124310258129 }, "geometry": { "type": "Polygon", "coordinates": [ [ [ 79.23055349650356, 9.239159912981648 ], [ 79.233594549760184, 9.240441949186685 ], [ 79.236578118025108, 9.241066844795716 ], [ 79.23055349650356, 9.239159912981648 ] ] ] } },
{ "type": "Feature", "properties": { "Area": 0.184859345856 }, "geometry": { "type": "Polygon", "coordinates": [ [ [ 79.177265957567428, 9.244343972868357 ], [ 79.178461638566773, 9.245421398591422 ], [ 79.179242553026427, 9.240877837081722 ], [ 79.177265957567428, 9.244343972868357 ] ] ] } },
{ "type": "Feature", "properties": { "Area": 0.095473691283200005 }, "geometry": { "type": "Polygon", "coordinates": [ [ [ 79.208067073127395, 9.248488361911239 ], [ 79.209181638053224, 9.246658594889279 ], [ 79.205979374932355, 9.246145918408178 ], [ 79.208067073127395, 9.248488361911239 ] ] ] } },
{ "type": "Feature", "properties": { "Area": 0.031843470709499999 }, "geometry": { "type": "Polygon", "coordinates": [ [ [ 79.213861810377821, 9.249524113737777 ], [ 79.21237909518733, 9.249485354481338 ], [ 79.213656456402205, 9.250206653657999 ], [ 79.213861810377821, 9.249524113737777 ] ] ] } },
{ "type": "Feature", "properties": { "Area": 0.17727190203400001 }, "geometry": { "type": "Polygon", "coordinates": [ [ [ 86.784060066718737, 20.361432714233885 ], [ 86.781092283649983, 20.361341494588327 ], [ 86.784802761456334, 20.363757172011528 ], [ 86.784060066718737, 20.361432714233885 ] ] ] } },
{ "type": "Feature", "properties": { "Area": 0.110603761445 }, "geometry": { "type": "Polygon", "coordinates": [ [ [ 86.792986130725339, 20.382781535648089 ], [ 86.790561331635118, 20.382074249284909 ], [ 86.791300089056776, 20.3861852664784 ], [ 86.792986130725339, 20.382781535648089 ] ] ] } },
{ "type": "Feature", "properties": { "Area": 4.06994068826 }, "geometry": { "type": "Polygon", "coordinates": [ [ [ 86.805806617864022, 20.39556207601381 ], [ 86.807747448696603, 20.373326215246976 ], [ 86.799175925478167, 20.364309674171814 ], [ 86.796034330080033, 20.394913080351319 ], [ 86.799227406130484, 20.386200567372022 ], [ 86.803133133662115, 20.390007213437602 ], [ 86.796748346102149, 20.399889913609602 ], [ 86.805806617864022, 20.39556207601381 ] ] ] } },
{ "type": "Feature", "properties": { "Area": 8.4207571770699996 }, "geometry": { "type": "Polygon", "coordinates": [ [ [ 86.788132553008168, 20.383266216214246 ], [ 86.79044391104766, 20.43234951292651 ], [ 86.800316687074314, 20.442915848024999 ], [ 86.793492879360258, 20.493040370962014 ], [ 86.808512142277166, 20.452915151033331 ], [ 86.788132553008168, 20.383266216214246 ] ] ] } },
{ "type": "Feature", "properties": { "Area": 0.00030836845439599999 }, "geometry": { "type": "Polygon", "coordinates": [ [ [ 71.010965692250991, 20.739461341878265 ], [ 71.010973157251001, 20.739490442264845 ], [ 71.011446348420179, 20.739639501953356 ], [ 71.010965692250991, 20.739461341878265 ] ] ] } },
{ "type": "Feature", "properties": { "Area": 0.00022144408956599999 }, "geometry": { "type": "Polygon", "coordinates": [ [ [ 71.01209331329116, 20.739879302668836 ], [ 71.012143027855643, 20.739858958746353 ], [ 71.011446348420179, 20.739639501953356 ], [ 71.01209331329116, 20.739879302668836 ] ] ] } },
{ "type": "Feature", "properties": { "Area": 29.7217288756 }, "geometry": { "type": "Polygon", "coordinates": [ [ [ 70.92870610199644, 20.734932896825971 ], [ 70.940374939059424, 20.730121999551496 ], [ 70.94621903603975, 20.719550376660866 ], [ 70.999999343130099, 20.715889197709036 ], [ 70.979688365385883, 20.704871550105871 ], [ 70.931187835411052, 20.712865868849217 ], [ 70.91210189560968, 20.698922419505756 ], [ 70.875401316305144, 20.711988425233347 ], [ 70.881873093123971, 20.724011667531823 ], [ 70.902232741590268, 20.73187106950401 ], [ 70.92870610199644, 20.734932896825971 ] ] ] } },
{ "type": "Feature", "properties": { "Area": 1.9600229114900001 }, "geometry": { "type": "Polygon", "coordinates": [ [ [ 71.002128512050206, 20.741712153178497 ], [ 71.013818739796704, 20.735676893888552 ], [ 70.992248949251604, 20.724636032828183 ], [ 70.984906408478437, 20.728098809079842 ], [ 71.002128512050206, 20.741712153178497 ] ] ] } },
{ "type": "Feature", "properties": { "Area": 4.9644388130800001e-06 }, "geometry": { "type": "Polygon", "coordinates": [ [ [ 71.145765353056703, 20.757468355312859 ], [ 71.145862096222928, 20.757683098177058 ], [ 71.145768538482727, 20.757467681629027 ], [ 71.145765353056703, 20.757468355312859 ] ] ] } },
{ "type": "Feature", "properties": { "Area": 8.6498380669100005e-07 }, "geometry": { "type": "Polygon", "coordinates": [ [ [ 71.145897068535263, 20.757760727926691 ], [ 71.145895884555713, 20.757760895927312 ], [ 71.145902339849329, 20.757787644144752 ], [ 71.145897068535263, 20.757760727926691 ] ] ] } },
{ "type": "Feature", "properties": { "Area": 3.0743089576900002e-05 }, "geometry": { "type": "Polygon", "coordinates": [ [ [ 71.14604930512813, 20.758396621562287 ], [ 71.146043957457252, 20.758392015004407 ], [ 71.146012400539632, 20.758553910565791 ], [ 71.14604930512813, 20.758396621562287 ] ] ] } },
{ "type": "Feature", "properties": { "Area": 1.5132906559e-05 }, "geometry": { "type": "Polygon", "coordinates": [ [ [ 71.145971973656913, 20.758761311989254 ], [ 71.145958918440883, 20.758781848248571 ], [ 71.145947342750119, 20.75883118297137 ], [ 71.145971973656913, 20.758761311989254 ] ] ] } },
{ "type": "Feature", "properties": { "Area": 0.00028955296448799999 }, "geometry": { "type": "Polygon", "coordinates": [ [ [ 71.14581662080829, 20.761369102283862 ], [ 71.145622252330298, 20.760172581126277 ], [ 71.145617911670811, 20.760661507278829 ], [ 71.14581662080829, 20.761369102283862 ] ] ] } },
{ "type": "Feature", "properties": { "Area": 0.58063213779800005 }, "geometry": { "type": "Polygon", "coordinates": [ [ [ 71.149190823271184, 20.757898271657428 ], [ 71.146341714837959, 20.763238905658241 ], [ 71.157552024830451, 20.761724021598862 ], [ 71.149190823271184, 20.757898271657428 ] ] ] } },
{ "type": "Feature", "properties": { "Area": 1.3826151468200001 }, "geometry": { "type": "Polygon", "coordinates": [ [ [ 88.017335230139594, 21.56009334936623 ], [ 88.018557924377888, 21.551667726272683 ], [ 88.013749083660173, 21.54683727719647 ], [ 88.009970170398887, 21.558227812144889 ], [ 88.017335230139594, 21.56009334936623 ] ] ] } },
{ "type": "Feature", "properties": { "Area": 8.8938693585199999 }, "geometry": { "type": "Polygon", "coordinates": [ [ [ 88.170738074316404, 21.578727548254644 ], [ 88.181129720844368, 21.577950570653037 ], [ 88.196418066019817, 21.540394133240476 ], [ 88.172367357730352, 21.548920145434813 ], [ 88.160405392305336, 21.587779464495767 ], [ 88.160801261884743, 21.596603042703968 ], [ 88.170738074316404, 21.578727548254644 ] ] ] } },
{ "type": "Feature", "properties": { "Area": 26.077529356100001 }, "geometry": { "type": "Polygon", "coordinates": [ [ [ 88.286781441995728, 21.593355421080215 ], [ 88.327363136789742, 21.569123346458287 ], [ 88.285188357094441, 21.542528748513504 ], [ 88.256780030956207, 21.545335361503501 ], [ 88.276577661939726, 21.578752308179123 ], [ 88.287917510792838, 21.575473069958214 ], [ 88.286781441995728, 21.593355421080215 ] ] ] } },
{ "type": "Feature", "properties": { "Area": 35.668580622599997 }, "geometry": { "type": "Polygon", "coordinates": [ [ [ 88.540596446885317, 21.533155057884237 ], [ 88.520591758720357, 21.525061037114529 ], [ 88.482649084262349, 21.54584150357806 ], [ 88.483676750659185, 21.58046568133215 ], [ 88.492135533512837, 21.596342178224528 ], [ 88.530636227052284, 21.579466972671764 ], [ 88.529215466870284, 21.550335892089969 ], [ 88.540596446885317, 21.533155057884237 ] ] ] } },
{ "type": "Feature", "properties": { "Area": 53.135845504000002 }, "geometry": { "type": "Polygon", "coordinates": [ [ [ 88.902073024017028, 21.550813676021278 ], [ 88.870549152725573, 21.532014783745641 ], [ 88.82850480751118, 21.547549021747972 ], [ 88.822195535028939, 21.570308051471788 ], [ 88.826992311372365, 21.604558883612079 ], [ 88.861645305852591, 21.596107096760566 ], [ 88.887317669062639, 21.579890603546225 ], [ 88.902073024017028, 21.550813676021278 ] ] ] } },
{ "type": "Feature", "properties": { "Area": 1.05405679797 }, "geometry": { "type": "Polygon", "coordinates": [ [ [ 89.124920027926422, 21.591390449957174 ], [ 89.137028227401615, 21.588257725593657 ], [ 89.12314415562777, 21.585688247598245 ], [ 89.124920027926422, 21.591390449957174 ] ] ] } },
{ "type": "Feature", "properties": { "Area": 48.054392567900003 }, "geometry": { "type": "Polygon", "coordinates": [ [ [ 88.581799576429958, 21.594351863107033 ], [ 88.570502658962596, 21.570983484639736 ], [ 88.555304063568897, 21.558853983829138 ], [ 88.545152797227786, 21.560641633162142 ], [ 88.536991140239195, 21.586544069563384 ], [ 88.507501628774406, 21.598525107742741 ], [ 88.518380101100973, 21.649797956582198 ], [ 88.564867785900105, 21.620619132449391 ], [ 88.581799576429958, 21.594351863107033 ] ] ] } },
{ "type": "Feature", "properties": { "Area": 73.741529767499998 }, "geometry": { "type": "Polygon", "coordinates": [ [ [ 88.767911961173738, 21.632030448499087 ], [ 88.783649541246319, 21.596726717584346 ], [ 88.795644446096219, 21.59249791453033 ], [ 88.791199886599273, 21.580340227476267 ], [ 88.773026472531498, 21.575615867869139 ], [ 88.754362776846236, 21.558014168932338 ], [ 88.744359798104043, 21.580755345318114 ], [ 88.740788687625837, 21.562895187161548 ], [ 88.715322613537637, 21.566324582263046 ], [ 88.703521124053324, 21.580781591807057 ], [ 88.714542580325315, 21.63555179223923 ], [ 88.724198904589286, 21.633466102502922 ], [ 88.763512728869401, 21.652455442522179 ], [ 88.771545064389713, 21.6441733956988 ], [ 88.767911961173738, 21.632030448499087 ] ] ] } },
{ "type": "Feature", "properties": { "Area": 35.543868859500002 }, "geometry": { "type": "Polygon", "coordinates": [ [ [ 88.322644018904327, 21.684341845597881 ], [ 88.350710527093824, 21.663182608145959 ], [ 88.348910739845678, 21.626746413080998 ], [ 88.324833930107346, 21.605645619657508 ], [ 88.325915136993373, 21.598505637439853 ], [ 88.315980908116515, 21.599243988647029 ], [ 88.306375348547547, 21.607845691356307 ], [ 88.305992221570463, 21.628093261466795 ], [ 88.317125593553811, 21.67920276155489 ], [ 88.322644018904327, 21.684341845597881 ] ] ] } },
{ "type": "Feature", "properties": { "Area": 20.792797050600001 }, "geometry": { "type": "Polygon", "coordinates": [ [ [ 88.43175816696089, 21.656106234185316 ], [ 88.447955494016128, 21.645789348975345 ], [ 88.462792173453238, 21.649616447005734 ], [ 88.441050360921068, 21.593427346228601 ], [ 88.427043466990042, 21.596752430793909 ], [ 88.429399107481487, 21.60382540374431 ], [ 88.422695838407193, 21.596825310616477 ], [ 88.41867222406249, 21.601886018957035 ], [ 88.438669120240675, 21.62393435754246 ], [ 88.432346544607398, 21.648361037997269 ], [ 88.42635405402693, 21.648184944630788 ], [ 88.432236958227577, 21.652267084848813 ], [ 88.420388887502483, 21.65267219919588 ], [ 88.41768945815852, 21.685543837102468 ], [ 88.43069932004056, 21.670746502462276 ], [ 88.43175816696089, 21.656106234185316 ] ] ] } },
{ "type": "Feature", "properties": { "Area": 3.0656048359599999 }, "geometry": { "type": "Polygon", "coordinates": [ [ [ 88.629452262066565, 21.646541344139276 ], [ 88.623318117047276, 21.650012909594253 ], [ 88.624430484693931, 21.665181178839536 ], [ 88.634675946579108, 21.674488558439101 ], [ 88.629452262066565, 21.646541344139276 ] ] ] } },
{ "type": "Feature", "properties": { "Area": 21.4401938227 }, "geometry": { "type": "Polygon", "coordinates": [ [ [ 88.600194644404212, 21.610540735799646 ], [ 88.551942936983295, 21.638070862415553 ], [ 88.568801009065965, 21.667330439508952 ], [ 88.56834692146964, 21.685799292509653 ], [ 88.602761228188982, 21.621803927981713 ], [ 88.600194644404212, 21.610540735799646 ] ] ] } },
{ "type": "Feature", "properties": { "Area": 0.34967321021199999 }, "geometry": { "type": "Polygon", "coordinates": [ [ [ 88.300258260738858, 21.703500051612551 ], [ 88.295688356615386, 21.709329623757352 ], [ 88.296138122416878, 21.71215825864034 ], [ 88.298699142935135, 21.710841668787968 ], [ 88.300258260738858, 21.703500051612551 ] ] ] } },
{ "type": "Feature", "properties": { "Area": 23.6854274463 }, "geometry": { "type": "Polygon", "coordinates": [ [ [ 88.968286881513819, 21.644983884942793 ], [ 88.987224326205464, 21.638262796593882 ], [ 88.986336286749875, 21.615799671334695 ], [ 88.965433426132961, 21.617348908431936 ], [ 88.937478332394875, 21.636700435050216 ], [ 88.946385453627045, 21.674697136857024 ], [ 88.968286881513819, 21.644983884942793 ] ] ] } },
{ "type": "Feature", "properties": { "Area": 29.172494385699999 }, "geometry": { "type": "Polygon", "coordinates": [ [ [ 88.455257501905379, 21.710070579635893 ], [ 88.476286685414209, 21.679052234103928 ], [ 88.468238143387893, 21.666731000778551 ], [ 88.467187070488009, 21.682809713584149 ], [ 88.437187671674721, 21.694243911748806 ], [ 88.445817368892634, 21.684604723168651 ], [ 88.465920253697917, 21.681442643640317 ], [ 88.463144369638457, 21.650951948236806 ], [ 88.447988631968656, 21.646382158254234 ], [ 88.431845409544678, 21.657544226151373 ], [ 88.438013476745724, 21.673134912618227 ], [ 88.432138476821279, 21.670578311315218 ], [ 88.417559148543418, 21.690520586261705 ], [ 88.442596573527467, 21.709268887406434 ], [ 88.455257501905379, 21.710070579635893 ] ] ] } },
{ "type": "Feature", "properties": { "Area": 18.161048150799999 }, "geometry": { "type": "Polygon", "coordinates": [ [ [ 88.701806104530306, 21.678725587800873 ], [ 88.741166497474751, 21.645473681508236 ], [ 88.715940560130036, 21.637140402471843 ], [ 88.714826373394914, 21.653680151733344 ], [ 88.706699686023697, 21.650760106905182 ], [ 88.67978543606938, 21.678103544668655 ], [ 88.686529865051639, 21.713945053238689 ], [ 88.701806104530306, 21.678725587800873 ] ] ] } },
{ "type": "Feature", "properties": { "Area": 1.17323776425 }, "geometry": { "type": "Polygon", "coordinates": [ [ [ 88.203535969581466, 21.754186925333745 ], [ 88.197700874618576, 21.734742696576202 ], [ 88.201646170243535, 21.757803078182793 ], [ 88.203535969581466, 21.754186925333745 ] ] ] } },
{ "type": "Feature", "properties": { "Area": 16.675881541300001 }, "geometry": { "type": "Polygon", "coordinates": [ [ [ 89.006701184072412, 21.659194698560079 ], [ 88.991261182615787, 21.65845791180633 ], [ 88.991661998319131, 21.70039435780626 ], [ 88.975501198559982, 21.723860837274501 ], [ 89.005045393171031, 21.71425783421428 ], [ 89.004658585796221, 21.702845365954801 ], [ 89.013876936443424, 21.697682594789743 ], [ 89.014810000359333, 21.675309019348184 ], [ 89.006701184072412, 21.659194698560079 ] ] ] } },
{ "type": "Feature", "properties": { "Area": 63.131579191900002 }, "geometry": { "type": "Polygon", "coordinates": [ [ [ 88.916127699338048, 21.629347033740451 ], [ 88.88309033387948, 21.651828285668486 ], [ 88.864940126888769, 21.694076572696112 ], [ 88.875802083688811, 21.742143956341259 ], [ 88.904077548098215, 21.725776788862881 ], [ 88.933987756780212, 21.693394477137364 ], [ 88.916127699338048, 21.629347033740451 ] ] ] } },
{ "type": "Feature", "properties": { "Area": 12.8235601631 }, "geometry": { "type": "Polygon", "coordinates": [ [ [ 88.589961643948641, 21.719288800818898 ], [ 88.576147869837357, 21.725232480619837 ], [ 88.579728055994877, 21.745274992789785 ], [ 88.566071266072782, 21.765028972833143 ], [ 88.576845853626608, 21.772344162139877 ], [ 88.582043604675206, 21.751586243899197 ], [ 88.614553110191352, 21.734187480897294 ], [ 88.589961643948641, 21.719288800818898 ] ] ] } },
{ "type": "Feature", "properties": { "Area": 1.5131231884 }, "geometry": { "type": "Polygon", "coordinates": [ [ [ 88.291146300265723, 21.776555382485103 ], [ 88.277799813595578, 21.785550150592659 ], [ 88.273902239173466, 21.792632943818393 ], [ 88.288279860635726, 21.785181451004384 ], [ 88.291146300265723, 21.776555382485103 ] ] ] } },
{ "type": "Feature", "properties": { "Area": 75.392042856200007 }, "geometry": { "type": "Polygon", "coordinates": [ [ [ 88.858429023623415, 21.759576901721893 ], [ 88.833885654977621, 21.705596384973166 ], [ 88.855265472501415, 21.639976001871336 ], [ 88.838579839224039, 21.626425211675599 ], [ 88.8388815842263, 21.616598773989477 ], [ 88.801164598008683, 21.631333434399185 ], [ 88.816683733855328, 21.665971375928272 ], [ 88.81438287173161, 21.699258773794899 ], [ 88.803623384857701, 21.713702063730018 ], [ 88.759696826577965, 21.699319373312417 ], [ 88.779740273454166, 21.715311182868142 ], [ 88.786903995586883, 21.745630589881799 ], [ 88.807187581003149, 21.747979646614791 ], [ 88.831141056544553, 21.762446159777209 ], [ 88.858429023623415, 21.759576901721893 ] ] ] } },
{ "type": "Feature", "properties": { "Area": 78.171213399899997 }, "geometry": { "type": "Polygon", "coordinates": [ [ [ 88.918068762834281, 21.759602578387724 ], [ 88.959315244176253, 21.751384784667621 ], [ 88.963966774616352, 21.741424647700761 ], [ 88.977707317167344, 21.741712762093922 ], [ 88.965958032377401, 21.722861614038763 ], [ 88.987537821171628, 21.690588548246865 ], [ 88.983951102465383, 21.661199960120513 ], [ 88.998447034745524, 21.651019791944645 ], [ 89.011060874334575, 21.655152690727036 ], [ 89.03236198326978, 21.626850339331568 ], [ 89.031311265204465, 21.611545872156409 ], [ 89.022760632307921, 21.604746971071297 ], [ 88.996838538347234, 21.603572906907843 ], [ 88.99023751911183, 21.63915313561203 ], [ 88.963742444628664, 21.6494192694236 ], [ 88.948819570941723, 21.678115096365801 ], [ 88.946869038304072, 21.700924924885136 ], [ 88.917383179389248, 21.717055445274866 ], [ 88.926123902088079, 21.742626638869115 ], [ 88.918068762834281, 21.759602578387724 ] ] ] } },
{ "type": "Feature", "properties": { "Area": 22.3705647283 }, "geometry": { "type": "Polygon", "coordinates": [ [ [ 88.609367581620532, 21.782010720695801 ], [ 88.621129788675816, 21.768876372419818 ], [ 88.624042262472557, 21.735063653324797 ], [ 88.605971461163037, 21.703506642714725 ], [ 88.593736120430748, 21.715612107569431 ], [ 88.615468848300424, 21.726352174374643 ], [ 88.618583346018028, 21.737868500523845 ], [ 88.586217554777647, 21.752849350253406 ], [ 88.583445357404102, 21.768536083104266 ], [ 88.588104262114385, 21.780156842176162 ], [ 88.609367581620532, 21.782010720695801 ] ] ] } },
{ "type": "Feature", "properties": { "Area": 75.723995139300001 }, "geometry": { "type": "Polygon", "coordinates": [ [ [ 89.02604433579414, 21.822801070572705 ], [ 89.016279212972833, 21.813654159849683 ], [ 88.994928484694583, 21.815941442931386 ], [ 88.967135968954977, 21.776811937531313 ], [ 88.939494347725173, 21.784340083805038 ], [ 88.946556202701345, 21.801320543852025 ], [ 88.971816161940822, 21.804893791916374 ], [ 88.971132269125121, 21.823939269305477 ], [ 88.953896657586426, 21.826387465442117 ], [ 88.946644871809738, 21.836101498791194 ], [ 88.957255471908454, 21.857217113548799 ], [ 88.973722399550141, 21.864918109659595 ], [ 88.968769907438713, 21.891159298207231 ], [ 88.99728889793515, 21.888035052456797 ], [ 89.028699430583856, 21.867623618555587 ], [ 89.02604433579414, 21.822801070572705 ] ] ] } },
{ "type": "Feature", "properties": { "Area": 111.574182374 }, "geometry": { "type": "Polygon", "coordinates": [ [ [ 88.5675280621724, 21.789455259832359 ], [ 88.553108746304517, 21.759312127106842 ], [ 88.564413719863339, 21.75333254497038 ], [ 88.568145426656457, 21.740339348495546 ], [ 88.555185382645135, 21.731443188737043 ], [ 88.566902103506024, 21.728078944631921 ], [ 88.604430797450163, 21.675487066422338 ], [ 88.584156163745732, 21.655932742661488 ], [ 88.575255326228955, 21.68054538156154 ], [ 88.579320955677801, 21.689144067863367 ], [ 88.563740994903256, 21.694895432167076 ], [ 88.560032463746154, 21.662860141979348 ], [ 88.542625631517652, 21.637336691664068 ], [ 88.524015581424564, 21.654754930604081 ], [ 88.513293216531466, 21.737693727323094 ], [ 88.506380261805262, 21.739269526373786 ], [ 88.50295483560825, 21.754383732535128 ], [ 88.514486953576551, 21.762037315485522 ], [ 88.504393374348069, 21.766809493824425 ], [ 88.509536838407371, 21.779614082243103 ], [ 88.542165803686672, 21.806733620572672 ], [ 88.5675280621724, 21.789455259832359 ] ] ] } },
{ "type": "Feature", "properties": { "Area": 22.2891738786 }, "geometry": { "type": "Polygon", "coordinates": [ [ [ 88.798144295835144, 21.748553157679176 ], [ 88.786280356370568, 21.751736637906049 ], [ 88.78219774606788, 21.763403556958043 ], [ 88.816962899702915, 21.818664997726387 ], [ 88.825468562936322, 21.803953638843623 ], [ 88.817386872177678, 21.786403786073642 ], [ 88.82508304823719, 21.764340382739814 ], [ 88.798144295835144, 21.748553157679176 ] ] ] } },
{ "type": "Feature", "properties": { "Area": 134.226595694 }, "geometry": { "type": "Polygon", "coordinates": [ [ [ 89.013798316788055, 21.809592537286065 ], [ 89.024729137539481, 21.75638693155652 ], [ 89.058776786095834, 21.725059613928575 ], [ 89.072027435999885, 21.70232896479536 ], [ 89.066784199655203, 21.690275183296166 ], [ 89.092921405990452, 21.661257880655409 ], [ 89.090598233308327, 21.63864980882995 ], [ 89.059482978690113, 21.615219333886635 ], [ 89.026607704343093, 21.639089734408252 ], [ 89.025082197005716, 21.652468105059747 ], [ 89.032327644269728, 21.658857784018036 ], [ 89.016873682993577, 21.660798896346154 ], [ 89.021403809716276, 21.688009421850825 ], [ 89.012429748724074, 21.714000488078643 ], [ 88.977025789615794, 21.728842212406217 ], [ 88.980909838104679, 21.746686296938076 ], [ 88.967580765276324, 21.746650601191622 ], [ 88.956117312731692, 21.759506220785308 ], [ 88.979315554850828, 21.779705495437955 ], [ 89.002860342752058, 21.777470109412505 ], [ 88.993019270966741, 21.789493990355211 ], [ 89.001235819510782, 21.811414483685947 ], [ 89.013798316788055, 21.809592537286065 ] ] ] } },
{ "type": "Feature", "properties": { "Area": 4.5626452565499998 }, "geometry": { "type": "Polygon", "coordinates": [ [ [ 88.187690071550222, 21.829896450492996 ], [ 88.180032329011823, 21.832668013965183 ], [ 88.163721758535246, 21.867020526614876 ], [ 88.192280210225491, 21.837932832041911 ], [ 88.187690071550222, 21.829896450492996 ] ] ] } },
{ "type": "Feature", "properties": { "Area": 18.774980820300001 }, "geometry": { "type": "Polygon", "coordinates": [ [ [ 88.611429893425623, 21.801095796434488 ], [ 88.585812772113997, 21.796415149064909 ], [ 88.572671708589752, 21.811936683413389 ], [ 88.586738059314527, 21.847525413327915 ], [ 88.613638894726719, 21.823363288589768 ], [ 88.60176924377356, 21.81377744821938 ], [ 88.611429893425623, 21.801095796434488 ] ] ] } },
{ "type": "Feature", "properties": { "Area": 304.24421549599998 }, "geometry": { "type": "Polygon", "coordinates": [ [ [ 88.165837207486049, 21.833727938278237 ], [ 88.171842777537023, 21.794296402322022 ], [ 88.177941595409465, 21.797827645056948 ], [ 88.183227437051485, 21.786951488494843 ], [ 88.177605629086472, 21.776456658768421 ], [ 88.171511787880718, 21.788891573223328 ], [ 88.175427597204788, 21.738068990742956 ], [ 88.14193172982857, 21.682366977955919 ], [ 88.146405460317737, 21.612151828753696 ], [ 88.117802063218917, 21.612300905977754 ], [ 88.089744319891636, 21.628938774233877 ], [ 88.052488656301676, 21.636932956323221 ], [ 88.036795232018548, 21.649487885342374 ], [ 88.032189686337858, 21.669340714668955 ], [ 88.049151562344861, 21.687735511253347 ], [ 88.054788296716609, 21.707998297232169 ], [ 88.049949684033791, 21.726210097982609 ], [ 88.109055340672285, 21.850714740007582 ], [ 88.139097757109582, 21.878616791862193 ], [ 88.165837207486049, 21.833727938278237 ] ] ] } },
{ "type": "Feature", "properties": { "Area": 22.027796990100001 }, "geometry": { "type": "Polygon", "coordinates": [ [ [ 88.1319449998132, 21.894473359400415 ], [ 88.089653929611103, 21.925522565241838 ], [ 88.09251981048898, 21.932421911967516 ], [ 88.124233117609265, 21.947953659811983 ], [ 88.14869368314541, 21.922076929516596 ], [ 88.1319449998132, 21.894473359400415 ] ] ] } },
{ "type": "Feature", "properties": { "Area": 53.925606190400003 }, "geometry": { "type": "Polygon", "coordinates": [ [ [ 88.85005968602259, 21.861522454979443 ], [ 88.871845239322539, 21.848791295993397 ], [ 88.875058701740059, 21.80015925331794 ], [ 88.890328892861902, 21.779588416666179 ], [ 88.88771845332495, 21.750285988145599 ], [ 88.915609852916106, 21.742961475019609 ], [ 88.906812846273155, 21.727530645372834 ], [ 88.87597049085511, 21.745400788065151 ], [ 88.872232255106496, 21.764508165622615 ], [ 88.858920346388274, 21.776839288704899 ], [ 88.831311183984653, 21.780711268638836 ], [ 88.834814503998246, 21.845290534899799 ], [ 88.85005968602259, 21.861522454979443 ] ] ] } },
{ "type": "Feature", "properties": { "Area": 8.7882060860800006 }, "geometry": { "type": "Polygon", "coordinates": [ [ [ 88.573200337490064, 21.88085368874583 ], [ 88.574845624390804, 21.856798536547757 ], [ 88.557941071678684, 21.828625112717287 ], [ 88.552153900039556, 21.833633314946852 ], [ 88.558691950966789, 21.853871379685433 ], [ 88.552969578402383, 21.875972078741572 ], [ 88.573200337490064, 21.88085368874583 ] ] ] } },
{ "type": "Feature", "properties": { "Area": 14.288588774700001 }, "geometry": { "type": "Polygon", "coordinates": [ [ [ 88.092442920988901, 21.920592537038988 ], [ 88.122851515888826, 21.88529206287237 ], [ 88.124261876274772, 21.891803520723215 ], [ 88.132295562861259, 21.885935456648735 ], [ 88.105651434516219, 21.866132937420428 ], [ 88.095439599267095, 21.885618453976157 ], [ 88.099365045717505, 21.887601900138115 ], [ 88.107011014037482, 21.897125130176349 ], [ 88.095315943473267, 21.887298438245317 ], [ 88.083850734722276, 21.913838947763562 ], [ 88.092442920988901, 21.920592537038988 ] ] ] } },
{ "type": "Feature", "properties": { "Area": 46.255023212899999 }, "geometry": { "type": "Polygon", "coordinates": [ [ [ 88.632150890113294, 21.866161222763523 ], [ 88.649530836663629, 21.863789833937663 ], [ 88.639427984126428, 21.786702988630232 ], [ 88.61696558529421, 21.794240153524299 ], [ 88.608089975165569, 21.812558821142822 ], [ 88.617245593761538, 21.825948616415968 ], [ 88.592583386986817, 21.851485497594826 ], [ 88.615468367701737, 21.894083565730242 ], [ 88.632150890113294, 21.866161222763523 ] ] ] } },
{ "type": "Feature", "properties": { "Area": 1.1962956365099999 }, "geometry": { "type": "Polygon", "coordinates": [ [ [ 88.487588450190827, 21.898445893137819 ], [ 88.4816405052687, 21.902275385906307 ], [ 88.49562624387481, 21.907910578637416 ], [ 88.495187435723139, 21.905251939137166 ], [ 88.487588450190827, 21.898445893137819 ] ] ] } },
{ "type": "Feature", "properties": { "Area": 272.06615220700002 }, "geometry": { "type": "Polygon", "coordinates": [ [ [ 88.713755328251338, 21.899338486468565 ], [ 88.742477161932172, 21.894645939151847 ], [ 88.772212777648789, 21.867236248393464 ], [ 88.786438369130749, 21.877038600878588 ], [ 88.784391302634333, 21.862738363768919 ], [ 88.801030551402008, 21.877897857584699 ], [ 88.825683388748303, 21.860170197309515 ], [ 88.807827779763443, 21.807440662638264 ], [ 88.791398843671757, 21.790578398205593 ], [ 88.786078680996027, 21.793339366508189 ], [ 88.790298009495032, 21.783238181249757 ], [ 88.778091222612389, 21.761612023546473 ], [ 88.782078105743423, 21.734449007405669 ], [ 88.750792502699596, 21.734183528915263 ], [ 88.761295635544215, 21.760526306233839 ], [ 88.747289159329782, 21.767310797621342 ], [ 88.767070137344589, 21.80079442198836 ], [ 88.74206701812291, 21.767843764846976 ], [ 88.753689703339845, 21.757156885388891 ], [ 88.745967807615429, 21.730589832195989 ], [ 88.771674523300248, 21.719480227129289 ], [ 88.75487968273211, 21.708618537048515 ], [ 88.755482666086777, 21.692135987729518 ], [ 88.795428867496014, 21.703394808437906 ], [ 88.804480267145962, 21.698892802380072 ], [ 88.803096335195647, 21.665522269579011 ], [ 88.794041854324291, 21.653418080258945 ], [ 88.767044053861994, 21.662799048748944 ], [ 88.741426446561803, 21.655730992555352 ], [ 88.70736659259569, 21.68308671294605 ], [ 88.689130501273908, 21.740091480503249 ], [ 88.706043322079907, 21.77987516730925 ], [ 88.707201174124336, 21.80333860739438 ], [ 88.716740243989207, 21.800912742880417 ], [ 88.695780151705506, 21.822718976643539 ], [ 88.694104941922646, 21.851597851783712 ], [ 88.713755328251338, 21.899338486468565 ] ] ] } },
{ "type": "Feature", "properties": { "Area": 9.4494406977099992 }, "geometry": { "type": "Polygon", "coordinates": [ [ [ 88.827667282120672, 21.863170871241543 ], [ 88.802586048096842, 21.878225500192631 ], [ 88.812201737068946, 21.897043298171436 ], [ 88.833383612616473, 21.885482703122406 ], [ 88.827667282120672, 21.863170871241543 ] ] ] } },
{ "type": "Feature", "properties": { "Area": 18.587398724700002 }, "geometry": { "type": "Polygon", "coordinates": [ [ [ 88.634459758022842, 21.917401062976339 ], [ 88.666292176359889, 21.904254308831987 ], [ 88.649386644484139, 21.872059609791648 ], [ 88.631998411873596, 21.869872534974093 ], [ 88.622290776738907, 21.902690508115434 ], [ 88.634459758022842, 21.917401062976339 ] ] ] } },
{ "type": "Feature", "properties": { "Area": 42.459262130600003 }, "geometry": { "type": "Polygon", "coordinates": [ [ [ 88.73268906290086, 21.916261983292966 ], [ 88.751891631873903, 21.923830662177579 ], [ 88.79538075193274, 21.916455681510818 ], [ 88.808797660232955, 21.899989825865159 ], [ 88.805294704935349, 21.885604995930333 ], [ 88.789641504515714, 21.871403699445978 ], [ 88.783807727381344, 21.877853484889247 ], [ 88.771984922671948, 21.868853607788616 ], [ 88.743932643796555, 21.895533225944572 ], [ 88.71789650242232, 21.900619474151149 ], [ 88.717249959759528, 21.924918899856014 ], [ 88.73268906290086, 21.916261983292966 ] ] ] } },
{ "type": "Feature", "properties": { "Area": 174.01511270200001 }, "geometry": { "type": "Polygon", "coordinates": [ [ [ 88.910303645568334, 21.925137510737208 ], [ 88.967620133045315, 21.898113566866186 ], [ 88.962755974072451, 21.887145822644683 ], [ 88.969793384093066, 21.866789390535825 ], [ 88.948805005657718, 21.852359596580012 ], [ 88.941957689930987, 21.835245212686189 ], [ 88.968268358252672, 21.814032979204811 ], [ 88.962284405260661, 21.803901801793501 ], [ 88.943910829479606, 21.807042907493713 ], [ 88.932072870191334, 21.79050789019475 ], [ 88.952088372275668, 21.769495699639322 ], [ 88.916349763774619, 21.765525787784355 ], [ 88.897287791024993, 21.751007527706815 ], [ 88.895611514941919, 21.787570465728038 ], [ 88.880106325440053, 21.800520074948444 ], [ 88.885565810528135, 21.81019336614678 ], [ 88.873776836372329, 21.850135770481405 ], [ 88.854979540543113, 21.85640668982839 ], [ 88.841695352936242, 21.896524782664212 ], [ 88.817144769022065, 21.924871303423448 ], [ 88.850258274785844, 21.908730561889755 ], [ 88.870689596235408, 21.915029304366474 ], [ 88.882908912819644, 21.909552587335526 ], [ 88.910303645568334, 21.925137510737208 ] ] ] } },
{ "type": "Feature", "properties": { "Area": 31.656826880299999 }, "geometry": { "type": "Polygon", "coordinates": [ [ [ 88.724874414326749, 21.972464938764521 ], [ 88.752255155814851, 21.970479878322205 ], [ 88.749784947785344, 21.952672730972335 ], [ 88.772261655881735, 21.93872852388634 ], [ 88.783441267746042, 21.947756551643288 ], [ 88.802610284643194, 21.928690953401542 ], [ 88.784935793087584, 21.91741195035268 ], [ 88.769705611131869, 21.926097689618931 ], [ 88.728695075892546, 21.924248696619273 ], [ 88.720818973569848, 21.937577421643127 ], [ 88.724874414326749, 21.972464938764521 ] ] ] } },
{ "type": "Feature", "properties": { "Area": 18.558203261799999 }, "geometry": { "type": "Polygon", "coordinates": [ [ [ 88.101036619120123, 21.970882530377764 ], [ 88.09022770963422, 21.977158578792412 ], [ 88.099077734845267, 21.99851885054677 ], [ 88.116626739840498, 22.015613885200153 ], [ 88.136984774034246, 22.01717585822545 ], [ 88.122401994429083, 21.977328639967276 ], [ 88.101036619120123, 21.970882530377764 ] ] ] } },
{ "type": "Feature", "properties": { "Area": 39.895485301299999 }, "geometry": { "type": "Polygon", "coordinates": [ [ [ 88.779545152187922, 21.980081862272893 ], [ 88.780765155971935, 21.96804813494942 ], [ 88.796131634814131, 21.96568380812429 ], [ 88.837596524449424, 21.973334070375426 ], [ 88.836254937284991, 21.940042403294708 ], [ 88.860352380427102, 21.930443439605625 ], [ 88.863483816777673, 21.920185362358474 ], [ 88.848233753308094, 21.917513210246803 ], [ 88.820120927982572, 21.937628956022959 ], [ 88.789632976808747, 21.939199082452618 ], [ 88.785318676621245, 21.952042613031917 ], [ 88.769157476213479, 21.942489677526186 ], [ 88.754826973184478, 21.953605799103723 ], [ 88.750966590811757, 21.980063390878179 ], [ 88.779545152187922, 21.980081862272893 ] ] ] } },
{ "type": "Feature", "properties": { "Area": 0.0023734252376700002 }, "geometry": { "type": "Polygon", "coordinates": [ [ [ 68.683661580870208, 23.152250180815475 ], [ 68.68439327124554, 23.151884436747522 ], [ 68.683210067845494, 23.152387475617445 ], [ 68.683661580870208, 23.152250180815475 ] ] ] } },
{ "type": "Feature", "properties": { "Area": 1.0479127331699999e-05 }, "geometry": { "type": "Polygon", "coordinates": [ [ [ 68.621019415061625, 23.205635654535179 ], [ 68.621001030141016, 23.205629018052672 ], [ 68.620970037365396, 23.205702380146082 ], [ 68.621019415061625, 23.205635654535179 ] ] ] } },
{ "type": "Feature", "properties": { "Area": 0.00064632300170699996 }, "geometry": { "type": "Polygon", "coordinates": [ [ [ 68.733039280685688, 23.831564787703872 ], [ 68.734603497326987, 23.831530402724702 ], [ 68.73379813881013, 23.831487105330048 ], [ 68.733039280685688, 23.831564787703872 ] ] ] } },
{ "type": "Feature", "properties": { "Area": 3942949.5938400002 }, "geometry": { "type": "Polygon", "coordinates": [ [ [ 71.14581662080829, 20.761369102283862 ], [ 71.121835207661547, 20.753644027354078 ], [ 71.090217815460804, 20.756943441307389 ], [ 71.077692244331544, 20.747704720192978 ], [ 71.080625049698128, 20.738783871468257 ], [ 71.049838646745869, 20.730908703362086 ], [ 70.988192180784736, 20.744514503690919 ], [ 70.966791318428776, 20.733804902271299 ], [ 70.916394662281476, 20.741563277832036 ], [ 70.875307861871192, 20.722901639870976 ], [ 70.874101656209973, 20.704732070037888 ], [ 70.843649391509103, 20.706225235946576 ], [ 70.834379650041143, 20.698639171009415 ], [ 70.838559824570183, 20.689822015104657 ], [ 70.827482997940692, 20.689894024734052 ], [ 70.765491362416469, 20.721363757899674 ], [ 70.744343771970037, 20.720411257103464 ], [ 70.706402840243712, 20.736584388321766 ], [ 70.666359242593032, 20.761867192951264 ], [ 70.612261390931266, 20.771289816808586 ], [ 70.547000465389559, 20.806430956198199 ], [ 70.539681031980422, 20.802331710743935 ], [ 70.487632069496769, 20.833785933390757 ], [ 70.446821668122965, 20.84773436631842 ], [ 70.392290238301086, 20.894614176324218 ], [ 70.357517475037326, 20.905678136849783 ], [ 70.346915826650417, 20.915551851670191 ], [ 70.351746086797732, 20.924391739057036 ], [ 70.344690590097173, 20.916058381626037 ], [ 70.320471908527679, 20.927859293320328 ], [ 70.096251390430353, 21.109902771677909 ], [ 69.983632476072529, 21.225797585175901 ], [ 70.002643448768538, 21.244291195884973 ], [ 70.002656200353968, 21.254894964623343 ], [ 70.011923267537341, 21.260829706467749 ], [ 70.020253053214532, 21.269602459352672 ], [ 70.028851623807839, 21.273794430194563 ], [ 70.028839894505168, 21.274786032331036 ], [ 70.020850999715407, 21.270923065742 ], [ 70.002367354260883, 21.25556143011346 ], [ 70.002351921204323, 21.244957014411657 ], [ 69.981563680227723, 21.228622308261095 ], [ 69.775654097488385, 21.459968970971538 ], [ 69.784388805966387, 21.452803161233359 ], [ 69.803705978410093, 21.451790799530336 ], [ 69.805092174114932, 21.464599351528879 ], [ 69.784487472425624, 21.457214848031015 ], [ 69.755047880341223, 21.484614572436943 ], [ 69.773226801979987, 21.461556969122121 ], [ 69.707195654625465, 21.534241677661491 ], [ 69.722193522367249, 21.539909281100361 ], [ 69.703935336981061, 21.537742653409353 ], [ 69.602290228659342, 21.637551328386643 ], [ 69.591211453584009, 21.639296985407871 ], [ 69.59808330409777, 21.649122554043728 ], [ 69.584706893647194, 21.645332791991109 ], [ 69.589062987953284, 21.637169780903307 ], [ 69.569871848245626, 21.64893630193885 ], [ 69.446612047987614, 21.757191412141594 ], [ 69.44550549603413, 21.767328764312637 ], [ 69.442366060185932, 21.762254895823276 ], [ 69.432744705539335, 21.767293224700062 ], [ 69.371528751788205, 21.830308887917429 ], [ 69.32926637826786, 21.855836864566879 ], [ 69.319711880736264, 21.871244278369236 ], [ 69.283648891484418, 21.893611688628784 ], [ 69.216540727884649, 21.957483285659524 ], [ 68.981188128683002, 22.212269534549154 ], [ 68.965845474958769, 22.234054262827172 ], [ 68.973746598955401, 22.236515027753445 ], [ 68.9582065709902, 22.238071500001336 ], [ 68.936649300265188, 22.304071018252397 ], [ 68.941777769645796, 22.331221842296127 ], [ 68.955679350482839, 22.337626635243499 ], [ 68.957368194895082, 22.368242492332829 ], [ 68.977121299084928, 22.403524025813816 ], [ 68.983252513799769, 22.398236147553888 ], [ 68.999985596988751, 22.400719414007554 ], [ 68.999827646212353, 22.40643331151783 ], [ 68.97847648674275, 22.403705913806476 ], [ 68.984466887841876, 22.41340930515781 ], [ 69.012442998564339, 22.444339220272557 ], [ 69.055119206173146, 22.466414245502818 ], [ 69.068101713456457, 22.481361393557222 ], [ 69.078767887830239, 22.479647576833912 ], [ 69.083609439800696, 22.474562562405691 ], [ 69.073708277011079, 22.453703240476802 ], [ 69.049560634214259, 22.437653200266659 ], [ 69.046889954552682, 22.447950093926845 ], [ 69.038026623495639, 22.442820143256334 ], [ 69.046810468023082, 22.423173171590822 ], [ 69.035478059017137, 22.390244325261435 ], [ 69.048994755772398, 22.397867850470234 ], [ 69.05330746055192, 22.388581166752097 ], [ 69.062705993482169, 22.390895712273842 ], [ 69.060818617798915, 22.383307242183449 ], [ 69.081834323883513, 22.388178142277098 ], [ 69.103361713947209, 22.398900278315526 ], [ 69.099576563682874, 22.40821236244129 ], [ 69.110477484908373, 22.409921063529314 ], [ 69.127963275457091, 22.395084494109852 ], [ 69.121157550829707, 22.375614934456575 ], [ 69.13028337949423, 22.395066604607962 ], [ 69.151538981573779, 22.399783186470579 ], [ 69.151097376068307, 22.404686929853753 ], [ 69.160359329142779, 22.412091660385169 ], [ 69.156887424112952, 22.405577710939319 ], [ 69.16883680953076, 22.407458910575812 ], [ 69.182455676174825, 22.419592443392361 ], [ 69.175812881685459, 22.422935317935792 ], [ 69.194814954771914, 22.421819359055185 ], [ 69.187413207834965, 22.413266428848033 ], [ 69.19098785587876, 22.413932833806623 ], [ 69.196620204675298, 22.403698247352835 ], [ 69.19179751552916, 22.410024887757281 ], [ 69.187667970947871, 22.402499850294593 ], [ 69.200911824198485, 22.401331667404666 ], [ 69.197515609417891, 22.3878113975369 ], [ 69.167936601496322, 22.373493289872147 ], [ 69.180920738323564, 22.370632581961111 ], [ 69.16905312295286, 22.354136753476492 ], [ 69.177390784160096, 22.356123492685885 ], [ 69.175384590110824, 22.347859060708448 ], [ 69.16334337980301, 22.348589143079309 ], [ 69.16925109816674, 22.333463433257613 ], [ 69.156786733749399, 22.315963487207338 ], [ 69.160721068131252, 22.284224544044555 ], [ 69.148464052847814, 22.257533159290112 ], [ 69.153931901251184, 22.248706482676226 ], [ 69.133780358300243, 22.222619424446425 ], [ 69.136390596614561, 22.195523365046604 ], [ 69.156433460484124, 22.195218936652395 ], [ 69.168476996530217, 22.214789215670621 ], [ 69.178521544812199, 22.212813258598814 ], [ 69.179141000574234, 22.228115069788569 ], [ 69.19028700197218, 22.243616628676392 ], [ 69.195180250190603, 22.225307003255566 ], [ 69.211485827830842, 22.219437182540165 ], [ 69.212806599233488, 22.210326475000493 ], [ 69.23757578637543, 22.222683446854656 ], [ 69.233462208449978, 22.249977641867488 ], [ 69.240505328162556, 22.258350359297697 ], [ 69.292162997084844, 22.275315291914271 ], [ 69.292946902036078, 22.286893112882044 ], [ 69.321971503900258, 22.29197971729749 ], [ 69.324232425129836, 22.302816833231454 ], [ 69.331451652367349, 22.301281628097431 ], [ 69.340005307196506, 22.312654856556779 ], [ 69.332712343545495, 22.327807912146209 ], [ 69.351736658918384, 22.326822673952073 ], [ 69.363700651841015, 22.317163155906474 ], [ 69.422913283456808, 22.316180584135815 ], [ 69.443389393109797, 22.330550687084454 ], [ 69.490655246218765, 22.336950490494996 ], [ 69.499468511470056, 22.366301549964803 ], [ 69.540429490248414, 22.377185842603442 ], [ 69.560245327387818, 22.367135636169007 ], [ 69.561312274417077, 22.355817562620761 ], [ 69.579569175212413, 22.367333029949634 ], [ 69.597646377916632, 22.346136230614636 ], [ 69.609389749995373, 22.352524041943024 ], [ 69.617339053335627, 22.345394340510857 ], [ 69.621123503812328, 22.371806305955268 ], [ 69.635440182667423, 22.358161380671589 ], [ 69.65535315643514, 22.359543454581797 ], [ 69.660983645719028, 22.396294548826223 ], [ 69.702147589852672, 22.398668863819847 ], [ 69.695583241643817, 22.412876092239554 ], [ 69.705391149425452, 22.433699889013678 ], [ 69.694610625804231, 22.442667905102134 ], [ 69.696134203560362, 22.452505948341361 ], [ 69.730681382788347, 22.484532403640603 ], [ 69.736622646041411, 22.484455385332268 ], [ 69.734450172934714, 22.470189101890337 ], [ 69.743657668340006, 22.458919235348201 ], [ 69.741901455671339, 22.448646116517114 ], [ 69.734772346524849, 22.449201125306789 ], [ 69.741623573516307, 22.44636569203637 ], [ 69.732816404232523, 22.442809802976644 ], [ 69.742987693123027, 22.441888851601195 ], [ 69.747643359406666, 22.433107331865177 ], [ 69.739605974456168, 22.432151701641946 ], [ 69.750072033829042, 22.42916876534375 ], [ 69.753693649389135, 22.416617289975253 ], [ 69.751013832962798, 22.459717640059694 ], [ 69.764517991033301, 22.475479566323013 ], [ 69.78506128568641, 22.458728955986587 ], [ 69.781374740795883, 22.444906190494748 ], [ 69.765397226999099, 22.44674326396942 ], [ 69.779202968375103, 22.441311815103472 ], [ 69.774088006063081, 22.433770823457419 ], [ 69.788526597980336, 22.434579845872101 ], [ 69.779295606240467, 22.416372045007133 ], [ 69.791984904313381, 22.430917865822565 ], [ 69.793951090993161, 22.423695413695015 ], [ 69.805486235385672, 22.423622198826674 ], [ 69.820808312300016, 22.432453676627865 ], [ 69.805587347957399, 22.44824246013858 ], [ 69.803450923344741, 22.463158386264844 ], [ 69.824159761335039, 22.473086005422022 ], [ 69.863957138851134, 22.463480053070352 ], [ 69.867776052295412, 22.433810935956348 ], [ 69.87139594758176, 22.4367485519215 ], [ 69.870645368330955, 22.435350680366614 ], [ 69.87180803265035, 22.433287082031903 ], [ 69.87031784527332, 22.429389054549567 ], [ 69.870603480787565, 22.427880565452895 ], [ 69.871907247980232, 22.432582990366821 ], [ 69.871779882144295, 22.436598876929629 ], [ 69.864347930254254, 22.463755447272124 ], [ 69.871120487284742, 22.471196301933308 ], [ 69.882282014265712, 22.476414996849488 ], [ 69.886843215510709, 22.47022167140361 ], [ 69.899101455197908, 22.46838658259788 ], [ 69.903966254669626, 22.457990262599601 ], [ 69.910606112566299, 22.452890362812887 ], [ 69.899631542063915, 22.469109615966453 ], [ 69.883225504927168, 22.476736515834055 ], [ 69.897101311302066, 22.479232526047674 ], [ 69.913502194804039, 22.451684188556083 ], [ 69.919086043558394, 22.456436840476179 ], [ 69.913190017666381, 22.46438343621853 ], [ 69.92053409725365, 22.460903769712417 ], [ 69.926336638168991, 22.464444691212929 ], [ 69.912343580089939, 22.467502210623028 ], [ 69.889558241404615, 22.495278915149566 ], [ 69.933161570573787, 22.486947160275623 ], [ 69.905399495145844, 22.498205286279671 ], [ 69.932251967958095, 22.514748091779722 ], [ 69.93477714300154, 22.500922958840171 ], [ 69.942419078784212, 22.512308653219108 ], [ 69.948962145005666, 22.504348348629453 ], [ 69.945057962576314, 22.502543032451719 ], [ 69.943884146570952, 22.499982146653615 ], [ 69.949453501008207, 22.503901002880802 ], [ 69.948732966810368, 22.507522153163148 ], [ 69.971052299950486, 22.500044585985229 ], [ 69.95595575407134, 22.506801607622382 ], [ 69.976345298470335, 22.503496435275142 ], [ 69.970322815837491, 22.511233853433144 ], [ 69.960084423693601, 22.509696824540463 ], [ 69.969424449349404, 22.519573719807646 ], [ 69.973104971035937, 22.514722505117433 ], [ 69.971316146827505, 22.521138928696082 ], [ 69.953743269103569, 22.509350004435785 ], [ 69.950845813341786, 22.516864897212514 ], [ 69.955805268294938, 22.516709416129864 ], [ 69.956762297466057, 22.517248256698362 ], [ 69.946670226508886, 22.528203916940949 ], [ 69.953107247509394, 22.5295772745453 ], [ 69.952380336171387, 22.524946242129015 ], [ 69.959284155031142, 22.522958231402431 ], [ 69.952882350684746, 22.525717971051591 ], [ 69.962511094872866, 22.526476589349308 ], [ 69.955304965072216, 22.529939995106645 ], [ 69.964102554721777, 22.530140308690598 ], [ 69.960426916277129, 22.535047083879036 ], [ 69.970030015360521, 22.539255556679151 ], [ 69.974896547682405, 22.531773749732785 ], [ 69.971896471077471, 22.540052975131072 ], [ 69.984529794226702, 22.541424419453783 ], [ 69.977059539969588, 22.527149596748174 ], [ 69.982354441121203, 22.513225737296178 ], [ 69.98234308731432, 22.523871839347606 ], [ 69.990497346676548, 22.52007763393404 ], [ 69.9915289926101, 22.524054742765664 ], [ 69.983777409362176, 22.525185097295246 ], [ 69.987436509822459, 22.530139050783305 ], [ 69.978615035766097, 22.525392694138933 ], [ 69.98629827788217, 22.541102947149042 ], [ 69.983964594012861, 22.543223828150602 ], [ 69.975470062702485, 22.54281864887399 ], [ 70.019014291709098, 22.546493315843517 ], [ 70.039359260805355, 22.566504915528537 ], [ 70.057007980593752, 22.556662588204158 ], [ 70.12522954490278, 22.55293481697673 ], [ 70.134232069014743, 22.574320140509307 ], [ 70.15154059141517, 22.570481058360222 ], [ 70.154098670849152, 22.581371938603436 ], [ 70.163856860473089, 22.583570257483164 ], [ 70.154121102680108, 22.584700606362976 ], [ 70.157200955970467, 22.59441168541003 ], [ 70.18126484793504, 22.594408826580171 ], [ 70.176583709921488, 22.604580704091447 ], [ 70.190283795047037, 22.610438350907128 ], [ 70.191575880547745, 22.626987174322441 ], [ 70.20822258802724, 22.639198924875267 ], [ 70.193767115867487, 22.643285040323185 ], [ 70.209370705927256, 22.658696281705925 ], [ 70.223390842822212, 22.661036409434693 ], [ 70.218021648301658, 22.665406198143426 ], [ 70.223070404777204, 22.673216928333868 ], [ 70.212423291755471, 22.678067493815249 ], [ 70.222341010495754, 22.685943339023222 ], [ 70.21623024143679, 22.689974607325819 ], [ 70.224924113400292, 22.710023315537072 ], [ 70.218839011903938, 22.71814509547934 ], [ 70.248757859684019, 22.747127932910686 ], [ 70.292432259066871, 22.766108359587449 ], [ 70.301259855141893, 22.798435511316466 ], [ 70.374701046273302, 22.907243701842972 ], [ 70.397098053142756, 22.918375253223218 ], [ 70.39864915977077, 22.904015959109085 ], [ 70.397478822940542, 22.918616212556532 ], [ 70.40917834735194, 22.92602348248559 ], [ 70.407517769328393, 22.909126344384127 ], [ 70.40445974869273, 22.904046369378847 ], [ 70.395511003123545, 22.898137013673161 ], [ 70.390347349428183, 22.892037527800053 ], [ 70.391696547119693, 22.892247500358973 ], [ 70.404735374279767, 22.903685395313154 ], [ 70.408323240134649, 22.909214136126138 ], [ 70.410765281488466, 22.926663583204256 ], [ 70.411381073920765, 22.922424794825478 ], [ 70.414527763664907, 22.913237504178817 ], [ 70.400043003731923, 22.88921762056362 ], [ 70.415050205867843, 22.91358426400998 ], [ 70.411260269379667, 22.927045538067556 ], [ 70.419207733868546, 22.918691829568559 ], [ 70.411946217540731, 22.892535379984896 ], [ 70.382901505990603, 22.871649722999035 ], [ 70.406930423846205, 22.882795767669869 ], [ 70.417205990971482, 22.901676469581801 ], [ 70.420168974341678, 22.918355618126384 ], [ 70.426505968833609, 22.904514920023395 ], [ 70.415998064138179, 22.877867949351575 ], [ 70.39491202805165, 22.861792074723425 ], [ 70.402059611051996, 22.864671361797097 ], [ 70.388277297738597, 22.849798946061064 ], [ 70.41231711395524, 22.872190464426748 ], [ 70.404478603432224, 22.859476091006805 ], [ 70.415525905133265, 22.856519327080836 ], [ 70.404768268788857, 22.85215738481967 ], [ 70.413959061818062, 22.846203999433065 ], [ 70.407276012024198, 22.84723996951768 ], [ 70.403497151763517, 22.84615666503101 ], [ 70.398365467312473, 22.846339735777061 ], [ 70.397059219871323, 22.845823341894125 ], [ 70.427096141314038, 22.84216024445622 ], [ 70.414619030701104, 22.834381958016948 ], [ 70.411639256919955, 22.83604413402551 ], [ 70.406428120075304, 22.837380661050972 ], [ 70.403378344177298, 22.839112094496031 ], [ 70.394128536325454, 22.839851340813226 ], [ 70.391311247117926, 22.839640716022924 ], [ 70.413936200592403, 22.834121954463672 ], [ 70.396385980176561, 22.833603142210354 ], [ 70.409738563712565, 22.829869904489748 ], [ 70.402359673509736, 22.828060659996034 ], [ 70.407031881371012, 22.821729713744524 ], [ 70.396521235915642, 22.821964791142431 ], [ 70.406961504656721, 22.821130003020485 ], [ 70.403976053522939, 22.816174546314596 ], [ 70.377173009610871, 22.818039727120517 ], [ 70.403759652065958, 22.81539486620666 ], [ 70.39298848080513, 22.80883455538196 ], [ 70.38805165171901, 22.803353735021151 ], [ 70.389720526582479, 22.800833814665896 ], [ 70.383614297608958, 22.797516774692919 ], [ 70.38288009554411, 22.796404301429533 ], [ 70.382836693441135, 22.795186012644731 ], [ 70.407242130266624, 22.813266388023926 ], [ 70.414698303431663, 22.827682200419126 ], [ 70.422998360262852, 22.82887987662458 ], [ 70.423933512761806, 22.826991603490335 ], [ 70.421393936826064, 22.823545888953696 ], [ 70.421175550990597, 22.81879311355064 ], [ 70.424285088211207, 22.826949183797733 ], [ 70.423717110406486, 22.829192863862581 ], [ 70.430127101998409, 22.825282717942009 ], [ 70.449387749749505, 22.843619844639363 ], [ 70.45618068775714, 22.835971997022558 ], [ 70.452738967019187, 22.844495132474091 ], [ 70.464775218626656, 22.86086200412549 ], [ 70.46194366507072, 22.840353334073566 ], [ 70.466051627627309, 22.845041167600197 ], [ 70.468752067575949, 22.867830217083757 ], [ 70.476922282814257, 22.863345610320081 ], [ 70.469143452765465, 22.86887917292032 ], [ 70.472372892618594, 22.882537302571205 ], [ 70.482996954870174, 22.878898415906693 ], [ 70.47269838368706, 22.883466753842001 ], [ 70.477177792427142, 22.906067379245709 ], [ 70.480411307038437, 22.896916816526051 ], [ 70.481700305029534, 22.896725371425813 ], [ 70.482919132918795, 22.897563130421556 ], [ 70.48265080434679, 22.900624080602878 ], [ 70.485436312057914, 22.901015505211358 ], [ 70.485835043669809, 22.895484826381775 ], [ 70.489619469892006, 22.89542657317195 ], [ 70.488730654292027, 22.892796110106371 ], [ 70.48906156130333, 22.887168907567855 ], [ 70.490626415748494, 22.880417061436471 ], [ 70.49012221922726, 22.895430373248555 ], [ 70.486251752367167, 22.901375755695096 ], [ 70.482658545129624, 22.901745852523199 ], [ 70.480295118041269, 22.897689357620212 ], [ 70.479731146722742, 22.907865567011903 ], [ 70.484711182079081, 22.912995059965048 ], [ 70.493948381177589, 22.896643563782941 ], [ 70.499809898287936, 22.903825715616659 ], [ 70.48355067461469, 22.91408516230263 ], [ 70.483250445968636, 22.932385380300992 ], [ 70.485931261321582, 22.932036511763624 ], [ 70.4862088146932, 22.930281979436931 ], [ 70.488376602187401, 22.927815246734671 ], [ 70.49021006637723, 22.926993338074347 ], [ 70.486065545083491, 22.93231255568336 ], [ 70.483335395153489, 22.932722937714626 ], [ 70.482961136344855, 22.935528100219877 ], [ 70.487485857006192, 22.934353387369487 ], [ 70.493794175477589, 22.919996253823705 ], [ 70.498211435173033, 22.914274042692202 ], [ 70.488157301866991, 22.934436965023583 ], [ 70.496644519094332, 22.93337163976507 ], [ 70.497930758359161, 22.923794300464323 ], [ 70.499076290907766, 22.922772365144446 ], [ 70.496666182865695, 22.934235878543365 ], [ 70.519284503180131, 22.935085740765839 ], [ 70.47995233260697, 22.937611585434361 ], [ 70.43232723423273, 22.967575637413137 ], [ 70.462238987118667, 22.966507053693316 ], [ 70.478855723207019, 22.97537257086303 ], [ 70.512040831885429, 22.960653860608037 ], [ 70.537495239552996, 22.96526113536601 ], [ 70.541300931592929, 22.960089351558757 ], [ 70.546861911036785, 22.997378352105244 ], [ 70.561344500640004, 23.029506801268841 ], [ 70.57185266405024, 23.037650639455755 ], [ 70.58716536794293, 23.031076797244125 ], [ 70.601792490187151, 23.034758841841615 ], [ 70.59675351995827, 23.061443725817302 ], [ 70.628957326986622, 23.062971715387203 ], [ 70.638185021909408, 23.081670513724632 ], [ 70.691843258732419, 23.119609969319363 ], [ 70.683270114953174, 23.118059514546687 ], [ 70.701774113537084, 23.140476517877268 ], [ 70.734884559638971, 23.154476232703821 ], [ 70.717731002014929, 23.186883576104577 ], [ 70.739310759368138, 23.186593494905352 ], [ 70.747907271022839, 23.218101733167963 ], [ 70.727195944699218, 23.220936017457909 ], [ 70.726862486472484, 23.206054513505727 ], [ 70.706864518604164, 23.214995232211123 ], [ 70.689019472010415, 23.2121608144306 ], [ 70.665960164231464, 23.228264032228687 ], [ 70.648989673380854, 23.220095028226446 ], [ 70.630913771437179, 23.184028039313461 ], [ 70.505081711838443, 23.176304905731655 ], [ 70.475470449906581, 23.196621960676566 ], [ 70.423376992968585, 23.206873966206324 ], [ 70.430535981878066, 23.212169658238182 ], [ 70.431145357644311, 23.215556933007218 ], [ 70.417437502989884, 23.210510326117994 ], [ 70.407374923723523, 23.217850749033879 ], [ 70.371490589618702, 23.21925845619376 ], [ 70.339708474242627, 23.210663875155529 ], [ 70.312239996995643, 23.21552196733121 ], [ 70.29780094154772, 23.210153414307328 ], [ 70.301304868822442, 23.204880298844625 ], [ 70.297680826912753, 23.207681355616781 ], [ 70.294046089661279, 23.207680354958228 ], [ 70.30863177082486, 23.192452850137574 ], [ 70.30881075745026, 23.181476060102515 ], [ 70.264817088730638, 23.161804476418723 ], [ 70.258021771984119, 23.168965886026132 ], [ 70.240310606707055, 23.168384647666915 ], [ 70.242375761679995, 23.174124436003805 ], [ 70.238175128918684, 23.168838384815515 ], [ 70.242618255602736, 23.164637521805432 ], [ 70.232536724578807, 23.16475674746091 ], [ 70.227816526918403, 23.16021696905073 ], [ 70.233641165491406, 23.155897423973627 ], [ 70.233740246073978, 23.162687983931878 ], [ 70.245256120705321, 23.163606748985277 ], [ 70.237497889025988, 23.138026130535021 ], [ 70.215740615589496, 23.141931002962771 ], [ 70.224531531654833, 23.139837873039731 ], [ 70.228062747052945, 23.127839360213496 ], [ 70.215768764298915, 23.12934735811319 ], [ 70.208916125155824, 23.108410594127299 ], [ 70.184883064270124, 23.086245421976265 ], [ 70.190488467201391, 23.085804113413904 ], [ 70.180618020506301, 23.076855083085039 ], [ 70.188513668372963, 23.073884979250241 ], [ 70.183005541308859, 23.06669437306326 ], [ 70.175529768700926, 23.070185126233277 ], [ 70.172157901857801, 23.058955377255586 ], [ 70.164927132167222, 23.067390463891293 ], [ 70.16471009200805, 23.053826210504109 ], [ 70.1492824369967, 23.036978599128638 ], [ 70.159015042601339, 23.03488608763524 ], [ 70.139011848334704, 23.02641756104811 ], [ 70.107735527582676, 22.977941465822365 ], [ 70.093419846755879, 22.971650302679421 ], [ 70.080516634660995, 22.97569133957278 ], [ 70.085020876428771, 22.96897009869047 ], [ 70.063955905835684, 22.959383072958527 ], [ 70.060090271013465, 22.963780753787105 ], [ 70.062958764192217, 22.955140955578226 ], [ 70.053318704824775, 22.950720785031457 ], [ 70.036289188371782, 22.952430584964397 ], [ 70.056011519873266, 22.948414039251144 ], [ 70.052625403054776, 22.946812323162071 ], [ 70.051722108409038, 22.944283942595352 ], [ 70.059178039927275, 22.94904130989341 ], [ 70.051223457188101, 22.941025142375974 ], [ 70.055526926388197, 22.937983923693093 ], [ 70.063949621221951, 22.946201246024511 ], [ 70.072800938210364, 22.943313913033943 ], [ 70.061352897162763, 22.932683803220179 ], [ 70.08496824952617, 22.932796627482734 ], [ 70.080208870946336, 22.919978426815447 ], [ 70.070770256984716, 22.924646093085904 ], [ 70.010665826463892, 22.90746725859821 ], [ 70.007968085054372, 22.913086738974027 ], [ 70.00728466026095, 22.905366299258056 ], [ 69.993036619880058, 22.911521910394104 ], [ 69.999527621544289, 22.906664851733218 ], [ 69.959020363849646, 22.899260577881527 ], [ 69.962228662750917, 22.893569461669276 ], [ 69.927033681422117, 22.896006345956273 ], [ 69.898728042602301, 22.871241246872689 ], [ 69.877632256201693, 22.874142379573165 ], [ 69.800651658833374, 22.851038191587378 ], [ 69.768594798219226, 22.826382389398532 ], [ 69.730254985760624, 22.82096268741871 ], [ 69.719889736227245, 22.808873039933179 ], [ 69.682386526589397, 22.799943094742474 ], [ 69.647406072831927, 22.796165837522548 ], [ 69.647191262291301, 22.808905682442344 ], [ 69.636879979048601, 22.805136517317546 ], [ 69.634263872040549, 22.811739009185185 ], [ 69.618260514611364, 22.812232725436751 ], [ 69.605896173109343, 22.802929087086145 ], [ 69.57560660588284, 22.81770502021984 ], [ 69.575949402096967, 22.810365470310607 ], [ 69.569356423681668, 22.815844361656097 ], [ 69.556859167450213, 22.807302926835931 ], [ 69.534375527054735, 22.808560298297724 ], [ 69.530806521329268, 22.799861294275125 ], [ 69.505324155395087, 22.80887543139886 ], [ 69.504660191703977, 22.798936279268808 ], [ 69.494269207234368, 22.796887414218013 ], [ 69.482831026095326, 22.805664952787041 ], [ 69.477332567598623, 22.795496472773937 ], [ 69.457323155193578, 22.814254093338462 ], [ 69.452003712068404, 22.808293548802766 ], [ 69.416818656225161, 22.810842866380383 ], [ 69.469964736555241, 22.776426472213583 ], [ 69.49468626627467, 22.77984435234201 ], [ 69.471746085882174, 22.773724795338644 ], [ 69.434217292225014, 22.787998052204347 ], [ 69.443677313938167, 22.780065148511291 ], [ 69.3812050438043, 22.818751228681961 ], [ 69.349413459286808, 22.820088595372045 ], [ 69.301504459146813, 22.833480285531241 ], [ 69.304632463034693, 22.837731514843412 ], [ 69.267893076509878, 22.825173391074305 ], [ 69.231390014278418, 22.835034715046074 ], [ 69.231093468725049, 22.840734429138372 ], [ 69.244990638834025, 22.840210649987917 ], [ 69.228199150778522, 22.848820478124019 ], [ 69.222166317756972, 22.836157395467449 ], [ 69.195816025646423, 22.838000142280826 ], [ 69.194166211236634, 22.851831635939796 ], [ 69.165915702924138, 22.860161821352087 ], [ 69.174920292262982, 22.851410974462304 ], [ 69.130452353497461, 22.874311652584797 ], [ 69.117618089795599, 22.891169499461867 ], [ 69.121402949005756, 22.89006941194339 ], [ 69.124995555270388, 22.893540699193974 ], [ 69.11136398285494, 22.891579814069903 ], [ 69.10874539380174, 22.900368558167962 ], [ 69.107799370789493, 22.890520575564612 ], [ 69.077311987350939, 22.910508279499872 ], [ 69.082823478605775, 22.910586150872788 ], [ 69.079239824052962, 22.921235078703784 ], [ 69.068793336275192, 22.918525588088155 ], [ 69.068639663276159, 22.92673322224568 ], [ 69.063011853666737, 22.918215362505855 ], [ 69.007948996692477, 22.947607037300717 ], [ 69.00401830497907, 22.951935724751053 ], [ 69.016719400626627, 22.946015903563545 ], [ 69.023838540270091, 22.944905236540716 ], [ 69.021034143683522, 22.950017651371486 ], [ 69.006738994750847, 22.950895129988012 ], [ 69.002885487184997, 22.958323404130859 ], [ 69.000258540206389, 22.955182264020888 ], [ 69.005419569024468, 22.947682498325456 ], [ 68.955372512931248, 22.973716510047407 ], [ 68.931550042300955, 22.98794229873214 ], [ 68.946367871490125, 23.013691458640924 ], [ 68.955812023565485, 23.013279281786108 ], [ 68.970063206253215, 23.047980531233822 ], [ 68.963318272417709, 23.06231489205042 ], [ 68.921047993722865, 23.087668762350869 ], [ 68.914907622480371, 23.079471602538948 ], [ 68.888227655847061, 23.074793785519141 ], [ 68.874839780198485, 23.05425558745976 ], [ 68.883321054171944, 23.050142554457413 ], [ 68.884087954913142, 23.039003879416146 ], [ 68.862731777454371, 23.031754631646152 ], [ 68.836705490598817, 23.046341404503298 ], [ 68.847002945176015, 23.048413898676529 ], [ 68.837102386952608, 23.052069715545422 ], [ 68.841771921427608, 23.058550598378385 ], [ 68.834749530340218, 23.050525158790048 ], [ 68.824558848619375, 23.062375144616301 ], [ 68.821194456657736, 23.057208983571744 ], [ 68.815135486254675, 23.077006006014582 ], [ 68.811722639166589, 23.061375124084286 ], [ 68.80322840430027, 23.064846081591323 ], [ 68.811783132616142, 23.058756264799698 ], [ 68.759407624441849, 23.079766668239031 ], [ 68.631448957019884, 23.171940410996228 ], [ 68.632111848122548, 23.177566042765751 ], [ 68.653219646795122, 23.159211063849369 ], [ 68.639473834726701, 23.179012451787845 ], [ 68.651113164827521, 23.188219081708752 ], [ 68.629693398324747, 23.182503089139495 ], [ 68.58011058258721, 23.22839359335374 ], [ 68.580862632380132, 23.243226223374794 ], [ 68.601955783123699, 23.235836712563295 ], [ 68.62425952690036, 23.255026000913674 ], [ 68.616735942359753, 23.286136647878674 ], [ 68.631485319924266, 23.299253507226826 ], [ 68.610956786387916, 23.289765535244552 ], [ 68.616372483097493, 23.273315890722436 ], [ 68.605516322227643, 23.249867025481446 ], [ 68.600107451815902, 23.251144327016821 ], [ 68.609624194952715, 23.26558658014407 ], [ 68.593725122944861, 23.252195520791908 ], [ 68.551166638655744, 23.258023255906085 ], [ 68.53014147151454, 23.269288119236375 ], [ 68.530682900509319, 23.287530591469153 ], [ 68.557245915475789, 23.314920270277348 ], [ 68.57647573035139, 23.301528201161908 ], [ 68.565311446440774, 23.317361635052592 ], [ 68.581454377810601, 23.308937525430924 ], [ 68.579904217108563, 23.326563580598098 ], [ 68.60968283517785, 23.321144993902866 ], [ 68.619564367981852, 23.330064357677934 ], [ 68.60693332655346, 23.324306138854674 ], [ 68.58708087318476, 23.335361122901226 ], [ 68.55760120545888, 23.336540915411256 ], [ 68.561752977055249, 23.365401766612372 ], [ 68.578017389397587, 23.37426559585932 ], [ 68.560967795598003, 23.372759423359792 ], [ 68.551522151421011, 23.354404817146193 ], [ 68.513501496908134, 23.364467563805327 ], [ 68.517941202807606, 23.378964850041839 ], [ 68.499328349072513, 23.367781467467282 ], [ 68.497494461776185, 23.380232013219867 ], [ 68.517579523107898, 23.407824597819761 ], [ 68.54756471596329, 23.400640268968235 ], [ 68.524107662024278, 23.41663421824704 ], [ 68.521196327291335, 23.428891250392173 ], [ 68.506370310856681, 23.413118572353483 ], [ 68.491761913994523, 23.4132947822727 ], [ 68.492902298298262, 23.475966767695379 ], [ 68.481736572591643, 23.474083924954499 ], [ 68.488436164861454, 23.453372207690542 ], [ 68.485316791088493, 23.396711728085055 ], [ 68.467794283699192, 23.393812452092781 ], [ 68.447641552277091, 23.406785524133603 ], [ 68.454534898577293, 23.447443729357438 ], [ 68.438053504466311, 23.439873794028575 ], [ 68.432402165284643, 23.424921803469129 ], [ 68.410498824884641, 23.436259572661815 ], [ 68.42497395308115, 23.443635129931362 ], [ 68.417130555722991, 23.462853658129671 ], [ 68.44421189142183, 23.469092921915372 ], [ 68.440230727864218, 23.478005641600117 ], [ 68.423346328855501, 23.479343074706787 ], [ 68.444086505472796, 23.500379044543134 ], [ 68.461186168671361, 23.500814179353526 ], [ 68.480745581712895, 23.515578273939138 ], [ 68.456441464071688, 23.509671486380238 ], [ 68.443039086021187, 23.528809510452128 ], [ 68.447627332844462, 23.537199653141514 ], [ 68.433281228773907, 23.536963637363002 ], [ 68.439553777229037, 23.511166228228674 ], [ 68.420564703663075, 23.490196373858705 ], [ 68.413709333641506, 23.488321932708605 ], [ 68.410639014171238, 23.498046217476585 ], [ 68.408986781496736, 23.484869189696983 ], [ 68.39963539125425, 23.485124534492101 ], [ 68.408089095931615, 23.585190815785239 ], [ 68.400348908711422, 23.613064394906978 ], [ 68.413447317531009, 23.634361873971873 ], [ 68.428417174005588, 23.639461591347551 ], [ 68.463450014815493, 23.618318757335608 ], [ 68.477081139869938, 23.627049608041368 ], [ 68.482006972678647, 23.617642910901925 ], [ 68.487834899983895, 23.644611760523951 ], [ 68.477795875442595, 23.643314397482552 ], [ 68.470905731636378, 23.628582112218634 ], [ 68.461678571211195, 23.629143948095617 ], [ 68.44491915211303, 23.641908069569403 ], [ 68.451809923841623, 23.658800441596966 ], [ 68.508035260980662, 23.672187092095122 ], [ 68.542464874992447, 23.696378181496435 ], [ 68.554790066117789, 23.719602270450668 ], [ 68.606005167438965, 23.750099517633018 ], [ 68.619261110216669, 23.750207780798874 ], [ 68.656675042586656, 23.812832068372565 ], [ 68.697332739345285, 23.822334510765536 ], [ 68.70814561579148, 23.817633859542926 ], [ 68.70770151207121, 23.824090978263555 ], [ 68.759316177742548, 23.840663660531018 ], [ 68.768036257156155, 23.860435254658256 ], [ 68.809838076108448, 23.880335062122015 ], [ 68.77901711317061, 23.882175107351145 ], [ 68.770399247663278, 23.874090135944609 ], [ 68.751813912020296, 23.882784787061002 ], [ 68.724279634975389, 23.848462308868086 ], [ 68.716285934198794, 23.854952386627318 ], [ 68.710447241483209, 23.845117342313753 ], [ 68.692572208226935, 23.83957431909927 ], [ 68.630857243030448, 23.83675535891507 ], [ 68.597372247964088, 23.808752719009718 ], [ 68.600401336559443, 23.824283628891866 ], [ 68.593685094015797, 23.828884184793132 ], [ 68.581934671060438, 23.771360091634115 ], [ 68.517201832734884, 23.75120209749257 ], [ 68.50908535022532, 23.74144335236986 ], [ 68.467739814351916, 23.737613434266333 ], [ 68.462009512358492, 23.731036444340727 ], [ 68.445335886861528, 23.73624905358686 ], [ 68.431980461055971, 23.728325752340151 ], [ 68.418205739405067, 23.733739754551475 ], [ 68.426576506225516, 23.762133564874222 ], [ 68.412902553989881, 23.735429897621966 ], [ 68.427200299952077, 23.724657078018595 ], [ 68.389801705417213, 23.688896872203529 ], [ 68.372866704308592, 23.65482578320972 ], [ 68.352780747356491, 23.640739173214151 ], [ 68.343431513070726, 23.624943588680281 ], [ 68.350347613697068, 23.618244511676938 ], [ 68.334690386130006, 23.601976456078255 ], [ 68.339277912504429, 23.593513391227994 ], [ 68.321503314490172, 23.579421832399074 ], [ 68.311833043881421, 23.580994524627883 ], [ 68.303195499879493, 23.598293626325265 ], [ 68.306111117779707, 23.578845305426761 ], [ 68.295380101212103, 23.585002853604369 ], [ 68.29406317998874, 23.597025301493201 ], [ 68.283080630649991, 23.588312386889655 ], [ 68.269156448200434, 23.596813482568237 ], [ 68.263905180018767, 23.58853974447635 ], [ 68.229943743678561, 23.596557868019151 ], [ 68.183493449456478, 23.594668079563547 ], [ 68.123815905545158, 23.612860468277212 ], [ 68.171265486587629, 23.643646864435365 ], [ 68.18998257094681, 23.640405618369627 ], [ 68.175650529103734, 23.646470241065948 ], [ 68.182267228432409, 23.664229388975777 ], [ 68.198064724337812, 23.674971752873766 ], [ 68.242459779191066, 23.631489238947424 ], [ 68.244401265793798, 23.644745705097545 ], [ 68.261618212137535, 23.634895911683341 ], [ 68.267445679505371, 23.615201205961494 ], [ 68.262578840857984, 23.594952599206955 ], [ 68.270395408233526, 23.609081642695575 ], [ 68.26550962142187, 23.634919318407842 ], [ 68.312192660150899, 23.621239398336293 ], [ 68.3031024245346, 23.631848087839156 ], [ 68.280843693540206, 23.631849004641758 ], [ 68.259562140928693, 23.646251053250523 ], [ 68.30730925567137, 23.650048542983978 ], [ 68.321620224834518, 23.640102147380112 ], [ 68.348282914169943, 23.63556773123846 ], [ 68.311995037076599, 23.652580991579818 ], [ 68.232569628848495, 23.646265167494448 ], [ 68.221074393010824, 23.656390280429125 ], [ 68.258437521159891, 23.667740086212394 ], [ 68.277044815221686, 23.683146718125549 ], [ 68.306139706663629, 23.679237548552027 ], [ 68.308405057485857, 23.684704931936903 ], [ 68.282068420665951, 23.686073556158046 ], [ 68.291374426223641, 23.6975874012271 ], [ 68.283235478645395, 23.695010295374153 ], [ 68.287495883509109, 23.705839896843738 ], [ 68.310205490622707, 23.724044110274466 ], [ 68.330109830682218, 23.728972845623083 ], [ 68.312630407392234, 23.727919830651029 ], [ 68.289390137592548, 23.714567920598707 ], [ 68.272639894785002, 23.689578612377606 ], [ 68.253859155804761, 23.718821892135718 ], [ 68.23539041609574, 23.731016720082813 ], [ 68.266983963415612, 23.69232875542739 ], [ 68.231211708515573, 23.669550912182036 ], [ 68.201821746553961, 23.690184901184519 ], [ 68.18401316167926, 23.732550375228655 ], [ 68.205585281555912, 23.783945809401011 ], [ 68.199018995681001, 23.847527202072804 ], [ 68.21092032572264, 23.877596761189238 ], [ 68.250396133316499, 23.895761761021536 ], [ 68.280003634002256, 23.930735929839926 ], [ 68.330695280719169, 23.927435972589574 ], [ 68.342658220816261, 23.969164098828518 ], [ 68.361583475369528, 23.989449384253831 ], [ 68.375840717193839, 23.990713237886233 ], [ 68.393822716444234, 23.966209401549783 ], [ 68.752844107174624, 23.971757540696174 ], [ 68.769281399395084, 24.265472187747072 ], [ 68.764528447362792, 24.29585071608517 ], [ 68.808001777733921, 24.31348507099052 ], [ 68.828924233302118, 24.314651236982005 ], [ 68.843429021174359, 24.277518797980189 ], [ 68.847221612184143, 24.23877174508236 ], [ 68.856778943002155, 24.213946167907277 ], [ 68.866081194500239, 24.212214493483781 ], [ 68.879917788514675, 24.21647397778878 ], [ 68.906740566616904, 24.279823058848145 ], [ 68.945224948547434, 24.302496899312629 ], [ 68.967232036277906, 24.272158840267988 ], [ 68.984780899339327, 24.227649961875709 ], [ 69.003291302911222, 24.223085327366707 ], [ 69.09485169118976, 24.274425063362568 ], [ 69.194066434459728, 24.2363831193036 ], [ 69.312794975219461, 24.281481069304228 ], [ 69.378591320026672, 24.269267115627951 ], [ 69.444654748340923, 24.280417303254133 ], [ 69.492684991399898, 24.2677487561403 ], [ 69.594275977124028, 24.29239817972552 ], [ 69.73149048099171, 24.171046855082199 ], [ 70.025335227916983, 24.171082772180988 ], [ 70.066954438236621, 24.19944823234534 ], [ 70.109916781721296, 24.295010451185796 ], [ 70.253854841317292, 24.325380334773985 ], [ 70.326808956918498, 24.352072721386914 ], [ 70.368533448891128, 24.350874273484024 ], [ 70.411627188054098, 24.375445291406582 ], [ 70.561216491610324, 24.420766713036127 ], [ 70.602369249922049, 24.408190417595979 ], [ 70.580323676568185, 24.363158476315213 ], [ 70.562011859064569, 24.354044207943037 ], [ 70.584491609754835, 24.290389973564992 ], [ 70.571231769187108, 24.251601057162503 ], [ 70.645547499892004, 24.224456005419313 ], [ 70.713964330096033, 24.215652717158669 ], [ 70.805315544762323, 24.22081948301868 ], [ 70.851603641871662, 24.244872110381671 ], [ 70.876519370287539, 24.245737303778967 ], [ 70.906640413566706, 24.259277863391951 ], [ 70.875131181221107, 24.280730326926399 ], [ 70.873887542761992, 24.294989088106384 ], [ 70.947062584634267, 24.348550613809522 ], [ 70.985925463624923, 24.365207810794246 ], [ 71.003416933322868, 24.35089275374899 ], [ 71.042124861011843, 24.350859764906936 ], [ 71.084204836105343, 24.394498376001309 ], [ 71.119613021787032, 24.402426709483667 ], [ 71.125721412107112, 24.420141613874492 ], [ 71.103116221568882, 24.435765602299586 ], [ 71.037343064974081, 24.432030669129706 ], [ 70.998484097248181, 24.444401423240159 ], [ 71.004895090461616, 24.523178121840932 ], [ 70.987399250459831, 24.543546517433093 ], [ 70.992630193359872, 24.563980855685706 ], [ 70.986356927150851, 24.595549887123223 ], [ 71.008835457030628, 24.635381174114332 ], [ 71.074573440988814, 24.661995935812769 ], [ 71.096170080381128, 24.688710996241596 ], [ 71.065296800459436, 24.717466662494868 ], [ 71.026477844594623, 24.808855117538673 ], [ 70.937625455587849, 24.938564141991066 ], [ 70.88866826614003, 25.14817921468817 ], [ 70.751578647859787, 25.277821168673551 ], [ 70.736793020578602, 25.332563004801532 ], [ 70.664811536986662, 25.396888370737976 ], [ 70.678450968762547, 25.525201955906876 ], [ 70.667133745776511, 25.531344360303411 ], [ 70.673931340650554, 25.675847574988108 ], [ 70.660071921343061, 25.702158283276137 ], [ 70.647257823022713, 25.712612397814048 ], [ 70.608780739005539, 25.714957897261762 ], [ 70.530152526303283, 25.683486065277059 ], [ 70.386999815251144, 25.673837248980607 ], [ 70.268649665550356, 25.713605911654547 ], [ 70.247238999879741, 25.761610966741443 ], [ 70.222405662246771, 25.793113904827667 ], [ 70.174452460503176, 25.828371540364554 ], [ 70.099760867496911, 25.938268754532395 ], [ 70.083384855650181, 26.08329469131208 ], [ 70.141243014667111, 26.155927246388941 ], [ 70.175044934467365, 26.251534168958475 ], [ 70.163507047518308, 26.294936559609756 ], [ 70.18536036343508, 26.374340165431796 ], [ 70.17689872483713, 26.424015095996641 ], [ 70.184618087312444, 26.481650226291492 ], [ 70.174174010612873, 26.551449075581768 ], [ 70.11719404731268, 26.586886279391145 ], [ 70.056230919008357, 26.600574225338619 ], [ 69.88676452129522, 26.578875798769602 ], [ 69.823116625949041, 26.589034689440336 ], [ 69.791893543852339, 26.598317012431142 ], [ 69.719703247770923, 26.654701014661281 ], [ 69.510307324973468, 26.743509458245185 ], [ 69.484423265681897, 26.804840981309201 ], [ 69.51331048369812, 27.00998920574445 ], [ 69.586413482481234, 27.182652282724515 ], [ 69.642664199722034, 27.22336755157319 ], [ 69.70270885544555, 27.284321653147583 ], [ 69.862482283021052, 27.401813193449183 ], [ 69.933888512454487, 27.497836454716452 ], [ 70.025897305586881, 27.562925630112947 ], [ 70.132393802431409, 27.805961258534484 ], [ 70.227009182226482, 27.901376276448698 ], [ 70.296182547511648, 27.936021236641846 ], [ 70.372189962203407, 28.011837842881793 ], [ 70.505818257607885, 28.037043700937097 ], [ 70.589457631392747, 28.010445397199696 ], [ 70.598537903794238, 27.993155688812678 ], [ 70.677396811946295, 27.921851896244128 ], [ 70.684369559436149, 27.828191504527034 ], [ 70.739765560226829, 27.741927551749377 ], [ 70.759313709293025, 27.721271525566763 ], [ 70.871837072548971, 27.705603594074635 ], [ 70.963196913736951, 27.729383244880189 ], [ 71.205533021347222, 27.835423190583782 ], [ 71.383060887843669, 27.872635781858516 ], [ 71.666431058468859, 27.877762127027619 ], [ 71.898341938729175, 27.961216163819486 ], [ 71.927358941744416, 28.121745796919939 ], [ 72.004288001866513, 28.21866233302341 ], [ 72.13224121022651, 28.313104116125562 ], [ 72.206128372675693, 28.394274542839835 ], [ 72.29923528797093, 28.669759782572577 ], [ 72.390700328166872, 28.770362970015469 ], [ 72.403767778346861, 28.783001704921627 ], [ 72.479392791001942, 28.812090180446617 ], [ 72.733082973186171, 28.94809361317958 ], [ 72.94581031528277, 29.027887343469796 ], [ 73.004355302809714, 29.152959858966405 ], [ 73.084426241299326, 29.236271350704939 ], [ 73.28209494732009, 29.572037620756834 ], [ 73.396922951013877, 29.946003419593453 ], [ 73.596999599238586, 30.018983000724798 ], [ 73.806558149441841, 30.068034766401208 ], [ 73.827813447890804, 30.092339674108647 ], [ 73.972275504673519, 30.197858995403156 ], [ 73.956531618427633, 30.276076849710048 ], [ 73.930864842738657, 30.320074190550354 ], [ 73.902651120437042, 30.349085495755109 ], [ 73.879773690960377, 30.359727739063018 ], [ 73.964695837411412, 30.42456980130877 ], [ 73.973785769397168, 30.443830164407007 ], [ 73.926256471856405, 30.438936002580824 ], [ 73.937295834246981, 30.445075054113634 ], [ 73.927747317698561, 30.465906660093999 ], [ 73.934397272659055, 30.490148070820972 ], [ 73.947716084930235, 30.483901318894091 ], [ 73.950124530190706, 30.460089847051496 ], [ 73.964127429313706, 30.456481859861945 ], [ 73.969706709236519, 30.475283959522447 ], [ 73.963655706890009, 30.484857942477625 ], [ 73.981988961789554, 30.504024178055193 ], [ 73.992686335551454, 30.5142694515058 ], [ 74.019986764059922, 30.514176020706259 ], [ 74.01107992040717, 30.521106046624062 ], [ 74.012024522284605, 30.533598214484211 ], [ 74.031007824174864, 30.526932661662649 ], [ 74.039218150088956, 30.542623111604026 ], [ 74.050008700705362, 30.537165707530775 ], [ 74.057304195808811, 30.518695434916701 ], [ 74.072277651832735, 30.522915384601429 ], [ 74.090945663024613, 30.549427243411134 ], [ 74.073418099916879, 30.554682575000836 ], [ 74.102126117508632, 30.579237651476081 ], [ 74.095305207759694, 30.601215695050247 ], [ 74.102267559945048, 30.609631302068767 ], [ 74.096034730500222, 30.611612959283502 ], [ 74.105111236265756, 30.619276219123044 ], [ 74.118063375102594, 30.607912087541866 ], [ 74.127359588125358, 30.634802123165265 ], [ 74.1376981648813, 30.627487465391518 ], [ 74.147817876101428, 30.631066292994888 ], [ 74.193319368822131, 30.665180042120799 ], [ 74.219235035336965, 30.693612566900146 ], [ 74.232655599780372, 30.724562154798431 ], [ 74.260899631239695, 30.723112994874025 ], [ 74.268437042649154, 30.734406216156138 ], [ 74.286457985663745, 30.73570160841351 ], [ 74.260171437107459, 30.773100776747274 ], [ 74.301964959219745, 30.779374534438819 ], [ 74.30681487450552, 30.789202766774597 ], [ 74.294873293650895, 30.794512717135969 ], [ 74.319825801789463, 30.827409417197117 ], [ 74.320382978251203, 30.846632236172869 ], [ 74.348137073944429, 30.854914333244096 ], [ 74.363354138700402, 30.847257475543632 ], [ 74.364522133622685, 30.857386613207765 ], [ 74.382086785473561, 30.860439678029319 ], [ 74.360763623796444, 30.873709494240778 ], [ 74.365903160421354, 30.89293821348857 ], [ 74.382937895187808, 30.895519842804838 ], [ 74.397288257272805, 30.909393826831749 ], [ 74.422715737939754, 30.907784440860102 ], [ 74.424413114550561, 30.916034820490633 ], [ 74.410333192078483, 30.923495159189525 ], [ 74.423528176079316, 30.920733111919333 ], [ 74.428744542017256, 30.931231243540807 ], [ 74.413863104919429, 30.929654454953639 ], [ 74.416402627854623, 30.940340329121515 ], [ 74.439541699742577, 30.942195121104618 ], [ 74.442060457221658, 30.951738796345918 ], [ 74.466405711414652, 30.956874324786408 ], [ 74.457257622497423, 30.964645239416974 ], [ 74.479683818325384, 30.974289667992938 ], [ 74.503468027012772, 30.964797847201979 ], [ 74.516150522144031, 30.979477573889604 ], [ 74.546157314092085, 30.992422092930799 ], [ 74.542475549137222, 31.01737426618282 ], [ 74.568231559873212, 31.054694689886592 ], [ 74.590084592820702, 31.049960626279724 ], [ 74.596797524174178, 31.037668299108116 ], [ 74.671159098602971, 31.053633121333984 ], [ 74.695928256100473, 31.07416537867892 ], [ 74.690636826937407, 31.08149995224176 ], [ 74.702316550683307, 31.092359502386845 ], [ 74.68910106622937, 31.128026459657011 ], [ 74.666952181227913, 31.124323058107606 ], [ 74.658966171826819, 31.133976876252746 ], [ 74.636229537999597, 31.118264772868017 ], [ 74.630874941102419, 31.132716071012229 ], [ 74.603048279500484, 31.133606600125205 ], [ 74.596491069304889, 31.127590295371935 ], [ 74.610036028855603, 31.111732836993934 ], [ 74.610665120845709, 31.099301681174488 ], [ 74.600807431125958, 31.088003343437649 ], [ 74.589091406459417, 31.092487027863108 ], [ 74.571266429127419, 31.081427555067094 ], [ 74.551494346230569, 31.086390909088195 ], [ 74.548352849647102, 31.121933081309166 ], [ 74.510361084055461, 31.131906675123616 ], [ 74.510755687010317, 31.181163936545758 ], [ 74.519517997123742, 31.183857080494047 ], [ 74.525961070972613, 31.211772295518735 ], [ 74.517005127203049, 31.227925232862173 ], [ 74.532728525572267, 31.249696650226195 ], [ 74.520600556872623, 31.268927939636409 ], [ 74.542024357709366, 31.303780311589822 ], [ 74.526332288085683, 31.31197847610084 ], [ 74.534824449640354, 31.313472055133783 ], [ 74.537371785223527, 31.330741500770461 ], [ 74.548859830047363, 31.334830888571815 ], [ 74.551650843532855, 31.364357828804103 ], [ 74.583479833000453, 31.379044765276049 ], [ 74.602457778236698, 31.420515176462146 ], [ 74.619254337281987, 31.420022701593211 ], [ 74.622429984219295, 31.430128163568181 ], [ 74.643219127104402, 31.416049521865219 ], [ 74.654608013192231, 31.426013922398685 ], [ 74.638592891426057, 31.444383804273158 ], [ 74.652135621358241, 31.457306917426678 ], [ 74.636097747960889, 31.477598446351049 ], [ 74.627544140742501, 31.476907509511275 ], [ 74.636476681602261, 31.484768228553691 ], [ 74.622438096904602, 31.481916094982214 ], [ 74.609765379935226, 31.499875938845218 ], [ 74.587281966813521, 31.496296732050265 ], [ 74.575210655757189, 31.501171704697079 ], [ 74.587127179005236, 31.5040196659039 ], [ 74.580023820066344, 31.507264519864354 ], [ 74.584329619496302, 31.520927903201418 ], [ 74.612896062599276, 31.52734617485056 ], [ 74.618648111907419, 31.551625258759241 ], [ 74.606792447723237, 31.56296674838411 ], [ 74.615598129396901, 31.568988843290985 ], [ 74.592277420853407, 31.574116850285822 ], [ 74.575299728209174, 31.603791302305968 ], [ 74.555314383467248, 31.607846109423701 ], [ 74.540242328357735, 31.660088961278525 ], [ 74.528693296010928, 31.666612384140254 ], [ 74.534958487263893, 31.677604433930288 ], [ 74.501900555775208, 31.695794356429303 ], [ 74.499321672257523, 31.709466583322527 ], [ 74.486594208361481, 31.715004646862162 ], [ 74.503071154913513, 31.728534935280713 ], [ 74.503701580003479, 31.740483335424475 ], [ 74.55940462046668, 31.757885552104209 ], [ 74.551402904921162, 31.778980651685554 ], [ 74.555612367223404, 31.79135777209747 ], [ 74.56711696440469, 31.796405513172061 ], [ 74.557903527542095, 31.804775462912641 ], [ 74.573072122798578, 31.816002716801574 ], [ 74.572125117029415, 31.838826939560821 ], [ 74.583316259668706, 31.851895652278703 ], [ 74.590712191810795, 31.848553729479931 ], [ 74.597205531789697, 31.867387656041107 ], [ 74.606631881951046, 31.868533537067563 ], [ 74.607859885232642, 31.890391676120451 ], [ 74.636306742808387, 31.884227501106203 ], [ 74.657633182437962, 31.901887696924867 ], [ 74.666702997551255, 31.922740184172628 ], [ 74.719236732284728, 31.923695414307257 ], [ 74.714047728132059, 31.932313053164076 ], [ 74.720162779460011, 31.941433613262362 ], [ 74.756569921382038, 31.943705583714369 ], [ 74.755591114353521, 31.955759919305166 ], [ 74.768420937682947, 31.947678839688191 ], [ 74.806158216842832, 31.962855176882293 ], [ 74.819097802621854, 31.95875519884687 ], [ 74.831358578253088, 31.98085588412162 ], [ 74.828870687785511, 31.998622377176158 ], [ 74.853195676884056, 32.013566049404638 ], [ 74.84835097901346, 32.020480691427267 ], [ 74.86562004291504, 32.023225749851349 ], [ 74.86556447223326, 32.030444756344771 ], [ 74.868969900135411, 32.022040489994431 ], [ 74.879975764349027, 32.032045480683777 ], [ 74.86891864316361, 32.041615552528548 ], [ 74.879547626386284, 32.053802552606378 ], [ 74.904766068188337, 32.050226755857807 ], [ 74.927955626293596, 32.066465470513464 ], [ 74.9739037775432, 32.053483398331998 ], [ 74.97805554374969, 32.04800119057559 ], [ 74.971592055686003, 32.042622860303517 ], [ 75.002763072327141, 32.043615748039777 ], [ 75.012362284400282, 32.03575113809358 ], [ 75.021570419406075, 32.048592929561458 ], [ 75.033903841794341, 32.050671476850013 ], [ 75.040695985691272, 32.042681653390353 ], [ 75.068699074618337, 32.0671966816587 ], [ 75.084029139352197, 32.060040217791475 ], [ 75.091204372496961, 32.071844873336921 ], [ 75.104893051713333, 32.05857542550725 ], [ 75.106673829711752, 32.069586712571592 ], [ 75.122903071214068, 32.081387781650406 ], [ 75.157671856737792, 32.081759400999317 ], [ 75.174241217474687, 32.067474332523588 ], [ 75.198495122884765, 32.082676707327536 ], [ 75.19788979223226, 32.098611858345784 ], [ 75.205681358595157, 32.102567882108069 ], [ 75.202455493138515, 32.120243097642572 ], [ 75.215824442182367, 32.121109643783377 ], [ 75.217730233328965, 32.103413194199298 ], [ 75.223701563194595, 32.098168349126382 ], [ 75.226957348838397, 32.106789724955561 ], [ 75.234723787526178, 32.103906832180378 ], [ 75.229234483760536, 32.093303916157375 ], [ 75.240277557989856, 32.091071181191843 ], [ 75.278883207093855, 32.117316426501745 ], [ 75.283447385355686, 32.131893556322481 ], [ 75.277260889216578, 32.136979632755818 ], [ 75.285352370713525, 32.151500452816407 ], [ 75.299399285488803, 32.153320531959785 ], [ 75.322417891500535, 32.179504235936257 ], [ 75.310328032030213, 32.1946104090025 ], [ 75.32011499109943, 32.204119383474669 ], [ 75.316378621151657, 32.208042667480051 ], [ 75.331374610516207, 32.219583563761518 ], [ 75.357388678487254, 32.218068695888292 ], [ 75.372432101593716, 32.226058816841096 ], [ 75.370835956132296, 32.257567861736938 ], [ 75.381852852555895, 32.268959836482814 ], [ 75.371472799684952, 32.279613705307931 ], [ 75.343708159566901, 32.27855770803891 ], [ 75.350235836749249, 32.289864399518208 ], [ 75.320494250829242, 32.29739569487041 ], [ 75.337849250265833, 32.319732439626108 ], [ 75.327769201462132, 32.326122415900521 ], [ 75.322668119917893, 32.343533489725488 ], [ 75.302157322718514, 32.344290668692842 ], [ 75.298871082389937, 32.353521022123502 ], [ 75.288300121351455, 32.35448677700758 ], [ 75.284953665152756, 32.371969288798731 ], [ 75.25812709795666, 32.371418131982729 ], [ 75.255941681025035, 32.389271070061639 ], [ 75.241548613929737, 32.385188334390605 ], [ 75.215014478901367, 32.401283878926435 ], [ 75.207558252735723, 32.394692170605829 ], [ 75.193952603902744, 32.400474739050168 ], [ 75.199576582197437, 32.420422818685012 ], [ 75.189763398610168, 32.425811590938387 ], [ 75.152660312074559, 32.421086778583536 ], [ 75.131418517999236, 32.408869981206813 ], [ 75.126630148090243, 32.420285892158695 ], [ 75.133224610522376, 32.427808610531251 ], [ 75.1013510268874, 32.477700265296413 ], [ 75.085536277040319, 32.468765997244681 ], [ 75.028020499215856, 32.497091523902867 ], [ 75.01681432776185, 32.479467857491066 ], [ 75.019299347213803, 32.466167888557877 ], [ 74.991872292182876, 32.451465923660805 ], [ 74.968576640347607, 32.459341202027957 ], [ 74.951210056237102, 32.447493967995442 ], [ 74.937932797336032, 32.471302984313226 ], [ 74.919280764478117, 32.464260185449049 ], [ 74.906594975224721, 32.472942290538398 ], [ 74.897453864420598, 32.468443721008306 ], [ 74.879249340796207, 32.476723954675563 ], [ 74.883892779212232, 32.488752257294614 ], [ 74.877279059595352, 32.492974725162 ], [ 74.865284360459668, 32.486348935274911 ], [ 74.818751098736257, 32.497919330412898 ], [ 74.812816299760001, 32.479642585784241 ], [ 74.794770916281436, 32.476408939654952 ], [ 74.754625806308766, 32.482083004556216 ], [ 74.714494337253655, 32.476865407603604 ], [ 74.710180752125154, 32.492623092389415 ], [ 74.687914946897905, 32.486880096507186 ], [ 74.682567225705867, 32.509709376932278 ], [ 74.690606904953626, 32.532966760482246 ], [ 74.662880171045629, 32.544527362715186 ], [ 74.662739069070668, 32.553833258659829 ], [ 74.674487974771552, 32.554438227133765 ], [ 74.673832995131576, 32.567982076646956 ], [ 74.652537577922018, 32.562970006144454 ], [ 74.648892095023143, 32.587987515622913 ], [ 74.658768478683953, 32.596851107272919 ], [ 74.641839550186589, 32.60055307047238 ], [ 74.639043426185481, 32.614647946714605 ], [ 74.654942708399091, 32.615211517447335 ], [ 74.655097475546128, 32.636957711570602 ], [ 74.670381416281714, 32.638955600870467 ], [ 74.695266417823333, 32.661318860903364 ], [ 74.666952300703855, 32.675277663184247 ], [ 74.653495498221886, 32.696690966545397 ], [ 74.663708874081735, 32.723957621041684 ], [ 74.655911120123164, 32.727966266861273 ], [ 74.703949386934212, 32.816997715169855 ], [ 74.704771434352395, 32.841953573077618 ], [ 74.667876827031321, 32.825050280257344 ], [ 74.655620525010207, 32.8321008704768 ], [ 74.640519425570901, 32.818950195265437 ], [ 74.634624129110946, 32.806629583830698 ], [ 74.65835517190655, 32.787660060432714 ], [ 74.632291087537098, 32.776402972396355 ], [ 74.634256078559247, 32.749546316871246 ], [ 74.619194449296913, 32.760688723128055 ], [ 74.576840040680793, 32.747907137776281 ], [ 74.576231391651575, 32.756622474382432 ], [ 74.56288857010783, 32.760124790159864 ], [ 74.548220314006699, 32.746853925013085 ], [ 74.543340804622247, 32.752545484918251 ], [ 74.531848754210557, 32.744370578325643 ], [ 74.511588801672772, 32.745506827412854 ], [ 74.51161657308981, 32.764538359021103 ], [ 74.486073481042411, 32.764452043784949 ], [ 74.464577894034718, 32.775905754807759 ], [ 74.459406618134167, 32.787748076522156 ], [ 74.415258845224173, 32.784564504840468 ], [ 74.391001008786375, 32.763169106916564 ], [ 74.355045855996167, 32.767004155043622 ], [ 74.314477404166055, 32.796843519641463 ], [ 74.308274142768809, 32.807590117737156 ], [ 74.312829220198523, 32.822183212563125 ], [ 74.303395450851227, 32.829846216982958 ], [ 74.267726547124639, 32.832237375988186 ], [ 74.263427484161014, 32.842097403249184 ], [ 74.219638704089661, 32.848823703503427 ], [ 74.211262167390174, 32.873439436870285 ], [ 74.194253242120126, 32.873924582801244 ], [ 74.178801417037718, 32.889501644459365 ], [ 74.068950090797756, 32.909561447554651 ], [ 74.058160539107917, 32.934543308888721 ], [ 74.024462257941991, 32.929754328656983 ], [ 73.999678696857202, 32.935405760564784 ], [ 74.006181978491384, 32.954912515744986 ], [ 73.972368318608687, 32.967212291487137 ], [ 73.964642375075584, 32.987129395552309 ], [ 73.941444127566555, 32.982435417914125 ], [ 73.908261703952547, 33.001438332252832 ], [ 73.825660603871384, 33.004017140901752 ], [ 73.825968115159455, 32.977245145624423 ], [ 73.790428523917981, 32.966814950259 ], [ 73.798313784565011, 32.988947856028794 ], [ 73.794508625226058, 33.003596905711518 ], [ 73.749104378728163, 33.033625723622357 ], [ 73.749857832587864, 33.058005131639611 ], [ 73.742828564896968, 33.066159460107023 ], [ 73.685385759917963, 33.087468741004074 ], [ 73.637736177062337, 33.084650506907792 ], [ 73.631322411647915, 33.117557988083313 ], [ 73.639290082840802, 33.128137461644627 ], [ 73.631198789990094, 33.139522059253316 ], [ 73.64868532524217, 33.137478056059891 ], [ 73.64988965252617, 33.156581646286725 ], [ 73.664479687823885, 33.161351809504893 ], [ 73.668009132642609, 33.201857893429377 ], [ 73.647619378936142, 33.222828787975438 ], [ 73.639509893404323, 33.205027118348418 ], [ 73.633547496385873, 33.207641747667495 ], [ 73.63756100827689, 33.23041514975673 ], [ 73.621783544802284, 33.235995365950878 ], [ 73.606512017885635, 33.273718968404971 ], [ 73.605523832445527, 33.285418862517822 ], [ 73.614169516980581, 33.292897635042962 ], [ 73.595640014327444, 33.302842458734226 ], [ 73.589293555185691, 33.323542749562904 ], [ 73.599354074615107, 33.329514496116069 ], [ 73.598025681007243, 33.337524424038548 ], [ 73.578417476869362, 33.328629470399036 ], [ 73.570485572997839, 33.342982865413617 ], [ 73.583766191598087, 33.355681425883617 ], [ 73.571875885681607, 33.356655664926457 ], [ 73.565152195205954, 33.366257010802769 ], [ 73.573315133192153, 33.391830253306409 ], [ 73.603157784971529, 33.419088197141022 ], [ 73.586705763973683, 33.422810991865504 ], [ 73.596062025779915, 33.438989186600807 ], [ 73.631889737275728, 33.447600159708301 ], [ 73.618665855370509, 33.476168602826888 ], [ 73.610466079271134, 33.470934221266276 ], [ 73.602065402145001, 33.496688903823546 ], [ 73.618680957847062, 33.495356103872396 ], [ 73.611444718314686, 33.513064742751737 ], [ 73.641770361882976, 33.52851254670307 ], [ 73.624412146477653, 33.540873919838425 ], [ 73.628703999562845, 33.5710644999156 ], [ 73.604981144012712, 33.588700484438213 ], [ 73.611900901680613, 33.603785223372661 ], [ 73.598537529378035, 33.600176472927814 ], [ 73.588267571333375, 33.615417507036604 ], [ 73.567152651715546, 33.617741502316569 ], [ 73.577740901729968, 33.638063444327074 ], [ 73.567456352350163, 33.668491750921596 ], [ 73.603133641849936, 33.715092696955764 ], [ 73.594643646133434, 33.751238679364192 ], [ 73.559920154564665, 33.781334752161875 ], [ 73.59354336082734, 33.889775949807841 ], [ 73.547607396122871, 33.936939534700755 ], [ 73.527781018151913, 33.988152379616238 ], [ 73.516416742309616, 33.998876120688458 ], [ 73.517887213462842, 34.021803897963871 ], [ 73.499672204702435, 34.074577628765219 ], [ 73.497191127057974, 34.132459801056953 ], [ 73.4909310526089, 34.139673803193354 ], [ 73.498536541943835, 34.21122172600446 ], [ 73.472831298597796, 34.252307864597803 ], [ 73.484480630541015, 34.274644395218395 ], [ 73.480833604336453, 34.289426384907244 ], [ 73.456706917438567, 34.276459725284305 ], [ 73.460405209598079, 34.289139646682308 ], [ 73.445547226614025, 34.303134007399031 ], [ 73.444515489052336, 34.321380858590544 ], [ 73.425071805968827, 34.33725000028145 ], [ 73.429940661334044, 34.346303344892917 ], [ 73.407858323528828, 34.350286251692395 ], [ 73.396094476149841, 34.371613364678183 ], [ 73.409149123540388, 34.37758765254145 ], [ 73.427735162564232, 34.426043282420117 ], [ 73.421798063900823, 34.463748094866325 ], [ 73.435165406756937, 34.484856569188814 ], [ 73.430804540600064, 34.521336254659253 ], [ 73.440866775811699, 34.527854704874741 ], [ 73.443471025058003, 34.555623102377048 ], [ 73.453836361727951, 34.571069784378643 ], [ 73.53217456591716, 34.570989745070555 ], [ 73.556129134708272, 34.589842129505435 ], [ 73.611147480160227, 34.584827030714351 ], [ 73.633006821077629, 34.56262067713886 ], [ 73.65026125681311, 34.561969919380388 ], [ 73.659797062200255, 34.579752563521801 ], [ 73.653752802608267, 34.600533716871126 ], [ 73.694997934680657, 34.650058403836404 ], [ 73.663509472282755, 34.663228506826655 ], [ 73.659051385055946, 34.673102870247362 ], [ 73.704625918894038, 34.722012356319745 ], [ 73.729939819271422, 34.772227656654913 ], [ 73.772304474970014, 34.796113749641314 ], [ 73.821773657417367, 34.792104456763603 ], [ 73.837709983458396, 34.813161267015253 ], [ 73.856660834607311, 34.808516090678047 ], [ 73.894989411836661, 34.818975598010738 ], [ 73.919371288547197, 34.811653490704828 ], [ 73.930465789529876, 34.832395496829285 ], [ 73.96099519256417, 34.838564947871518 ], [ 73.967433236745762, 34.863831872125694 ], [ 74.029913350070359, 34.876286794427294 ], [ 74.041964725713953, 34.891035762926457 ], [ 74.034720492073873, 34.90150510710783 ], [ 74.037197861472833, 34.919233536510212 ], [ 74.071168100404506, 34.935487234908926 ], [ 74.05932248477508, 34.992681195196177 ], [ 74.109744609058993, 35.016080342831565 ], [ 74.098219275167736, 35.03218323804284 ], [ 74.066735139954517, 35.046275032729028 ], [ 74.071164547567562, 35.05849614890483 ], [ 74.101428042091229, 35.099147169915469 ], [ 74.132386396063595, 35.102933525075976 ], [ 74.133669517276076, 35.110053685033918 ], [ 74.105858600446169, 35.125728158463737 ], [ 74.112269767034448, 35.148532794498649 ], [ 74.095811684205074, 35.140746173786468 ], [ 74.072131369273563, 35.153180137232738 ], [ 74.033811635958216, 35.146867935980325 ], [ 74.004759603138481, 35.167731387296996 ], [ 74.002825702808309, 35.183653482520207 ], [ 73.977700306706794, 35.180647557718203 ], [ 73.956842352870908, 35.168050642540692 ], [ 73.924546694901395, 35.203902682307394 ], [ 73.896965782716848, 35.211697215968556 ], [ 73.861186805723506, 35.207149800630724 ], [ 73.845371888789799, 35.224640077423359 ], [ 73.808325486846968, 35.239502061540378 ], [ 73.770506052262789, 35.236007599326584 ], [ 73.733522809070948, 35.208534885022097 ], [ 73.707981724758227, 35.222489243107496 ], [ 73.724972644196697, 35.273054167606539 ], [ 73.69484018063531, 35.318411426043838 ], [ 73.695436615271575, 35.36907592585613 ], [ 73.72702072039948, 35.418994318718028 ], [ 73.792036209137564, 35.454225315781152 ], [ 73.778502568359443, 35.522899907550979 ], [ 73.72961177788585, 35.529498181203827 ], [ 73.721253532682184, 35.549225170900094 ], [ 73.658836074153712, 35.547634210746608 ], [ 73.628386022003383, 35.569050878218135 ], [ 73.561594837036438, 35.546394315958302 ], [ 73.527921863208704, 35.567307527091565 ], [ 73.501502863453652, 35.557575093440832 ], [ 73.477358415065964, 35.571907317101122 ], [ 73.398121156279203, 35.55708844555685 ], [ 73.363479704252057, 35.597229312097951 ], [ 73.268675522838777, 35.624391713435848 ], [ 73.212613321551956, 35.668923323994321 ], [ 73.13291275486074, 35.710782950045704 ], [ 73.126414096855328, 35.721021460895351 ], [ 73.126498041723707, 35.776232464062929 ], [ 73.137206771987408, 35.819192491722148 ], [ 73.148661660892444, 35.831188999870491 ], [ 73.08388039349164, 35.877468277230832 ], [ 73.068148014664544, 35.877708620617284 ], [ 73.058036476316872, 35.862696621414592 ], [ 73.028821963415083, 35.84706370399271 ], [ 72.987075354920165, 35.859816242415128 ], [ 72.918439856809712, 35.83906294458783 ], [ 72.89244507746443, 35.84454648924325 ], [ 72.891124455182094, 35.873743023455823 ], [ 72.839314604464107, 35.867133980748079 ], [ 72.819155244373562, 35.88172594271677 ], [ 72.808205401796002, 35.859101786064322 ], [ 72.789138542211248, 35.857707461722718 ], [ 72.784286241898428, 35.841459998114736 ], [ 72.761436167020477, 35.832309575674451 ], [ 72.726576710941899, 35.853057578682339 ], [ 72.684381358029952, 35.82253078664381 ], [ 72.628137210168831, 35.857863557205896 ], [ 72.585098479342307, 35.859378233643298 ], [ 72.5582329504157, 35.897670366085435 ], [ 72.543027798218745, 35.894495628764759 ], [ 72.518471173134316, 35.905488292289242 ], [ 72.5130748818315, 35.938678637758777 ], [ 72.534883904516562, 35.950644145850916 ], [ 72.542408624527695, 35.969541463173016 ], [ 72.538670236065499, 35.985125729276739 ], [ 72.559961358429675, 35.986962733995327 ], [ 72.584592649683898, 36.025085264759049 ], [ 72.568756879259155, 36.04462839624766 ], [ 72.535737597785584, 36.047296891649907 ], [ 72.516678023537779, 36.067340475667315 ], [ 72.527612674705594, 36.110228852632254 ], [ 72.561702503656093, 36.139895621424039 ], [ 72.550717304287275, 36.150020745027994 ], [ 72.549130401591782, 36.164649945306586 ], [ 72.535918857148658, 36.173310596856815 ], [ 72.550501176816439, 36.198543356992559 ], [ 72.547311920402578, 36.205412112223179 ], [ 72.573943695115801, 36.223809208654004 ], [ 72.572734966086955, 36.239133607146755 ], [ 72.584655010730941, 36.256896735995625 ], [ 72.611680205317811, 36.269492476075904 ], [ 72.662192948054312, 36.258137363986158 ], [ 72.68483149753061, 36.243888213766695 ], [ 72.674163188759735, 36.262229438299947 ], [ 72.68055805721383, 36.271039480284784 ], [ 72.711232418690571, 36.276256711201952 ], [ 72.731134291976289, 36.298268489254468 ], [ 72.759175221536381, 36.298584248360179 ], [ 72.773898911775362, 36.31593290007374 ], [ 72.803344931305631, 36.330814741150824 ], [ 72.816079459553094, 36.356441231248127 ], [ 72.853663856231393, 36.366354411824084 ], [ 72.850962783868795, 36.372389771426093 ], [ 72.875541923429196, 36.394566353880343 ], [ 72.870087136530046, 36.407487451332315 ], [ 72.875830698555404, 36.41694012965516 ], [ 72.859666991847988, 36.435566110843205 ], [ 72.908147058200612, 36.460927724982234 ], [ 72.923607456804106, 36.453534997786541 ], [ 72.946059068666386, 36.466220607922573 ], [ 72.97935654580705, 36.457325611257922 ], [ 72.987915325524909, 36.469274612324206 ], [ 72.974227296688781, 36.475378738016055 ], [ 72.974746063883885, 36.494340577822442 ], [ 72.982758052563014, 36.501488346985752 ], [ 72.977910773832619, 36.511530627220374 ], [ 73.051942917182117, 36.53297198247644 ], [ 73.052499169277368, 36.548689842152157 ], [ 73.078014775572015, 36.569182617096018 ], [ 73.079497908479169, 36.585602334588046 ], [ 73.097164396045557, 36.605999905346621 ], [ 73.074103279059614, 36.628789479792722 ], [ 73.080426772771148, 36.669985357217762 ], [ 73.070709868819335, 36.679835632419447 ], [ 73.06764321986536, 36.700628174365981 ], [ 73.095218352289379, 36.683364163029097 ], [ 73.116438389168522, 36.684201040022778 ], [ 73.16254191213136, 36.707590631692199 ], [ 73.170668983981528, 36.724036431631198 ], [ 73.186554609107873, 36.710307598838071 ], [ 73.186688031385486, 36.701191661825973 ], [ 73.201393780471591, 36.695534836368296 ], [ 73.228802491904375, 36.701492790529841 ], [ 73.238011884551582, 36.711526268555467 ], [ 73.246113990423353, 36.705388037767015 ], [ 73.294117397211508, 36.704232278094288 ], [ 73.31078919823014, 36.714325104504042 ], [ 73.347829336220499, 36.716405223757192 ], [ 73.351573426289832, 36.73500969921804 ], [ 73.394418438120283, 36.730071208227258 ], [ 73.421439795104263, 36.742988902125695 ], [ 73.433879693006531, 36.731000801112984 ], [ 73.461969471155172, 36.735055557333858 ], [ 73.497630506538172, 36.713141212935618 ], [ 73.509835896540579, 36.721935735020296 ], [ 73.519895426924862, 36.710297389260589 ], [ 73.54981832880182, 36.716074623766914 ], [ 73.554332519411389, 36.70956806746107 ], [ 73.579299264948887, 36.722386317090425 ], [ 73.589992176778779, 36.69452937456542 ], [ 73.621579100820043, 36.690345739271287 ], [ 73.634812564156078, 36.698168661066823 ], [ 73.689266903255231, 36.687574401562273 ], [ 73.70985121049263, 36.712338967383687 ], [ 73.774781529060334, 36.702095244621773 ], [ 73.795548771917112, 36.718847316756829 ], [ 73.848656849917404, 36.702373928295941 ], [ 73.876706295506381, 36.704692798376868 ], [ 73.873637046827966, 36.72059884999247 ], [ 73.88529088022905, 36.729902497817534 ], [ 73.883355326998768, 36.745290638898943 ], [ 73.867986494570502, 36.766322563017148 ], [ 73.836984475288858, 36.795139457044442 ], [ 73.814787852016579, 36.789020645559795 ], [ 73.80151067037059, 36.794220740404107 ], [ 73.797570867045266, 36.818203536364805 ], [ 73.758833573429655, 36.816160483416304 ], [ 73.749089693968202, 36.827373309661944 ], [ 73.705507193137223, 36.837817178124233 ], [ 73.706184818407181, 36.857958901623093 ], [ 73.667005047021973, 36.880886311514011 ], [ 73.671090896649545, 36.91170395121744 ], [ 73.697236616318762, 36.914312340870943 ], [ 73.72872268380813, 36.89799586751618 ], [ 73.751320089546113, 36.909692129310358 ], [ 73.773578849286579, 36.896305625943022 ], [ 73.794099723786829, 36.900163173991722 ], [ 73.800717514568589, 36.887501487863155 ], [ 73.81016624266195, 36.888586590333496 ], [ 73.820440388652457, 36.903096644218842 ], [ 73.85925875522247, 36.897324228704406 ], [ 73.893018016724838, 36.875466145496432 ], [ 73.914899868524941, 36.882988242016346 ], [ 73.961496861226195, 36.839272339915794 ], [ 73.981953965222729, 36.82958235598624 ], [ 74.008374387909186, 36.833779476058368 ], [ 74.046519060236903, 36.810827382170942 ], [ 74.085514393121258, 36.841512940369576 ], [ 74.11631217413489, 36.835733550164832 ], [ 74.133456665062752, 36.847909074179427 ], [ 74.155747873747941, 36.910513301619389 ], [ 74.248968443892934, 36.893611287104406 ], [ 74.314818957111797, 36.927337850628135 ], [ 74.350800844663198, 36.960074522316397 ], [ 74.408179493761224, 36.981561445688421 ], [ 74.41986732120931, 36.994507961826805 ], [ 74.520308345690481, 36.995837635520772 ], [ 74.542548339624688, 36.961360459177477 ], [ 74.564098973596344, 36.957902875181468 ], [ 74.580415982298589, 37.021017475289128 ], [ 74.577903715147428, 37.04580404185684 ], [ 74.568119368379087, 37.051765632044372 ], [ 74.641383176377843, 37.065999808570858 ], [ 74.68116813109188, 37.086719433177628 ], [ 74.707388183655908, 37.087293974577598 ], [ 74.715908329528304, 37.053658106883333 ], [ 74.74713432845472, 37.020119216344995 ], [ 74.769052456022649, 37.041227545872772 ], [ 74.838899467041017, 37.035849081638069 ], [ 74.837569501381395, 36.997812798839476 ], [ 74.910057868355594, 36.91641179671894 ], [ 74.923395164362049, 36.934534107172702 ], [ 75.015951272250973, 36.992664856117962 ], [ 75.075769038686545, 36.961216115595597 ], [ 75.107046523655143, 36.963053374620372 ], [ 75.173701785434787, 37.00122761979592 ], [ 75.220356782353917, 37.05162786802849 ], [ 75.26491727633973, 37.062396623232182 ], [ 75.349938780054472, 37.065535874877654 ], [ 75.361546280149838, 37.020635613469274 ], [ 75.35232129364762, 36.991236620898256 ], [ 75.367406543212027, 36.975007363941721 ], [ 75.396956807739485, 36.98325512243359 ], [ 75.414043797506011, 36.976713616924556 ], [ 75.41812780379064, 36.950068873716745 ], [ 75.399377026320082, 36.934875636725366 ], [ 75.40570679476383, 36.908405621326345 ], [ 75.427829782233957, 36.906934617840342 ], [ 75.440807536531125, 36.897750372452585 ], [ 75.461556285771167, 36.82945263184412 ], [ 75.60729654369355, 36.77904638545246 ], [ 75.663318065671064, 36.7167038639829 ], [ 75.730697330942107, 36.62334513822303 ], [ 75.78111232978921, 36.583172127702824 ], [ 75.814225827468093, 36.56657513149586 ], [ 75.848399565354342, 36.562246135805545 ], [ 75.927935821196954, 36.520752132174096 ], [ 76.083489829543581, 36.484318388748676 ], [ 76.177575342559891, 36.397598135850927 ], [ 76.198970853651673, 36.394365143382608 ], [ 76.250773597797462, 36.35736439651928 ], [ 76.282418346393555, 36.355266391839365 ], [ 76.355270092679916, 36.367643137325878 ], [ 76.407035845998891, 36.326548407546554 ], [ 76.436372587271492, 36.321753149299212 ], [ 76.436535596461297, 36.30319889893061 ], [ 76.454069852017895, 36.275549414937323 ], [ 76.438247619204475, 36.261727646793958 ], [ 76.479038852326767, 36.222732411032268 ], [ 76.55478011506446, 36.19758364268624 ], [ 76.567865097663812, 36.177925649968387 ], [ 76.616319120958067, 36.172799150668865 ], [ 76.647430882028104, 36.190956404377658 ], [ 76.711088364194993, 36.135117901433183 ], [ 76.728278132908116, 36.087155409457537 ], [ 76.810355640942788, 36.053222153867061 ], [ 76.813592636525797, 36.02659791363461 ], [ 76.783990631732962, 36.014566663954952 ], [ 76.730989887137767, 35.960380670279655 ], [ 76.788423759269577, 35.899581695871206 ], [ 76.797849730341881, 35.862394455060212 ], [ 76.813451371057482, 35.849170668564767 ], [ 76.854622596036506, 35.840113641817133 ], [ 76.92114055122326, 35.792624007653643 ], [ 76.971482190050978, 35.787958891560088 ], [ 77.001902891545996, 35.776220998439818 ], [ 77.059109436910319, 35.783564272631828 ], [ 77.093819571429151, 35.800052194167016 ], [ 77.135387796966498, 35.794346943196302 ], [ 77.133974747024595, 35.783763927210892 ], [ 77.146695174417019, 35.781116924920546 ], [ 77.149267930526122, 35.769605309683406 ], [ 77.17284413969935, 35.765412678091842 ], [ 77.169368404253191, 35.745804663440985 ], [ 77.176502913172882, 35.735006170122922 ], [ 77.226952637295582, 35.72841941009726 ], [ 77.227862149181419, 35.714860424568705 ], [ 77.235778390925944, 35.709956174491509 ], [ 77.269572170193115, 35.708215431323325 ], [ 77.284197156243593, 35.71974191617084 ], [ 77.319066419230168, 35.696934913247695 ], [ 77.334587668812688, 35.72014692977227 ], [ 77.368068675359154, 35.716863429564626 ], [ 77.381703660474372, 35.69058641696467 ], [ 77.401538663170342, 35.683101411076692 ], [ 77.403412407817513, 35.661958688624615 ], [ 77.437656916778494, 35.654874925827045 ], [ 77.442503918827768, 35.620005186922398 ], [ 77.434142415434536, 35.609055936546412 ], [ 77.465294430012477, 35.593752668752231 ], [ 77.470888933684392, 35.566673175637 ], [ 77.461777177128809, 35.547638422183489 ], [ 77.484210411257038, 35.531546666587786 ], [ 77.471210157755266, 35.521619929037435 ], [ 77.453549672731569, 35.525515693030641 ], [ 77.43458418263674, 35.516210175920605 ], [ 77.383268665836482, 35.550228422735131 ], [ 77.321031164113919, 35.533955916686224 ], [ 77.346398170195968, 35.517368423509225 ], [ 77.351250659154985, 35.495830927014538 ], [ 77.372224424695602, 35.493064425618016 ], [ 77.382929675784226, 35.475650915383682 ], [ 77.442063409266936, 35.460624679920947 ], [ 77.507755408465712, 35.483915184981832 ], [ 77.543624420905019, 35.476829928967788 ], [ 77.570067423644446, 35.482786690289132 ], [ 77.62223866839787, 35.466413190946682 ], [ 77.648992939179905, 35.485663185321897 ], [ 77.671561438928634, 35.468155921536898 ], [ 77.693034188066889, 35.476045434923037 ], [ 77.719932439025996, 35.474028437989517 ], [ 77.729989443347733, 35.479386688497954 ], [ 77.722541182543708, 35.510994185281739 ], [ 77.736660428767337, 35.524122673647973 ], [ 77.77805818011494, 35.493788680949237 ], [ 77.796755182635934, 35.495572426667245 ], [ 77.821664681235347, 35.51441294524988 ], [ 77.869667189708196, 35.478795681042605 ], [ 77.88732543253694, 35.481744196717038 ], [ 77.907196948155985, 35.466785940662838 ], [ 77.928760696632494, 35.494716190893897 ], [ 77.983159191961974, 35.456172425657883 ], [ 77.98708796217899, 35.463937925383178 ], [ 77.966537192644395, 35.476878681193647 ], [ 77.963704432651028, 35.497507430549433 ], [ 77.934617691623686, 35.516278697412275 ], [ 77.971065678145067, 35.565982179475355 ], [ 77.960504675829839, 35.604436433919453 ], [ 77.999055455836256, 35.58565867380387 ], [ 78.046450963688486, 35.587504178838962 ], [ 78.084668201924885, 35.553186695827989 ], [ 78.102444206700852, 35.556296950752461 ], [ 78.146951206909861, 35.539622187531286 ], [ 78.16206144491052, 35.552518185045749 ], [ 78.158282949365812, 35.582368189610001 ], [ 78.173201460833738, 35.599466695020126 ], [ 78.167467935685067, 35.627672695142117 ], [ 78.196716197393755, 35.624744190991777 ], [ 78.194815947954126, 35.636375427578884 ], [ 78.209468701828357, 35.662848946103928 ], [ 78.258343708004091, 35.642506175068725 ], [ 78.282824453294779, 35.660133927548479 ], [ 78.278001191023534, 35.71591292558638 ], [ 78.294771718688494, 35.721245939987334 ], [ 78.341479947076394, 35.716643687683835 ], [ 78.400189213112654, 35.730828427815602 ], [ 78.435134721507268, 35.778190923024688 ], [ 78.512847468289991, 35.765578181606713 ], [ 78.526854467323929, 35.756465691058928 ], [ 78.573697732261991, 35.784774439632017 ], [ 78.583427981585629, 35.783205934211004 ], [ 78.597898224743616, 35.802115938697924 ], [ 78.64681547778882, 35.817779673166015 ], [ 78.675027718768561, 35.851510187271636 ], [ 78.781377730034635, 35.863497938288418 ], [ 78.82742249509306, 35.848214934175772 ], [ 78.933594224911246, 35.866150185102583 ], [ 78.967847974841533, 35.884264433711543 ], [ 79.053726741730173, 35.841068450692397 ], [ 79.156108755147457, 35.832018682629844 ], [ 79.220204010606835, 35.888781696583429 ], [ 79.203090997544834, 35.925398183227294 ], [ 79.21343774627492, 35.953562688864082 ], [ 79.261735751068926, 35.984288941412899 ], [ 79.406834020786974, 35.985531685776024 ], [ 79.435131762517145, 35.892702443451334 ], [ 79.536359773170958, 35.874482689190671 ], [ 79.593346772974797, 35.847185950168267 ], [ 79.71560703488413, 35.814498190509603 ], [ 79.748088769881619, 35.791562194050513 ], [ 79.892124532942859, 35.771811956811 ], [ 79.951049025439715, 35.818498186851492 ], [ 80.008095800939188, 35.828331452260812 ], [ 80.055670542453541, 35.783042962609585 ], [ 80.122916044087219, 35.663645714408226 ], [ 80.236476556356166, 35.632367451868866 ], [ 80.307152053916681, 35.589480966455923 ], [ 80.342148079071293, 35.461505969512864 ], [ 80.29137231950105, 35.427538714962296 ], [ 80.291716314966081, 35.35926222044418 ], [ 80.268387318565772, 35.294759716700845 ], [ 80.237510563062244, 35.245010465391069 ], [ 80.229620318562027, 35.200407716849583 ], [ 80.186049544338772, 35.148256468867949 ], [ 80.195656818791619, 35.059737218306971 ], [ 80.187423315444889, 35.011703476253992 ], [ 80.116407050066158, 34.862455468277574 ], [ 80.074208552152427, 34.824714466790454 ], [ 80.063231309162063, 34.706688729396156 ], [ 80.038872573951593, 34.68850422254971 ], [ 79.948861047411214, 34.666438481129077 ], [ 79.889375547137973, 34.678657985423989 ], [ 79.864192797198811, 34.676426468903628 ], [ 79.828868061413758, 34.648504470597189 ], [ 79.820499049901372, 34.63285271663478 ], [ 79.775368803039854, 34.61066097499743 ], [ 79.792038061826219, 34.572895477929592 ], [ 79.765112048433252, 34.562527237652944 ], [ 79.759453317913454, 34.537570726209012 ], [ 79.808721815828036, 34.519768976085132 ], [ 79.816946554312509, 34.507375717894348 ], [ 79.813421559747724, 34.480941725887853 ], [ 79.788484795482816, 34.465702977715189 ], [ 79.662780302942664, 34.468306227913679 ], [ 79.653128808021648, 34.476260734257608 ], [ 79.597106802750517, 34.48573548048418 ], [ 79.513756801471501, 34.460266715787199 ], [ 79.531150527279976, 34.435357717921811 ], [ 79.529843547711877, 34.405815219260852 ], [ 79.567840790331815, 34.394985981245782 ], [ 79.558102537917293, 34.37856497420681 ], [ 79.564564310198833, 34.317863975164094 ], [ 79.596268299094646, 34.264009740025735 ], [ 79.589274785250396, 34.2280814779986 ], [ 79.568537052948969, 34.206303737043491 ], [ 79.547596045373496, 34.193094486314756 ], [ 79.515013308297071, 34.20054271919345 ], [ 79.497631795983153, 34.18851947626456 ], [ 79.490102545768053, 34.120199487881173 ], [ 79.461076796755236, 34.092312986691951 ], [ 79.42062753609197, 34.077688743376044 ], [ 79.413674533572049, 34.046610486438695 ], [ 79.439723045646062, 34.023479978588639 ], [ 79.434089792246027, 34.012960476753811 ], [ 79.413344302093833, 34.00608623816499 ], [ 79.374698773181123, 34.026210229614904 ], [ 79.27023202421266, 34.029785229731544 ], [ 79.228397034968509, 34.043649479195274 ], [ 79.202653273659706, 34.041311719934043 ], [ 79.176235270136289, 34.059227216608441 ], [ 79.143553278204124, 34.057733974286471 ], [ 79.146439026222822, 34.027431736103033 ], [ 79.136733788691615, 34.018656479517752 ], [ 79.077272031789676, 34.013609977307539 ], [ 79.011122781128108, 34.04399873766242 ], [ 78.912099415844565, 34.010080254832197 ], [ 78.89119437681309, 33.974411883188942 ], [ 78.946032806781631, 33.90175267313375 ], [ 78.953788422566859, 33.873827380845803 ], [ 78.962389331474853, 33.875424008232343 ], [ 78.965966484919974, 33.84396228063931 ], [ 78.976967719216617, 33.822244642696788 ], [ 78.995677827259343, 33.812581456811515 ], [ 79.004749544106076, 33.772319216893443 ], [ 79.031547445163127, 33.768477968072418 ], [ 79.046602524808719, 33.754124450940715 ], [ 79.056972794127901, 33.758528587481209 ], [ 79.053518238261177, 33.749817462378758 ], [ 79.028181272740568, 33.749252850626377 ], [ 79.031908973047521, 33.744928284021022 ], [ 79.011739690166351, 33.708638988893824 ], [ 79.01412121561269, 33.684675880968697 ], [ 79.033037561573266, 33.668799719800639 ], [ 79.067457599544099, 33.663805141900724 ], [ 79.093513506549542, 33.633936381986956 ], [ 79.086769004803713, 33.617210389819604 ], [ 79.028581064364502, 33.619409444914048 ], [ 79.006884632923885, 33.607922327097619 ], [ 78.907887548752299, 33.620146795239897 ], [ 78.88822067384659, 33.573843516014527 ], [ 78.914199580859119, 33.562376809510454 ], [ 78.919032454205635, 33.537552157844885 ], [ 78.944050280645101, 33.511976482462316 ], [ 78.931838609622247, 33.479878212068847 ], [ 78.928429046774852, 33.439268495281617 ], [ 78.939012203341633, 33.386069781571315 ], [ 78.955560748316756, 33.371938764644739 ], [ 78.956366424837199, 33.352900334458788 ], [ 78.980604580085426, 33.327872319353737 ], [ 79.016765859402412, 33.324705723421225 ], [ 79.085416866926266, 33.288669222608199 ], [ 79.114974855168498, 33.283678483597285 ], [ 79.233470099855666, 33.289219982497315 ], [ 79.303089877531377, 33.266637235742486 ], [ 79.352313109338766, 33.274654235571077 ], [ 79.437340623681067, 33.251501221328155 ], [ 79.426988864148313, 33.185846739282233 ], [ 79.362149117320826, 33.092501489287244 ], [ 79.376059105490583, 33.033964489180349 ], [ 79.361862117265659, 33.019404989232399 ], [ 79.314621601139251, 33.007142482771705 ], [ 79.344700365209604, 32.983275478243762 ], [ 79.366709056432839, 32.982920859452562 ], [ 79.365438362514013, 32.960724453552643 ], [ 79.392792944162736, 32.958254119669547 ], [ 79.432573548335867, 32.925238597534843 ], [ 79.541162692194305, 32.782598970306452 ], [ 79.562441344145739, 32.769340759605676 ], [ 79.582452662775793, 32.771556295175102 ], [ 79.604512582224771, 32.73256722569338 ], [ 79.552170213799627, 32.66957002491862 ], [ 79.534696887375475, 32.662916208735282 ], [ 79.521975892247781, 32.634522193381173 ], [ 79.478008209992666, 32.589282046622976 ], [ 79.445640828734241, 32.571662732581238 ], [ 79.423880887301365, 32.526988484177153 ], [ 79.400611958549149, 32.522875777278948 ], [ 79.37587705561009, 32.531497702902023 ], [ 79.368884606269418, 32.568209899397786 ], [ 79.304157402177339, 32.592313999446269 ], [ 79.290836550730489, 32.581633149318442 ], [ 79.289942360510125, 32.563603650845764 ], [ 79.262329425182301, 32.534357758322457 ], [ 79.249610982168349, 32.525647794888002 ], [ 79.23036781203939, 32.527662386393274 ], [ 79.220595006825818, 32.508255260035185 ], [ 79.184703182568185, 32.47944674278618 ], [ 79.128406858758737, 32.47750437563429 ], [ 79.114889684099793, 32.470446931530056 ], [ 79.128633131802388, 32.42678349518777 ], [ 79.119368423594977, 32.413989494503021 ], [ 79.104507755546521, 32.409803328647051 ], [ 79.097250420876364, 32.375825955614495 ], [ 79.063548239225469, 32.386340884075381 ], [ 79.011936270296601, 32.383068683815672 ], [ 78.996419816819397, 32.377411916829033 ], [ 78.976605451120449, 32.344711834821197 ], [ 78.962745703029555, 32.337461799053287 ], [ 78.937438662187674, 32.37151853465496 ], [ 78.893254526373269, 32.389745896508558 ], [ 78.84047954637532, 32.42885141359212 ], [ 78.837711464184096, 32.438763564045701 ], [ 78.805744105416622, 32.443001961723525 ], [ 78.799031486676867, 32.467627002794664 ], [ 78.779668477695779, 32.492533477653943 ], [ 78.77090716830557, 32.53855647627794 ], [ 78.757060644313981, 32.560699998570357 ], [ 78.780154413263887, 32.603853806588418 ], [ 78.740140715139148, 32.655506170116972 ], [ 78.749818615139617, 32.697931298357105 ], [ 78.702825448330103, 32.659496772905769 ], [ 78.646450964802725, 32.654078838722882 ], [ 78.622512532449051, 32.614065916522456 ], [ 78.603881219233202, 32.600060718839813 ], [ 78.558935317447762, 32.619964971929186 ], [ 78.515750852932655, 32.610292787903738 ], [ 78.489456814223544, 32.584827070826222 ], [ 78.453738625327176, 32.584583329916505 ], [ 78.419721270657178, 32.562030939190677 ], [ 78.414379770298495, 32.536422558244148 ], [ 78.397452062611634, 32.525740670617829 ], [ 78.411871967774331, 32.521590501482684 ], [ 78.421827044752348, 32.506260718400696 ], [ 78.452465694603276, 32.503979871580768 ], [ 78.46598700241087, 32.481230894759697 ], [ 78.452808848346848, 32.456411419091822 ], [ 78.483376044403457, 32.438683259578852 ], [ 78.489300784943524, 32.420191501683227 ], [ 78.515182358596689, 32.423528692804396 ], [ 78.532186849782462, 32.415922627954942 ], [ 78.512728165732057, 32.392979402650482 ], [ 78.507645641584944, 32.372454718026219 ], [ 78.478156944892163, 32.342022100045781 ], [ 78.480592001844613, 32.279906113903237 ], [ 78.451568774402787, 32.239493271981893 ], [ 78.498654267362284, 32.238100947798223 ], [ 78.553067446553413, 32.248026198514886 ], [ 78.570676487755733, 32.241838143766095 ], [ 78.609600381218783, 32.204559603097827 ], [ 78.606167467563907, 32.169928571307167 ], [ 78.590477321233251, 32.150574877710554 ], [ 78.608926428261725, 32.135577732693186 ], [ 78.615087855116201, 32.111414210911896 ], [ 78.655213334204973, 32.109071193800027 ], [ 78.6671465831853, 32.099186834786458 ], [ 78.674849802036618, 32.070857245967147 ], [ 78.694240050632089, 32.060062924017849 ], [ 78.74557487402447, 32.002187548469799 ], [ 78.778346791808133, 31.994358337852258 ], [ 78.770938571611282, 31.973480710654325 ], [ 78.777962086491087, 31.96486150554318 ], [ 78.766325916663419, 31.961129146363344 ], [ 78.762407600141401, 31.948782238729518 ], [ 78.768026030440922, 31.930593397995342 ], [ 78.743480093511707, 31.902025835553111 ], [ 78.73971874231421, 31.886129501086192 ], [ 78.748183819663097, 31.871902538753556 ], [ 78.743106979156792, 31.838252573051957 ], [ 78.70437297247679, 31.810943487130373 ], [ 78.704753826716214, 31.775555033170274 ], [ 78.724217519772665, 31.757566110849616 ], [ 78.728967113004117, 31.733939870514746 ], [ 78.751754310303753, 31.694771209306609 ], [ 78.750621747631186, 31.681647497473552 ], [ 78.766138698775052, 31.675354592386334 ], [ 78.797079334376733, 31.683176459953035 ], [ 78.803100673454253, 31.645844947433286 ], [ 78.839741954966868, 31.623818277322901 ], [ 78.846114741932965, 31.60827986850548 ], [ 78.821156998412945, 31.579499404898961 ], [ 78.80803657637729, 31.5780240119146 ], [ 78.773797508512033, 31.54591126433208 ], [ 78.760165893875751, 31.549754946263334 ], [ 78.731866183038491, 31.53523551999146 ], [ 78.720990651796171, 31.507232767232786 ], [ 78.725494541424382, 31.484181630486564 ], [ 78.763249616210018, 31.48548849642421 ], [ 78.809697607151719, 31.447621987659769 ], [ 78.806638868762121, 31.412670242273425 ], [ 78.79053436911677, 31.396044217202572 ], [ 78.830851357346035, 31.383201990590614 ], [ 78.848333111764191, 31.367272228218219 ], [ 78.854175121059797, 31.345329968556378 ], [ 78.842997115383227, 31.325000481124711 ], [ 78.87216935177112, 31.307688237565049 ], [ 78.893487605951833, 31.265410487416158 ], [ 78.927981347098481, 31.256333235054086 ], [ 78.93936837008043, 31.326472224882842 ], [ 78.951070872407001, 31.33722022099823 ], [ 79.010832362084983, 31.357082979912132 ], [ 79.023736611734023, 31.396365974020039 ], [ 79.051511120743783, 31.419791718834187 ], [ 79.052470366956996, 31.446935978090959 ], [ 79.061737620989916, 31.461347483286701 ], [ 79.127423105606269, 31.434858729454813 ], [ 79.173745861515897, 31.395465488304957 ], [ 79.199282856697423, 31.356529980038193 ], [ 79.246475354278601, 31.330039472113452 ], [ 79.239212848905666, 31.314206729891811 ], [ 79.271855603324568, 31.283185725538019 ], [ 79.252392601970882, 31.266004224074582 ], [ 79.251865847854589, 31.24301748052012 ], [ 79.280170610816967, 31.234955471005069 ], [ 79.292622849774631, 31.221218236969605 ], [ 79.303164867094651, 31.190374234272745 ], [ 79.300955102225558, 31.167807473330942 ], [ 79.317481357303535, 31.136720735012393 ], [ 79.398803096519998, 31.107786474026121 ], [ 79.407727343234754, 31.076991473821732 ], [ 79.424567854151945, 31.071074483756131 ], [ 79.424760368507236, 31.030491986283899 ], [ 79.49160610636477, 31.033544732229821 ], [ 79.51903486999133, 31.026705985818804 ], [ 79.556539843022094, 30.960737738610273 ], [ 79.598604865657663, 30.938189975889141 ], [ 79.654392110602316, 30.962232486994125 ], [ 79.6707771127884, 30.979257479998022 ], [ 79.703295091214329, 30.972711988603411 ], [ 79.757290110928935, 30.99797248295398 ], [ 79.808458607653165, 30.976329986262751 ], [ 79.864338849789306, 30.969777979597168 ], [ 79.884448121616259, 30.943046718665528 ], [ 79.890255787420259, 30.91863661399853 ], [ 79.910387129955438, 30.915067839556876 ], [ 79.929096482514964, 30.882433360231598 ], [ 79.962152897647456, 30.890020033402962 ], [ 79.992499342604475, 30.876938716007704 ], [ 80.042033922404485, 30.835816162758931 ], [ 80.056017551766345, 30.841506236298791 ], [ 80.057465885735965, 30.829405245713382 ], [ 80.110908485568274, 30.779295111829313 ], [ 80.157371956278951, 30.788728402567489 ], [ 80.158148995406464, 30.805884582207042 ], [ 80.177770807224249, 30.804054576165591 ], [ 80.203219400097012, 30.776515360995202 ], [ 80.200097691602636, 30.764718588306888 ], [ 80.214909140058325, 30.749061571920425 ], [ 80.239663519371092, 30.762058858528249 ], [ 80.250510711461132, 30.737136921798264 ], [ 80.236422141806145, 30.690383765482071 ], [ 80.199711889442597, 30.683047100989658 ], [ 80.197164291551346, 30.661978142050213 ], [ 80.221168545262529, 30.641815643096951 ], [ 80.211670762866405, 30.622419945783101 ], [ 80.217088718838923, 30.608362963173992 ], [ 80.228801686538546, 30.603494538819273 ], [ 80.226830222256467, 30.578944968737172 ], [ 80.257760069989885, 30.558835944014355 ], [ 80.283067158442464, 30.572193389702871 ], [ 80.318859214906325, 30.559379486227897 ], [ 80.385591982430341, 30.515049869561018 ], [ 80.415579346513766, 30.525334522747833 ], [ 80.419477024242155, 30.515183289716983 ], [ 80.447691660130417, 30.49765011551246 ], [ 80.517104214436372, 30.47317574553162 ], [ 80.539078441793762, 30.449196885157569 ], [ 80.547605030383394, 30.448588786540146 ], [ 80.551423561145342, 30.460892019994922 ], [ 80.569848684952376, 30.466624189653942 ], [ 80.580203577808845, 30.480931663674085 ], [ 80.5980088416119, 30.478766266927611 ], [ 80.652024070725432, 30.444291137363091 ], [ 80.678074766603899, 30.437446652261201 ], [ 80.71352276561899, 30.408168651305303 ], [ 80.751968890098183, 30.393503887844748 ], [ 80.783585277084157, 30.357848637365159 ], [ 80.787330769423619, 30.342612910207379 ], [ 80.821570823639092, 30.315557565342029 ], [ 81.005545287176943, 30.263092170334531 ], [ 81.033208017917573, 30.246389546459781 ], [ 81.025908701380928, 30.226951150196523 ], [ 81.044094449317555, 30.205832496749505 ], [ 81.031056186299494, 30.196379599896588 ], [ 80.960047335615101, 30.178992384855711 ], [ 80.918281138457132, 30.189834428861374 ], [ 80.919718667490528, 30.214195647548582 ], [ 80.902732666328248, 30.215380752614902 ], [ 80.867764003857175, 30.173865811952403 ], [ 80.874146335423191, 30.125582946213505 ], [ 80.844723448409766, 30.116226578814413 ], [ 80.83976575235792, 30.098711929029314 ], [ 80.82071343290437, 30.099692679008218 ], [ 80.805614033975928, 30.089989295735517 ], [ 80.779539964832068, 30.056805858565991 ], [ 80.761031754047792, 30.049516974934221 ], [ 80.746771429205438, 30.005780338007369 ], [ 80.718964967121025, 30.00057858244692 ], [ 80.674547926899521, 29.957214661778778 ], [ 80.648786205573231, 29.955734004529404 ], [ 80.629566900088165, 29.96542604297959 ], [ 80.60184825191601, 29.958126859877119 ], [ 80.574109874045305, 29.924037678545197 ], [ 80.572385476110739, 29.8948887303177 ], [ 80.553121658205015, 29.851335828222705 ], [ 80.506676995521474, 29.823020288929396 ], [ 80.49385650568783, 29.795804921909589 ], [ 80.443473299116974, 29.799258098772505 ], [ 80.435027862533488, 29.805973512156324 ], [ 80.428671989047572, 29.797847173522122 ], [ 80.406947461898127, 29.794740756516113 ], [ 80.397373364923666, 29.758908205260564 ], [ 80.365866127736325, 29.748415285546063 ], [ 80.365636213820807, 29.726377948929908 ], [ 80.375871657693949, 29.720045041032588 ], [ 80.384169818181562, 29.675090416085137 ], [ 80.390398504596277, 29.664505745958422 ], [ 80.415847974224747, 29.652577613729353 ], [ 80.420257912650655, 29.638333290421958 ], [ 80.405979431059734, 29.613296397493773 ], [ 80.407939033986821, 29.595971849201277 ], [ 80.388052748267924, 29.571464995593956 ], [ 80.379106259266734, 29.571576111446774 ], [ 80.378485564727896, 29.561053270684646 ], [ 80.363068119968034, 29.56393425777398 ], [ 80.363583950570501, 29.556361976970255 ], [ 80.342470422443, 29.552773478643935 ], [ 80.34152261896989, 29.54054397073044 ], [ 80.357881609538609, 29.532767396557976 ], [ 80.349669544486161, 29.519208445564121 ], [ 80.314222478820653, 29.499431466896539 ], [ 80.313061704556603, 29.484814837308985 ], [ 80.298732262437937, 29.490608359967926 ], [ 80.286935311242416, 29.476976717331311 ], [ 80.301784276039314, 29.452776101840424 ], [ 80.280831092698492, 29.451598808978876 ], [ 80.275672683367759, 29.458516969300256 ], [ 80.269068822761142, 29.455539041766841 ], [ 80.274367146493987, 29.450123280687293 ], [ 80.257310544936885, 29.4517380101294 ], [ 80.24224020830448, 29.442875798734754 ], [ 80.247634002290823, 29.435591243170641 ], [ 80.242151475415696, 29.41137605475074 ], [ 80.275116615427109, 29.393009354733937 ], [ 80.279158911136435, 29.378839441564178 ], [ 80.271373810846953, 29.364688756039673 ], [ 80.279956141696573, 29.359067861044242 ], [ 80.280057584848379, 29.347023456561992 ], [ 80.29576079358155, 29.32452638301482 ], [ 80.316881033920836, 29.315249076935842 ], [ 80.318392198756399, 29.302326225913884 ], [ 80.304162142647513, 29.284684171165704 ], [ 80.300189456491239, 29.241638588738489 ], [ 80.290574990126231, 29.231667411485276 ], [ 80.297375526084551, 29.204926384293906 ], [ 80.285950035445538, 29.195846100702038 ], [ 80.275669845589761, 29.206658644731437 ], [ 80.260390494346979, 29.20691326163282 ], [ 80.248797293634283, 29.22122846928589 ], [ 80.240537762500523, 29.202542955590044 ], [ 80.258734519290968, 29.1870251713875 ], [ 80.258249392206636, 29.164772672925992 ], [ 80.272052330838946, 29.141296249550155 ], [ 80.255342257097638, 29.137348507975112 ], [ 80.233043566344477, 29.118487490692274 ], [ 80.18319035950303, 29.137184706032656 ], [ 80.142867904126945, 29.099523068939895 ], [ 80.129415431524635, 29.062721412234314 ], [ 80.137184607379083, 29.060469303954068 ], [ 80.124504605072744, 29.01306948111435 ], [ 80.135418552768158, 29.00739605832073 ], [ 80.126687159971851, 29.006106364090986 ], [ 80.117924283021495, 28.981547486564494 ], [ 80.100547048484998, 28.986903822144203 ], [ 80.05846925090772, 28.916626086002598 ], [ 80.064775712561485, 28.837663517267419 ], [ 80.074819093033611, 28.824486808421931 ], [ 80.118051622806277, 28.828979795469195 ], [ 80.170686855488782, 28.782819240701151 ], [ 80.215985776316231, 28.755568199767001 ], [ 80.256580724853961, 28.754251754179005 ], [ 80.265573221072444, 28.743605636879344 ], [ 80.256519122883375, 28.729248434757274 ], [ 80.27915106974234, 28.709715577001926 ], [ 80.293481642839922, 28.711741507366927 ], [ 80.317121688093891, 28.700142949458627 ], [ 80.325726982577109, 28.666477572078126 ], [ 80.360274712472361, 28.645814996400762 ], [ 80.360995359857867, 28.635262673750589 ], [ 80.376353001972646, 28.628942800703612 ], [ 80.420816594688773, 28.639891670336016 ], [ 80.450844853677211, 28.629539615978786 ], [ 80.463695833229892, 28.61608312039148 ], [ 80.468677203482756, 28.583530202833902 ], [ 80.481443476395711, 28.585315276388659 ], [ 80.51762378652198, 28.551960218398076 ], [ 80.530595342443689, 28.572620823168037 ], [ 80.521536592778077, 28.576746922302124 ], [ 80.503378426713951, 28.665142920255693 ], [ 80.539529679934034, 28.690756397843749 ], [ 80.568657463190064, 28.688132541002311 ], [ 80.590519989533433, 28.680036672687518 ], [ 80.580244729631971, 28.661459241055102 ], [ 80.597425094780718, 28.656049119342736 ], [ 80.589448366773155, 28.648037153220308 ], [ 80.606197465127039, 28.652431131453284 ], [ 80.611612631830596, 28.639521193000288 ], [ 80.641417910999166, 28.643322938994533 ], [ 80.651297407322446, 28.63406590221355 ], [ 80.667625397929001, 28.642189319470031 ], [ 80.67974137950948, 28.621089291368257 ], [ 80.677466810175815, 28.6044459774687 ], [ 80.695787150894816, 28.603475742193762 ], [ 80.69044598920101, 28.587595881952769 ], [ 80.714532675017608, 28.568404815298752 ], [ 80.72440278933604, 28.575293441130153 ], [ 80.738462582359219, 28.566388120791618 ], [ 80.738300379856582, 28.574826590249053 ], [ 80.768600671170887, 28.565907156116342 ], [ 80.76971067445173, 28.549946944326212 ], [ 80.789600108765725, 28.543387783780549 ], [ 80.789133635198255, 28.524473685510241 ], [ 80.815445991454354, 28.520709063887683 ], [ 80.844537024632118, 28.495754243663644 ], [ 80.865948965910448, 28.489583844961022 ], [ 80.861521619032686, 28.504393560111268 ], [ 80.875434756695839, 28.510708191943699 ], [ 80.896093966359956, 28.507019408582806 ], [ 80.908740124637973, 28.498109520404533 ], [ 80.901493041541784, 28.486342625865674 ], [ 80.905555932027355, 28.466367481895002 ], [ 80.915414611690537, 28.457637138291584 ], [ 80.914148180277735, 28.46842769898598 ], [ 80.917216542318954, 28.46004498690953 ], [ 80.930517531116621, 28.457774740099484 ], [ 80.94256800844488, 28.468889685328232 ], [ 80.932021265088139, 28.458890642050793 ], [ 80.951429693788313, 28.455780850836238 ], [ 80.951726752279711, 28.44764013936302 ], [ 80.966994788343186, 28.457153548217697 ], [ 80.980167386327167, 28.45524161477806 ], [ 80.964643460663439, 28.444837669370376 ], [ 80.964969212243332, 28.437913673422013 ], [ 80.978834144511708, 28.434151868389137 ], [ 80.977645814426324, 28.442422243823398 ], [ 80.988948859302241, 28.441535876758401 ], [ 80.998887012918601, 28.453059490101317 ], [ 81.016757136881822, 28.451288828722479 ], [ 81.012609329550813, 28.437819736229653 ], [ 81.019283196765841, 28.431466974506577 ], [ 81.029424350771819, 28.438794610962997 ], [ 81.034203438388971, 28.428179151937847 ], [ 81.017531770321014, 28.415472578816452 ], [ 81.033833593003351, 28.398898343214388 ], [ 81.035673368756377, 28.413577398326943 ], [ 81.07973896558083, 28.385059639177374 ], [ 81.210596877310337, 28.360833482502468 ], [ 81.234482279417833, 28.324738610663104 ], [ 81.232638616654583, 28.289148120675421 ], [ 81.320943817567297, 28.197554298194753 ], [ 81.32134719975744, 28.168885643266972 ], [ 81.302004189969509, 28.164762648628162 ], [ 81.312059878259333, 28.155897946486746 ], [ 81.32038386980291, 28.16028390432847 ], [ 81.328059463662669, 28.148081641796004 ], [ 81.318257035604233, 28.145193031741112 ], [ 81.318030713153235, 28.133671633782861 ], [ 81.371076324105289, 28.143491564543762 ], [ 81.37758002794763, 28.156623945251955 ], [ 81.367018209063801, 28.163092504050816 ], [ 81.37351487640251, 28.177300688565083 ], [ 81.417686460955778, 28.173743786719484 ], [ 81.446683629169499, 28.161015652403716 ], [ 81.449933677273577, 28.140850605668398 ], [ 81.48400523359291, 28.118565954443895 ], [ 81.478276329378033, 28.082713155936478 ], [ 81.623983338855126, 28.001635003900422 ], [ 81.698440705134232, 27.988191072274862 ], [ 81.804940039756758, 27.903320383840885 ], [ 81.834093305522472, 27.897228813595891 ], [ 81.884958491480916, 27.856950569088404 ], [ 81.925849843638247, 27.859831323789155 ], [ 81.925228988300958, 27.875327843164431 ], [ 81.968324251006663, 27.929120749517608 ], [ 82.069960837909576, 27.923645806331937 ], [ 82.121382363998208, 27.865846257100863 ], [ 82.148469900767495, 27.858368700389828 ], [ 82.154007693795563, 27.866808020034981 ], [ 82.208306751911294, 27.843578789975915 ], [ 82.303457237459867, 27.772833231986848 ], [ 82.367715508397211, 27.742918926672942 ], [ 82.40172418893485, 27.703722995768327 ], [ 82.448670311871268, 27.6793150443252 ], [ 82.473308044944361, 27.676673483332948 ], [ 82.516608777508381, 27.690557878675563 ], [ 82.541282458464195, 27.685699366876747 ], [ 82.605193056233745, 27.706068274152837 ], [ 82.618869121306915, 27.702330718704214 ], [ 82.664317593662915, 27.722638658480012 ], [ 82.665800417549562, 27.715943347398781 ], [ 82.680894599062839, 27.713905978665064 ], [ 82.699126113468253, 27.721952489082575 ], [ 82.705088886880787, 27.716627083000212 ], [ 82.707652844890021, 27.722916395192073 ], [ 82.706075103213792, 27.701697434831431 ], [ 82.718339941026741, 27.687360744772135 ], [ 82.711500686781349, 27.66529009616464 ], [ 82.736601627147593, 27.643452761780544 ], [ 82.735115382476337, 27.609932885534352 ], [ 82.755766952867262, 27.587799175297899 ], [ 82.737765097255803, 27.54655575058657 ], [ 82.749647697423796, 27.522567716663424 ], [ 82.736787272085877, 27.51789132686655 ], [ 82.735546941223646, 27.502352061025547 ], [ 82.801440208860143, 27.496398495961817 ], [ 82.92929510020555, 27.50116947602741 ], [ 82.954092377666413, 27.467732540615167 ], [ 83.034574118430371, 27.448722978528121 ], [ 83.187947994634158, 27.454315506741416 ], [ 83.218830551457813, 27.416220183035954 ], [ 83.272151582282689, 27.383348635722061 ], [ 83.26537414380698, 27.3654017028467 ], [ 83.272427147682606, 27.3526281341268 ], [ 83.29162786971942, 27.334925137229746 ], [ 83.317587517750567, 27.330163629557159 ], [ 83.317839006504244, 27.33741579648796 ], [ 83.337168095998521, 27.33263283400445 ], [ 83.359233880547976, 27.343261565269298 ], [ 83.357892072397988, 27.350717768748826 ], [ 83.373762496233127, 27.357215104344874 ], [ 83.374636154559312, 27.369996789170539 ], [ 83.387682435041299, 27.375617943732028 ], [ 83.384509912444543, 27.390167281980741 ], [ 83.40934186038379, 27.412806039766359 ], [ 83.383910454079043, 27.436276604086114 ], [ 83.401739278895391, 27.457539052160065 ], [ 83.402424992596181, 27.466186038171603 ], [ 83.388263012616164, 27.470778401631591 ], [ 83.388175154686436, 27.479755197888064 ], [ 83.614264718343691, 27.469436886514213 ], [ 83.831783274415457, 27.370388454027751 ], [ 83.863781999657732, 27.346786410289265 ], [ 83.883261485995192, 27.378277897005038 ], [ 83.832583208006298, 27.425551065034469 ], [ 83.846983474200286, 27.445856260966057 ], [ 83.8783035231437, 27.435450701757478 ], [ 83.932450150630444, 27.450143838350545 ], [ 83.947078593398146, 27.440750529388357 ], [ 83.996686811695298, 27.446050363960694 ], [ 84.026927144956005, 27.433540743122698 ], [ 84.027415838352056, 27.43967569746399 ], [ 84.051562775971377, 27.442632328645555 ], [ 84.06115633045485, 27.452713337126614 ], [ 84.069692257031846, 27.480797621514757 ], [ 84.094837855345801, 27.48901912938604 ], [ 84.097696726669525, 27.517092734860224 ], [ 84.108708936582303, 27.521777462178864 ], [ 84.124188143212891, 27.510842435121528 ], [ 84.1458567520325, 27.518657642747744 ], [ 84.151372552505762, 27.516672936536079 ], [ 84.144561653582329, 27.496404147958152 ], [ 84.14912963081953, 27.485908316271054 ], [ 84.186896908319994, 27.470092694197213 ], [ 84.205424970075427, 27.470427069251034 ], [ 84.208927425909735, 27.442600133292213 ], [ 84.220713039468066, 27.441175384629364 ], [ 84.230833900531749, 27.456284787013828 ], [ 84.254260956130167, 27.454049739582203 ], [ 84.278339000153721, 27.415807595011515 ], [ 84.276914677253274, 27.395754714533361 ], [ 84.292382475279766, 27.384811537642189 ], [ 84.300494194921711, 27.390656353241756 ], [ 84.3331070282551, 27.377265387132695 ], [ 84.373605872328781, 27.376600486870654 ], [ 84.391884904019463, 27.367988168704571 ], [ 84.440442636914938, 27.370480256859608 ], [ 84.470341592401368, 27.35471079907197 ], [ 84.476356834613043, 27.362315804555767 ], [ 84.621893219881699, 27.336927321474768 ], [ 84.691144380168751, 27.214821957968585 ], [ 84.680260752410788, 27.200139811190851 ], [ 84.68571730539783, 27.181049157116188 ], [ 84.675650651373303, 27.171237485630908 ], [ 84.686777301263405, 27.158366796688632 ], [ 84.669769234782777, 27.10955472591889 ], [ 84.674490352318031, 27.095905722186547 ], [ 84.646159934369436, 27.075647074794141 ], [ 84.643394210255835, 27.046144456574712 ], [ 84.756740217411334, 27.002845982429211 ], [ 84.773420891988337, 27.017736106988231 ], [ 84.788993200913268, 27.008912262802763 ], [ 84.786184265139553, 26.998521426506919 ], [ 84.79356053316009, 26.99583820950172 ], [ 84.808059768545533, 27.007621412867756 ], [ 84.808535483980648, 27.018063559664586 ], [ 84.825401562747444, 27.020913233322069 ], [ 84.855047310104752, 27.00768753140574 ], [ 84.849619604716452, 26.997702993278516 ], [ 84.857775072312748, 26.99762493698341 ], [ 84.855708765699603, 26.986387191570323 ], [ 84.888014545885738, 26.977621427527698 ], [ 84.891575726386804, 26.969675133813567 ], [ 84.962579760304621, 26.960526490282245 ], [ 84.978508166798051, 26.940086018090145 ], [ 84.968063839468542, 26.916144624643856 ], [ 85.000062861154845, 26.9118772706979 ], [ 85.002268487485395, 26.903727292696317 ], [ 84.992835466434755, 26.90300280318607 ], [ 85.004956496547152, 26.894737450002648 ], [ 85.061197308065289, 26.886585235106804 ], [ 85.030858232886857, 26.874363931944085 ], [ 85.030808564136478, 26.858527335410511 ], [ 85.023970204613136, 26.854377241232957 ], [ 85.057507905633813, 26.849050413501125 ], [ 85.063313883503426, 26.858181345637654 ], [ 85.064125236478162, 26.849534739071217 ], [ 85.078216378908124, 26.858657637279649 ], [ 85.083880444522393, 26.85353254891486 ], [ 85.086464258892619, 26.866806108549177 ], [ 85.105384947309275, 26.87169605943037 ], [ 85.190842256107672, 26.869824423716477 ], [ 85.191213235167197, 26.830815858510217 ], [ 85.176735929454466, 26.809622457381241 ], [ 85.180580057710443, 26.795584133383969 ], [ 85.192924776413406, 26.790399462206732 ], [ 85.197260541844614, 26.769670034339462 ], [ 85.211031567826439, 26.758427859921547 ], [ 85.239994358412574, 26.761958264354465 ], [ 85.334510942391006, 26.741667864728043 ], [ 85.355386953262425, 26.760134283967208 ], [ 85.375109036828889, 26.760910533770101 ], [ 85.407737964378896, 26.791345850418566 ], [ 85.451913520384025, 26.7813772879569 ], [ 85.477900657761211, 26.792882839583505 ], [ 85.479183379223358, 26.80214696947295 ], [ 85.495643205682697, 26.797033170987806 ], [ 85.497698176455316, 26.811901041912016 ], [ 85.519712696846454, 26.814553572688133 ], [ 85.543288267317507, 26.838381976386469 ], [ 85.553647890702265, 26.834518177455365 ], [ 85.557825176249366, 26.844308099049936 ], [ 85.565983336994861, 26.841102213137567 ], [ 85.575557458223813, 26.86099253180215 ], [ 85.585664850846442, 26.847358759789149 ], [ 85.623892532896349, 26.873782852214994 ], [ 85.634554179761068, 26.872211649828174 ], [ 85.64242295093274, 26.853269060036563 ], [ 85.68103302064624, 26.843217486319947 ], [ 85.721130585485909, 26.820357618893073 ], [ 85.734479049347982, 26.795872483975835 ], [ 85.728723111232995, 26.749842496635864 ], [ 85.733980552637277, 26.737133101679156 ], [ 85.723319049502962, 26.699822721736112 ], [ 85.723628652967335, 26.674248954914212 ], [ 85.736709812336855, 26.66416406593272 ], [ 85.732247065548677, 26.653862482567654 ], [ 85.748597463731656, 26.638850113300361 ], [ 85.801768176765123, 26.624270403116753 ], [ 85.817739423016164, 26.602799653161355 ], [ 85.830618992351106, 26.601622762901378 ], [ 85.831195297538471, 26.611541330206418 ], [ 85.851265063255866, 26.608656611003273 ], [ 85.858084577921176, 26.589882949675147 ], [ 85.848591407475723, 26.576981589861045 ], [ 85.85141928243057, 26.568489998021931 ], [ 85.887847032603545, 26.583192570904917 ], [ 85.891992219548897, 26.594711756158855 ], [ 85.929103519381115, 26.616814981652198 ], [ 85.948179380983319, 26.613961942605197 ], [ 85.960122088325292, 26.6510108197593 ], [ 85.975812227469419, 26.658451431963833 ], [ 86.011616446223911, 26.655171310833385 ], [ 86.027580341560991, 26.666787167575869 ], [ 86.069801829159474, 26.657340017911434 ], [ 86.11957641365062, 26.630061644528766 ], [ 86.138764083166365, 26.628848747542129 ], [ 86.136330112277051, 26.606335758758668 ], [ 86.171444942322935, 26.617043465846823 ], [ 86.19224047941627, 26.614841246881976 ], [ 86.196299740708042, 26.593943272840672 ], [ 86.217676849811269, 26.588479744301655 ], [ 86.234364462975506, 26.590695279351955 ], [ 86.252687578590425, 26.617108072232348 ], [ 86.293044358593519, 26.613106066402562 ], [ 86.33289028645747, 26.619137362345079 ], [ 86.344836457703167, 26.61691314788181 ], [ 86.341497006567067, 26.605937054770163 ], [ 86.397103689241305, 26.593321615878878 ], [ 86.395219273506868, 26.585062376128036 ], [ 86.455938044782556, 26.567970910444895 ], [ 86.498634008141053, 26.542096226638069 ], [ 86.541549442499928, 26.538722615903325 ], [ 86.570250700269185, 26.496563167992552 ], [ 86.621089096669238, 26.484151504297301 ], [ 86.633449807180867, 26.464317933714078 ], [ 86.693225330340226, 26.451198194577465 ], [ 86.700310925094357, 26.437239829820175 ], [ 86.720267635138327, 26.43485677091169 ], [ 86.731397989680616, 26.42261630146108 ], [ 86.747221538525906, 26.428177493375387 ], [ 86.74396995789597, 26.435611092532735 ], [ 86.766496487456351, 26.459440809832905 ], [ 86.833769352671908, 26.439098156582968 ], [ 86.846888585338078, 26.441949083454542 ], [ 86.845860593751127, 26.44830349768128 ], [ 86.85591676713122, 26.448648241935402 ], [ 86.86141390240951, 26.457946207523154 ], [ 86.873371773313465, 26.454049730793386 ], [ 86.894230194273277, 26.461926945098032 ], [ 86.891676274039085, 26.486188943535389 ], [ 86.929994531422437, 26.489684053025876 ], [ 86.932159131693965, 26.51695402460664 ], [ 87.015359726971568, 26.532043791444934 ], [ 87.042469667724049, 26.568305773216693 ], [ 87.044674040006456, 26.587234063726893 ], [ 87.071822494230105, 26.585813881203961 ], [ 87.072819772417489, 26.541955012800493 ], [ 87.091650944614415, 26.450292234695205 ], [ 87.162561521403333, 26.403895243144419 ], [ 87.189201575888561, 26.405337515693795 ], [ 87.185794415136215, 26.414209280427457 ], [ 87.212422431298307, 26.413046744439679 ], [ 87.219125783017603, 26.402835264498663 ], [ 87.228824470932068, 26.413586456360321 ], [ 87.261051846160214, 26.409269902775566 ], [ 87.266015234836033, 26.373874991348071 ], [ 87.301592690066698, 26.366120449492922 ], [ 87.312533704001652, 26.371568713784836 ], [ 87.341092513221355, 26.347519142244721 ], [ 87.358405488570654, 26.361053974569014 ], [ 87.356388404245152, 26.387927023296314 ], [ 87.368892865863515, 26.40793764327605 ], [ 87.463771654157796, 26.439509226639274 ], [ 87.54770419133898, 26.418374845114641 ], [ 87.553013749402794, 26.405663091120584 ], [ 87.587963965867829, 26.39234808459641 ], [ 87.587243841301756, 26.381884407852127 ], [ 87.604771948788581, 26.380869866951411 ], [ 87.612290951022885, 26.390098918502911 ], [ 87.651867688830492, 26.393451302324337 ], [ 87.650202614738987, 26.405957266507112 ], [ 87.678127853866883, 26.415834709395824 ], [ 87.677557946480988, 26.435456082968091 ], [ 87.71107347348719, 26.427476241893874 ], [ 87.733939973161782, 26.407610607520436 ], [ 87.739316859956119, 26.417593104875621 ], [ 87.764759879680867, 26.409882129116362 ], [ 87.776170458286174, 26.421829923993982 ], [ 87.770467121920959, 26.427519096814191 ], [ 87.777908140507137, 26.435663555998961 ], [ 87.774014843862403, 26.450357260767834 ], [ 87.789514609336564, 26.469431262345818 ], [ 87.829731828873761, 26.45001983899218 ], [ 87.828327502471566, 26.440003688916992 ], [ 87.848828406524717, 26.436463471687606 ], [ 87.861425064935645, 26.448881868456617 ], [ 87.858432721927016, 26.463902419010019 ], [ 87.88598018803691, 26.476413345898749 ], [ 87.888293705626396, 26.486759747806001 ], [ 87.909808316256857, 26.457563202530437 ], [ 87.898739385818715, 26.44870958206311 ], [ 87.925142724345108, 26.44483864360426 ], [ 87.915990116901966, 26.431832934622108 ], [ 87.925826702500743, 26.428063338356363 ], [ 87.926941960925987, 26.417801190105401 ], [ 87.965980050024598, 26.397194004584247 ], [ 87.991919614420951, 26.392562866062171 ], [ 87.99263774832032, 26.369388247072902 ], [ 88.006740116098086, 26.360960852902558 ], [ 88.030707849699695, 26.364905649992842 ], [ 88.027417306440896, 26.381603774781205 ], [ 88.034637576622444, 26.391936007137552 ], [ 88.055760185819139, 26.400421775599682 ], [ 88.060054944055949, 26.409495907014335 ], [ 88.071402758270679, 26.408067651456147 ], [ 88.09557339704044, 26.438849494417685 ], [ 88.092188949291767, 26.463263183784569 ], [ 88.103064677265138, 26.465561303597095 ], [ 88.097874261859118, 26.472495310929048 ], [ 88.107079555493684, 26.47569508458924 ], [ 88.10027100925798, 26.480209281889238 ], [ 88.105549330204397, 26.489079146738415 ], [ 88.098616415810881, 26.505892582213225 ], [ 88.090279801140909, 26.507235201002938 ], [ 88.103026764766867, 26.518215205159187 ], [ 88.103715599214937, 26.536023762131236 ], [ 88.098021773313633, 26.537838400104992 ], [ 88.111601428495518, 26.5450527810194 ], [ 88.105650723948855, 26.561088670725603 ], [ 88.1136459303018, 26.558665719583843 ], [ 88.112668425830449, 26.571741074269273 ], [ 88.130532401723869, 26.573863903307366 ], [ 88.130026557692446, 26.601131270900602 ], [ 88.139324473022683, 26.606637742565844 ], [ 88.142208457648465, 26.625648439498857 ], [ 88.160398707941297, 26.636359038394424 ], [ 88.167178063421844, 26.699229339630051 ], [ 88.181748113899459, 26.719509943459858 ], [ 88.187235789917779, 26.748233053572285 ], [ 88.179094204885899, 26.816160062624327 ], [ 88.167822609129757, 26.837623943740187 ], [ 88.174084873671518, 26.865299417398951 ], [ 88.136480100507626, 26.898549656268465 ], [ 88.144842596539263, 26.922521689997218 ], [ 88.120315151430205, 26.950680918524647 ], [ 88.134658040430324, 26.986025462704234 ], [ 88.117242140607345, 26.987519898106594 ], [ 88.092257496137819, 27.004565343303724 ], [ 88.07777012031076, 27.035403679960432 ], [ 88.059586040545625, 27.029406719158676 ], [ 88.037874125742775, 27.036319865381468 ], [ 88.016147474975995, 27.0736575265549 ], [ 88.02110027880282, 27.087785168636962 ], [ 88.002732856481444, 27.104577515415532 ], [ 87.991350740995898, 27.10507637921706 ], [ 87.986988139293913, 27.119034310549431 ], [ 88.019404309852064, 27.171178438027237 ], [ 88.012576913368434, 27.177928728600161 ], [ 88.012481835678784, 27.216074387472737 ], [ 88.031019069233238, 27.249876670467991 ], [ 88.032104482031471, 27.286350862559431 ], [ 88.044512739472808, 27.293046644921333 ], [ 88.04158378428555, 27.304043716246923 ], [ 88.067062011681202, 27.335734362202384 ], [ 88.041712893751452, 27.372729361369235 ], [ 88.046913102590651, 27.405942738474771 ], [ 88.075192728894805, 27.433216405827515 ], [ 88.067938662295617, 27.438372559595305 ], [ 88.066988007569776, 27.457863559482881 ], [ 88.044268636667397, 27.478190210217594 ], [ 88.044249835826804, 27.495946192679735 ], [ 88.061964030223024, 27.512159474730694 ], [ 88.058499312613804, 27.520391952633481 ], [ 88.066345305204806, 27.527344097399649 ], [ 88.058798195583549, 27.534905847683373 ], [ 88.081188865736976, 27.565124240003733 ], [ 88.075523214596231, 27.571651071563423 ], [ 88.081807236334157, 27.584029429077564 ], [ 88.1139720924118, 27.610271914672552 ], [ 88.120380088845451, 27.645248854325686 ], [ 88.144659065336796, 27.664946085028927 ], [ 88.154329809357733, 27.691872610734904 ], [ 88.147755537459929, 27.70287524357953 ], [ 88.156390362261504, 27.736189882497087 ], [ 88.178550819360424, 27.746225919504937 ], [ 88.182309165693312, 27.775707712071334 ], [ 88.197267942347182, 27.791350722755986 ], [ 88.173582295016132, 27.820235798736352 ], [ 88.202346163564087, 27.837150217768109 ], [ 88.196557552823862, 27.853745042192269 ], [ 88.133341800129955, 27.882074241426629 ], [ 88.138197560753241, 27.889592012620387 ], [ 88.120270945335079, 27.915766797442014 ], [ 88.138636823452472, 27.93793107879269 ], [ 88.132596454463993, 27.949150008176105 ], [ 88.145968724579419, 27.96435383689618 ], [ 88.184623249221403, 27.943035703717364 ], [ 88.2069371224012, 27.941108570416425 ], [ 88.209777708517308, 27.962264132428238 ], [ 88.225147385361893, 27.960608298008768 ], [ 88.237229267792515, 27.970718008449985 ], [ 88.250076383691166, 27.941101908951467 ], [ 88.265231355098052, 27.95671913565106 ], [ 88.276380470955075, 27.955621904828948 ], [ 88.287615441498744, 27.96749024133802 ], [ 88.306801710540952, 27.966485877830412 ], [ 88.315278070729775, 27.977551931706749 ], [ 88.330539165511055, 27.972799257745173 ], [ 88.331802050375146, 27.98158051482978 ], [ 88.347381614992628, 27.988835396606184 ], [ 88.374396960450724, 27.989440231835538 ], [ 88.396885318798041, 27.977745366926424 ], [ 88.407826341716131, 27.982067932846853 ], [ 88.414404620100115, 27.999694579752944 ], [ 88.468199394558084, 28.016525989114029 ], [ 88.479903617158428, 28.043525395408029 ], [ 88.494676514413712, 28.054393314620047 ], [ 88.508011017557962, 28.042246507874395 ], [ 88.519358422140911, 28.044014396338007 ], [ 88.521766264631836, 28.036301217199867 ], [ 88.547884295529045, 28.035801193970055 ], [ 88.551201369631414, 28.082369792531882 ], [ 88.565988365046778, 28.09141934321708 ], [ 88.583610408464509, 28.084128567816098 ], [ 88.6183768889112, 28.09967484137298 ], [ 88.608812086805017, 28.129395451211924 ], [ 88.631945013318173, 28.122366774310464 ], [ 88.670225478577493, 28.074325231544616 ], [ 88.757172354017086, 28.078492032438611 ], [ 88.777619759801823, 28.057099261996356 ], [ 88.794589087334117, 28.051631160462456 ], [ 88.816263713967814, 28.024277124866256 ], [ 88.837356353570016, 28.017668849345643 ], [ 88.843499364961161, 27.992654956760276 ], [ 88.83630384336567, 27.92915162470889 ], [ 88.860243418376399, 27.928456917675511 ], [ 88.866969945731711, 27.91962215417454 ], [ 88.887071642964173, 27.856499397197453 ], [ 88.880123086206623, 27.829904982089438 ], [ 88.856367641574622, 27.815923249945168 ], [ 88.853789686016697, 27.755670116833958 ], [ 88.868245732199881, 27.742223190055167 ], [ 88.855126380956065, 27.715006395994585 ], [ 88.838633124591738, 27.704684063808898 ], [ 88.847357179948801, 27.697020427758616 ], [ 88.841545830153834, 27.68117341049502 ], [ 88.851944861731766, 27.671701823886753 ], [ 88.830083462774056, 27.644863518973239 ], [ 88.813752095400346, 27.640098772911809 ], [ 88.805724074488353, 27.623409365722743 ], [ 88.810399949272636, 27.599263226965785 ], [ 88.790497878357556, 27.584626855992564 ], [ 88.793072485894442, 27.575057580325915 ], [ 88.766141258679554, 27.566379268439778 ], [ 88.778859093534081, 27.531716760904882 ], [ 88.794464298764723, 27.524635090287987 ], [ 88.776765850937124, 27.467452402291901 ], [ 88.782263184743087, 27.449898778197003 ], [ 88.794576244120492, 27.445677373945802 ], [ 88.795039621195201, 27.428296189703868 ], [ 88.809001957789818, 27.423660005752744 ], [ 88.805636863345612, 27.40649208214041 ], [ 88.837613559202154, 27.378132198750929 ], [ 88.860452114983204, 27.387135578621621 ], [ 88.865393914447793, 27.36532199346345 ], [ 88.881071676603923, 27.359617725534829 ], [ 88.88212907993163, 27.344021847476625 ], [ 88.906136926903912, 27.32723704054882 ], [ 88.915916026612692, 27.329791281955675 ], [ 88.919260289125475, 27.320618820465299 ], [ 88.903289241402106, 27.272586115872315 ], [ 88.879108812792381, 27.261138593163558 ], [ 88.83142830902635, 27.26218486588618 ], [ 88.803096081870763, 27.247836203667223 ], [ 88.803268080501581, 27.219997891078513 ], [ 88.787958176657668, 27.184114690385567 ], [ 88.764608138120124, 27.177017489459189 ], [ 88.757191022805301, 27.165386997837505 ], [ 88.760399936154215, 27.152701500996546 ], [ 88.746059163584889, 27.144259941483881 ], [ 88.773740477773813, 27.13526653432746 ], [ 88.802033265295165, 27.139495191546295 ], [ 88.842479076427736, 27.111152666950318 ], [ 88.870046637850564, 27.109812157216794 ], [ 88.881171879182304, 27.061996600735203 ], [ 88.870280124365948, 26.995745668841337 ], [ 88.877138652864062, 26.944365020119733 ], [ 88.921683757810769, 26.993927223373603 ], [ 88.95247525780394, 26.968406932564577 ], [ 88.953611571841094, 26.94733950032904 ], [ 88.943923825406799, 26.934147335303035 ], [ 88.980346215332503, 26.917185932891037 ], [ 89.021572487275492, 26.940685878007184 ], [ 89.02998645856951, 26.923121838773824 ], [ 89.050895955041454, 26.915969936647805 ], [ 89.048858479857344, 26.899114494896825 ], [ 89.069446514204856, 26.903688096210267 ], [ 89.095698829762284, 26.891673138850013 ], [ 89.092510150965168, 26.872597748715513 ], [ 89.106249037921103, 26.860352446287127 ], [ 89.100694020595782, 26.842526200802233 ], [ 89.134483491542838, 26.807638870590043 ], [ 89.176295377914514, 26.819140573055229 ], [ 89.193514726353314, 26.810782570735793 ], [ 89.228983739657863, 26.818280278256122 ], [ 89.26239531002615, 26.813777867695464 ], [ 89.274647569628485, 26.828661713958159 ], [ 89.318495327691465, 26.851319977283726 ], [ 89.326809785414952, 26.843229539543149 ], [ 89.378981770380136, 26.86217825377339 ], [ 89.38977078308082, 26.841854038715098 ], [ 89.439479193176552, 26.840335174985512 ], [ 89.450350213079489, 26.830809977931935 ], [ 89.450067302155503, 26.817986614878905 ], [ 89.469526332057285, 26.802692950704412 ], [ 89.494634739220146, 26.803170162859431 ], [ 89.51221835181174, 26.814319322521175 ], [ 89.56016942454805, 26.812860141786093 ], [ 89.565900989572796, 26.79935341328569 ], [ 89.613960507828509, 26.786045842455035 ], [ 89.62091545609934, 26.777506332317675 ], [ 89.631823289860932, 26.783055413085169 ], [ 89.649868913189678, 26.776738546226962 ], [ 89.653267816627917, 26.766880612152551 ], [ 89.643887718025582, 26.760340630130507 ], [ 89.643522401047321, 26.748541202065354 ], [ 89.617448495396872, 26.729306881510126 ], [ 89.62377905076481, 26.718448895067667 ], [ 89.635132852250905, 26.725007240858474 ], [ 89.65787419055529, 26.71865293536354 ], [ 89.671755497314692, 26.73980957387154 ], [ 89.689900334176627, 26.733079796383091 ], [ 89.700274983681126, 26.73734346482534 ], [ 89.724083878970845, 26.722288370491906 ], [ 89.752804682284037, 26.735312987848879 ], [ 89.758678032003317, 26.728829025183273 ], [ 89.75484361543387, 26.717487443490064 ], [ 89.771371670735661, 26.701004256269801 ], [ 89.812348507473743, 26.710629546772545 ], [ 89.863093830325496, 26.700570312484501 ], [ 89.862916558583976, 26.73706686565993 ], [ 89.898419273084698, 26.724274950241202 ], [ 90.049565077652247, 26.730368387080503 ], [ 90.194522937098142, 26.773271324158873 ], [ 90.187669044805219, 26.806811851179113 ], [ 90.200769541309526, 26.835290141404265 ], [ 90.225199226359507, 26.854756564750701 ], [ 90.248780685287258, 26.859039409167583 ], [ 90.300298402976495, 26.848220344544568 ], [ 90.347786299860786, 26.87529480539434 ], [ 90.357242863958362, 26.900708797406622 ], [ 90.417484091727331, 26.904529489065883 ], [ 90.546612919011423, 26.816639769929349 ], [ 90.634443208481215, 26.793810311884428 ], [ 90.646574208096595, 26.776580411755617 ], [ 90.675978766783274, 26.784094673826896 ], [ 90.693257658254026, 26.770639824603098 ], [ 90.717277572295572, 26.768268435803332 ], [ 90.956498564147324, 26.787770252973296 ], [ 90.956923419666012, 26.78162097377778 ], [ 90.991874474259191, 26.790642246578276 ], [ 91.05406044592209, 26.780985422352799 ], [ 91.097562745164481, 26.821992866570838 ], [ 91.145854386293038, 26.810873366971542 ], [ 91.23688719220857, 26.81200260941257 ], [ 91.296628544352814, 26.786967525475621 ], [ 91.337247927066258, 26.780860894268777 ], [ 91.376005842407565, 26.795227675535141 ], [ 91.407647187287068, 26.839602548310303 ], [ 91.445554842720341, 26.812224573738533 ], [ 91.49510696841449, 26.79120585169661 ], [ 91.592423518488559, 26.80519141238479 ], [ 91.625524308599438, 26.820865820841366 ], [ 91.689796701951366, 26.806451479858818 ], [ 91.720622987407268, 26.811742267747942 ], [ 91.824146740686032, 26.864043439981454 ], [ 91.859111853015094, 26.913338816941089 ], [ 91.891736352769087, 26.919062669667195 ], [ 91.964205305353332, 26.882526584833396 ], [ 91.983501448236211, 26.85819159008398 ], [ 92.056724718859485, 26.84738502456181 ], [ 92.102651835158412, 26.867168376172881 ], [ 92.101918418221132, 26.881057859655105 ], [ 92.116747220331476, 26.897488089308961 ], [ 92.113549749722665, 26.950494817180147 ], [ 92.120983322173473, 26.960360197377319 ], [ 92.118113915408117, 26.974372912869448 ], [ 92.104757536490055, 26.979910599413262 ], [ 92.10354610173556, 27.003977259428353 ], [ 92.078415455879536, 27.017361367154294 ], [ 92.081745684910928, 27.040815557037025 ], [ 92.04412406923376, 27.05136236656362 ], [ 92.030517254387547, 27.080957317708805 ], [ 92.023133619283385, 27.109551907245972 ], [ 92.03564079201729, 27.139616425127713 ], [ 92.026721870515516, 27.168278947682666 ], [ 92.058378358295755, 27.190309441479922 ], [ 92.072571269965948, 27.233105964451788 ], [ 92.059202258040045, 27.251796891520513 ], [ 92.037747878551073, 27.257443815186448 ], [ 92.045273283976769, 27.269046860880803 ], [ 92.073792452339589, 27.2784813348011 ], [ 92.086901134292788, 27.269273821660938 ], [ 92.119949443926473, 27.271796579526743 ], [ 92.122815600587117, 27.2873560775495 ], [ 92.064583827751974, 27.326979343476808 ], [ 92.048241209877631, 27.363132394240814 ], [ 92.058469869673758, 27.399707441690875 ], [ 92.043693778907638, 27.414811242667465 ], [ 92.042535280076194, 27.435229013235233 ], [ 92.022166464302387, 27.448020464640113 ], [ 92.016309785518175, 27.4807721078149 ], [ 91.953369980008191, 27.46003229662108 ], [ 91.923118690894299, 27.474044710271929 ], [ 91.87159623279527, 27.470801862113998 ], [ 91.864379222599894, 27.482886139362879 ], [ 91.848604746023611, 27.486456276893552 ], [ 91.825253921460217, 27.46785276261798 ], [ 91.798152319768548, 27.474290403772034 ], [ 91.766971759425815, 27.464755424863782 ], [ 91.762981299203332, 27.474979669975646 ], [ 91.732742027751286, 27.469352598273968 ], [ 91.714623180048818, 27.474539334136864 ], [ 91.713562679330025, 27.49348046051502 ], [ 91.695059156853233, 27.50532765232056 ], [ 91.652452144674157, 27.483041258696989 ], [ 91.644960378460908, 27.502004983877399 ], [ 91.624030751641769, 27.514148381390683 ], [ 91.612292782031162, 27.543692492442592 ], [ 91.595080073040606, 27.541214228433201 ], [ 91.582150606783244, 27.556764834814661 ], [ 91.583425155372979, 27.5654541661727 ], [ 91.566032367405626, 27.583897660853935 ], [ 91.584374253318416, 27.608222526292469 ], [ 91.562177771979947, 27.631853359270842 ], [ 91.573073664436492, 27.660691112983677 ], [ 91.59377834232869, 27.670053556058932 ], [ 91.607220447474319, 27.690812460185175 ], [ 91.628547685706209, 27.699426984490731 ], [ 91.626847090431738, 27.71580356287328 ], [ 91.637383101615754, 27.730440962814836 ], [ 91.634628112369825, 27.744997032957261 ], [ 91.645067632814261, 27.769448981369766 ], [ 91.635075502127407, 27.802944902729315 ], [ 91.614644585818013, 27.821849996694354 ], [ 91.581027336283967, 27.811992736057732 ], [ 91.566666871745312, 27.817936718721899 ], [ 91.556270377009739, 27.856206107577059 ], [ 91.56988803182648, 27.848014158223016 ], [ 91.576421671127335, 27.86436562863733 ], [ 91.60733385618569, 27.851995968677883 ], [ 91.667962845340256, 27.852746971920268 ], [ 91.698760845542807, 27.814650730337345 ], [ 91.733718845011467, 27.800103479404601 ], [ 91.81273010294413, 27.799355715543761 ], [ 91.8235353446087, 27.808290471940598 ], [ 91.830191593166063, 27.786003965836006 ], [ 91.845857343050255, 27.776858708740761 ], [ 91.851600084913741, 27.753398216293562 ], [ 91.873726848901299, 27.724276977415819 ], [ 91.902963584326599, 27.729716731984023 ], [ 91.923726832375323, 27.717254724684764 ], [ 91.98975708680446, 27.768995470625004 ], [ 92.049187090956053, 27.758238976611047 ], [ 92.151328591235782, 27.831577470879456 ], [ 92.22121409865737, 27.864041475273588 ], [ 92.245791580826051, 27.867970716988882 ], [ 92.267925822390055, 27.863704226727172 ], [ 92.277511091711688, 27.852756464754894 ], [ 92.287910086458723, 27.812589466240958 ], [ 92.310365324819827, 27.778405223807557 ], [ 92.382457336225997, 27.794640716954355 ], [ 92.388603843860253, 27.81529848435056 ], [ 92.415653582217317, 27.819371726568935 ], [ 92.441419097129057, 27.806411470148625 ], [ 92.456014584302224, 27.808906463710461 ], [ 92.499851589531289, 27.845538975691525 ], [ 92.52052707666833, 27.843173983913594 ], [ 92.535980083035341, 27.825546969129096 ], [ 92.555663334228683, 27.817423724632338 ], [ 92.616464598695217, 27.887669211496728 ], [ 92.66838707928521, 27.902107472142514 ], [ 92.738245835775928, 27.987617984097316 ], [ 92.740427583089613, 27.996918473378386 ], [ 92.708580331770591, 28.040384465086969 ], [ 92.663017086162327, 28.068079477975015 ], [ 92.687258832875074, 28.129134970379273 ], [ 92.759872595679724, 28.169468961122071 ], [ 92.813740095048146, 28.210445714718329 ], [ 92.820104577089467, 28.183965212206928 ], [ 92.833507830099038, 28.175788217748881 ], [ 92.897672080663781, 28.208451223584753 ], [ 92.921077576695367, 28.239124975957772 ], [ 92.9636998494545, 28.261253718074027 ], [ 92.999578589750016, 28.235596970829885 ], [ 93.029825576832025, 28.269061478757489 ], [ 93.023494097995965, 28.29807196192473 ], [ 93.028795071758921, 28.309778207848954 ], [ 93.094889338338561, 28.307946228351042 ], [ 93.131332587145124, 28.330181227392469 ], [ 93.175621577014425, 28.319899725549082 ], [ 93.221535085633434, 28.327503719452217 ], [ 93.228962598049321, 28.406227225613147 ], [ 93.188596087495085, 28.431940982075467 ], [ 93.184717588798037, 28.441517965960017 ], [ 93.279663335716933, 28.506574973348243 ], [ 93.294004574511874, 28.551530234262653 ], [ 93.307921584812249, 28.569596467590809 ], [ 93.302722339865326, 28.59346673341074 ], [ 93.331017096493795, 28.608405218482918 ], [ 93.338970848291353, 28.638023710319551 ], [ 93.419710572628503, 28.652751207583531 ], [ 93.451309581705303, 28.674000717895098 ], [ 93.475637587346512, 28.652114213908852 ], [ 93.483405833444678, 28.677175456475407 ], [ 93.494851581991668, 28.683416963553068 ], [ 93.52160533175082, 28.673816730543042 ], [ 93.530171329431937, 28.658667217502099 ], [ 93.575640583413701, 28.654556974475149 ], [ 93.641772086958483, 28.657438716949557 ], [ 93.734443838567188, 28.685772707404034 ], [ 93.777101346845058, 28.666101463902031 ], [ 93.843735093973606, 28.707443211577409 ], [ 93.902945337867394, 28.676200461766207 ], [ 93.930067584640909, 28.670103474017125 ], [ 93.96305407491171, 28.712415464154287 ], [ 93.969742351103903, 28.749935219139559 ], [ 93.996150821705513, 28.7723802136016 ], [ 93.996008581565107, 28.79162497287912 ], [ 93.98604559581932, 28.804879718577993 ], [ 93.99566009272705, 28.81990171589749 ], [ 93.996219084683958, 28.842929232932519 ], [ 94.028182587882213, 28.853943218055448 ], [ 94.045376586762004, 28.87790997089904 ], [ 94.151089842510302, 28.959189961216204 ], [ 94.167420828100035, 29.001485723588274 ], [ 94.218129333499888, 29.081566716783602 ], [ 94.296443578722148, 29.147409969019133 ], [ 94.337724331690467, 29.146989210355031 ], [ 94.365913581188835, 29.155855476206987 ], [ 94.378853596362575, 29.188747724180374 ], [ 94.433459084194808, 29.225482216743355 ], [ 94.471818090057738, 29.21900595846023 ], [ 94.547569588199792, 29.221961977999388 ], [ 94.575106087676716, 29.250237981890653 ], [ 94.581528088845644, 29.275455968029792 ], [ 94.611982569690326, 29.300446730660333 ], [ 94.633968337704147, 29.345850722228235 ], [ 94.688340331834439, 29.324241953927441 ], [ 94.750495085244594, 29.270457969295482 ], [ 94.798952332592393, 29.216204208325923 ], [ 94.794136832663497, 29.189791725811954 ], [ 94.804958079611509, 29.166778961115682 ], [ 94.848192323369759, 29.177445972407742 ], [ 94.908265093666728, 29.177885479576517 ], [ 94.918912835509161, 29.158547718952896 ], [ 94.964416324286404, 29.159537726946954 ], [ 95.023887334734113, 29.130581710794427 ], [ 95.014930083017504, 29.146493974077103 ], [ 94.982080824779416, 29.169755973194121 ], [ 94.99010407923052, 29.171886970549416 ], [ 95.039941827862535, 29.150220725311804 ], [ 95.094637073561316, 29.141527728221405 ], [ 95.124476088062096, 29.114624723057858 ], [ 95.188383837273889, 29.10453345831284 ], [ 95.248432333295241, 29.10854771829041 ], [ 95.24720082658402, 29.069634710007222 ], [ 95.262306824536566, 29.053345977659536 ], [ 95.299059077631199, 29.060055460142685 ], [ 95.363019575916454, 29.038084966014473 ], [ 95.415980331108457, 29.032095715539146 ], [ 95.433891325722172, 29.039314215892741 ], [ 95.447326081750447, 29.031328217473249 ], [ 95.487853823728528, 29.080504477271884 ], [ 95.494307577647803, 29.139859479728308 ], [ 95.541701811688966, 29.129358206789476 ], [ 95.544978833506107, 29.175744234598724 ], [ 95.533513834960871, 29.211859474935888 ], [ 95.584596828239739, 29.215247213544902 ], [ 95.592519078815215, 29.257438731958786 ], [ 95.631694328081309, 29.24722596593632 ], [ 95.683123820429884, 29.279553468132498 ], [ 95.697627845632439, 29.300940218776706 ], [ 95.718047833038071, 29.300116210948385 ], [ 95.730156580485556, 29.307971460050272 ], [ 95.779239075034042, 29.358294213640704 ], [ 95.798430337810913, 29.339099472966083 ], [ 95.825099077299754, 29.357996715849964 ], [ 95.842628827805228, 29.354690709925297 ], [ 95.872838079357095, 29.393088966409842 ], [ 95.954639836938881, 29.38397971361492 ], [ 95.980696830007489, 29.409107472352531 ], [ 96.011864336032502, 29.416609723025434 ], [ 96.047964074464318, 29.454353726589613 ], [ 96.085377328606256, 29.459277478032316 ], [ 96.103099833317145, 29.446806214090596 ], [ 96.126730087832826, 29.410704726468268 ], [ 96.149703585840896, 29.399218226388712 ], [ 96.182195837415392, 29.349004226607541 ], [ 96.185806834888865, 29.304696960762623 ], [ 96.227186591184676, 29.245905461211951 ], [ 96.30125532561064, 29.242158960341772 ], [ 96.372950076845342, 29.283488221354379 ], [ 96.395382321928437, 29.246639713324843 ], [ 96.351445079985041, 29.172159222545808 ], [ 96.244239579717672, 29.15244772461033 ], [ 96.22169957183479, 29.136255465346672 ], [ 96.184873830261736, 29.089266719970389 ], [ 96.121697332149097, 29.070851224147891 ], [ 96.154080576757124, 29.038468228437456 ], [ 96.177257325784751, 28.992115727011591 ], [ 96.177575572838762, 28.96354196315589 ], [ 96.15154308221787, 28.952746962732018 ], [ 96.143289575186415, 28.928935218894686 ], [ 96.166466082567254, 28.892107474766416 ], [ 96.235991819209133, 28.926714962742157 ], [ 96.282658840976652, 28.981640968201212 ], [ 96.34582008839071, 29.021426963350802 ], [ 96.442267325289563, 29.029918977914253 ], [ 96.522180827737387, 29.06677097983567 ], [ 96.473106069480139, 28.977283469537145 ], [ 96.488448068332531, 28.952191720007001 ], [ 96.518737083095104, 28.958024976773942 ], [ 96.517094321358641, 28.939986724941065 ], [ 96.535529332023657, 28.904646717466676 ], [ 96.533272319363903, 28.875119225048998 ], [ 96.613606823557816, 28.766450710914114 ], [ 96.603078563936393, 28.730574211738233 ], [ 96.586277578891696, 28.708808723238761 ], [ 96.466974576287569, 28.67090672207673 ], [ 96.486895315990893, 28.631865476044528 ], [ 96.481801070625949, 28.619070475229211 ], [ 96.421505577427325, 28.573378461299868 ], [ 96.398506818793464, 28.569499973078013 ], [ 96.39398658881025, 28.546990208859654 ], [ 96.340915584281746, 28.540358716704613 ], [ 96.318496576772688, 28.51859996488551 ], [ 96.355156824415928, 28.486140228262983 ], [ 96.356855829672341, 28.468697226471399 ], [ 96.251966334429468, 28.39394896636826 ], [ 96.289417832547997, 28.388747480435072 ], [ 96.301567072455256, 28.368869708128646 ], [ 96.361790825296978, 28.374362455499551 ], [ 96.366705077025074, 28.351008708065557 ], [ 96.391453567881129, 28.326555723422651 ], [ 96.415725335392338, 28.333428232646732 ], [ 96.422480844195348, 28.370536726204229 ], [ 96.456674574088225, 28.40575122866024 ], [ 96.500305327026368, 28.401898480674493 ], [ 96.569847836112885, 28.445785972518607 ], [ 96.650429323111041, 28.44999871158284 ], [ 96.683358822463589, 28.429402216863544 ], [ 96.739143837789726, 28.409514969775277 ], [ 96.769962074340654, 28.360959712404586 ], [ 96.836903327367395, 28.356720972705403 ], [ 96.887818813591863, 28.378242728960391 ], [ 96.918053563823079, 28.342773713737795 ], [ 96.990010563831959, 28.304459221543205 ], [ 97.025820568635211, 28.321162719411795 ], [ 97.048616309811507, 28.341572457436005 ], [ 97.079070584941931, 28.351628973108131 ], [ 97.113468564781002, 28.344515973398952 ], [ 97.137670062477383, 28.332646718441616 ], [ 97.172775070343974, 28.286247467740861 ], [ 97.216891579187148, 28.289487971398263 ], [ 97.247856072246165, 28.265565975280342 ], [ 97.289985588529248, 28.265598971566366 ], [ 97.375149068279683, 28.220472462040853 ], [ 97.395934064541422, 28.190007229847595 ], [ 97.393821070686315, 28.184793730640365 ], [ 97.35801133897094, 28.189134960672281 ], [ 97.326125822115756, 28.150017473726287 ], [ 97.342986085189409, 28.114539968335848 ], [ 97.309784063030818, 28.085637724201746 ], [ 97.306987335361825, 28.074370467805025 ], [ 97.323266562719837, 28.056791980259234 ], [ 97.374293811942067, 28.062764219684862 ], [ 97.369798079016618, 28.045964721007337 ], [ 97.375213826930164, 28.035292484516976 ], [ 97.407419577912805, 28.018673714659343 ], [ 97.401141084407115, 28.006700726274705 ], [ 97.384414573292759, 28.00009946089429 ], [ 97.385887565118651, 27.987073180544769 ], [ 97.364058043777121, 27.968118940359126 ], [ 97.377955037816307, 27.94994579739566 ], [ 97.369897915082376, 27.939475397686142 ], [ 97.371831403085821, 27.911046078805182 ], [ 97.382180136194378, 27.893137101012158 ], [ 97.361794226379047, 27.873611420079698 ], [ 97.322067869669297, 27.888537083434478 ], [ 97.301936861307425, 27.916235765877861 ], [ 97.248526966439698, 27.899133891642322 ], [ 97.230374046536824, 27.875648819006777 ], [ 97.185805719241699, 27.841798081272998 ], [ 97.185079460978884, 27.830804662348655 ], [ 97.170395575090154, 27.829517170809073 ], [ 97.169325004257047, 27.815219489894247 ], [ 97.140894063929821, 27.804668382206213 ], [ 97.116417428431561, 27.784783565619794 ], [ 97.089297474158627, 27.733932227197542 ], [ 97.065017973949438, 27.749034474543201 ], [ 97.048315532294808, 27.739719513409149 ], [ 97.031966906487838, 27.748529056911192 ], [ 96.98710863984995, 27.686045368147258 ], [ 96.984526156782948, 27.665809715356666 ], [ 96.93419478659726, 27.660233518416455 ], [ 96.921465661716212, 27.632125033266405 ], [ 96.889727447906381, 27.60666703188128 ], [ 96.891196810538517, 27.579697076518386 ], [ 96.909912026401912, 27.577813170031373 ], [ 96.908304078874281, 27.542916233875367 ], [ 96.918958966814799, 27.537985966082395 ], [ 96.92992221405305, 27.515485698947359 ], [ 96.910634094023933, 27.486496266798472 ], [ 96.902999769666664, 27.452738140677926 ], [ 96.932743331880289, 27.430428236690148 ], [ 96.934371163616774, 27.415825138339077 ], [ 96.960519841438199, 27.404054702590962 ], [ 96.967588912581007, 27.38065067537784 ], [ 96.962235133150713, 27.372954259334556 ], [ 96.981063009428851, 27.34536245075363 ], [ 96.990604716747399, 27.343748784327179 ], [ 96.998473644225939, 27.318752737906756 ], [ 97.028570006292696, 27.307264487470317 ], [ 97.041431930020494, 27.281732331272138 ], [ 97.086408837157975, 27.237535402076809 ], [ 97.088951890472174, 27.211988439239768 ], [ 97.120342564963224, 27.188466495128967 ], [ 97.122964131033299, 27.172806924084476 ], [ 97.145473350956451, 27.163462742613461 ], [ 97.149401487861169, 27.148134059255863 ], [ 97.162274494104622, 27.140445782119226 ], [ 97.160146009700767, 27.121424284363172 ], [ 97.148339539058171, 27.115667327315386 ], [ 97.136751957307581, 27.089609999902741 ], [ 97.099337789578982, 27.106902399267419 ], [ 97.095276114514036, 27.09445177117086 ], [ 97.074963735397986, 27.097255162486675 ], [ 97.07017743520737, 27.088263155531891 ], [ 97.062013999554509, 27.089978167560261 ], [ 97.03216033083649, 27.116719178443542 ], [ 97.028813775823139, 27.129952427405048 ], [ 96.992533708682856, 27.140431197815527 ], [ 96.984813049938623, 27.154429749780402 ], [ 96.900497980465005, 27.168784813601512 ], [ 96.874327635278931, 27.180541753346635 ], [ 96.857060133547634, 27.192276719535339 ], [ 96.854626785190845, 27.210002860178562 ], [ 96.885355759745281, 27.22599390325313 ], [ 96.885035536397652, 27.259303785916924 ], [ 96.863029378423462, 27.259487240853286 ], [ 96.847081057178499, 27.271200069155633 ], [ 96.848192515730062, 27.290136600103274 ], [ 96.822614804408261, 27.308232668251389 ], [ 96.796740525075194, 27.345654903613728 ], [ 96.766937392880109, 27.357039127167056 ], [ 96.751624247914648, 27.352471177522879 ], [ 96.704408579189035, 27.372091416591381 ], [ 96.697548094160254, 27.357678057065225 ], [ 96.605571710446682, 27.365479405738082 ], [ 96.59151752650412, 27.348167994383719 ], [ 96.596255028411861, 27.333400142261421 ], [ 96.551119511134559, 27.318029218193217 ], [ 96.524093033753459, 27.286141624282443 ], [ 96.508339138478675, 27.298824731672113 ], [ 96.440721743300529, 27.306315655708037 ], [ 96.421721286283244, 27.30155005004179 ], [ 96.40810209534736, 27.287503768088268 ], [ 96.402551560615322, 27.292947911686522 ], [ 96.386697465457104, 27.284345260980096 ], [ 96.352620924386315, 27.294774705001252 ], [ 96.340918489433392, 27.284881266006749 ], [ 96.307504851143321, 27.294115545236647 ], [ 96.274526639746213, 27.283299506629952 ], [ 96.271273592167404, 27.271429824953199 ], [ 96.228303621985972, 27.278643866045364 ], [ 96.20922840537412, 27.260989668176673 ], [ 96.193961276609073, 27.26148683491321 ], [ 96.185636634685238, 27.24922741882795 ], [ 96.155824521133937, 27.248432198083162 ], [ 96.090850192303876, 27.223272013202266 ], [ 96.076799777692258, 27.207757693476218 ], [ 96.023147361053972, 27.180092413664621 ], [ 96.010626362349555, 27.142532728873746 ], [ 95.96874939123893, 27.099911962476899 ], [ 95.946180932812652, 27.051856561482339 ], [ 95.904354291612449, 27.038891166227693 ], [ 95.870082082201407, 27.012640231723562 ], [ 95.830052789323346, 27.007609057055703 ], [ 95.802057073768111, 27.014647288843257 ], [ 95.781170848153621, 26.977751679216215 ], [ 95.767894351922223, 26.9765751567585 ], [ 95.754917292022768, 26.954043279272422 ], [ 95.760072782727136, 26.936839589865606 ], [ 95.747748605799757, 26.925803696113434 ], [ 95.751136576741004, 26.909039941292825 ], [ 95.744880196164374, 26.897640765960524 ], [ 95.722954269423184, 26.881454279639854 ], [ 95.706373493793976, 26.880550402258702 ], [ 95.667339394113554, 26.902923394710466 ], [ 95.644724612263019, 26.876721869970059 ], [ 95.632047118052952, 26.873595399654189 ], [ 95.62721825119263, 26.843442763078016 ], [ 95.608324227468557, 26.812991646693597 ], [ 95.571163434057425, 26.816023500997989 ], [ 95.556937486842656, 26.832742970740636 ], [ 95.543158563771144, 26.835586315344507 ], [ 95.524890421458352, 26.822728926033964 ], [ 95.522879062096152, 26.813787685632388 ], [ 95.507097802341193, 26.808424836870905 ], [ 95.482676770762382, 26.746379522784366 ], [ 95.459015618692504, 26.742504766478188 ], [ 95.432302410800446, 26.715582970817643 ], [ 95.43049291366242, 26.700185660725854 ], [ 95.373107276569741, 26.683099548651526 ], [ 95.360623430388841, 26.670571047886529 ], [ 95.33557124069479, 26.674101101163384 ], [ 95.303907668800207, 26.650692106440207 ], [ 95.259524060280313, 26.655056638857229 ], [ 95.256986806489579, 26.676263153698795 ], [ 95.233924196503622, 26.682684444736338 ], [ 95.20942077593854, 26.648747394377075 ], [ 95.181045149374953, 26.64277005013216 ], [ 95.149410213076692, 26.615893217911342 ], [ 95.146871716915882, 26.592760062831012 ], [ 95.154501506577574, 26.583179191907007 ], [ 95.139386312571474, 26.556556453116261 ], [ 95.126176023074834, 26.558217834528495 ], [ 95.107678612735228, 26.541618963221275 ], [ 95.114455845496735, 26.517840839257044 ], [ 95.072395447388246, 26.472168130277215 ], [ 95.061785842622854, 26.449970563002196 ], [ 95.065478969469481, 26.441802256118688 ], [ 95.084331126311412, 26.44712743450145 ], [ 95.103804755633206, 26.420594642592967 ], [ 95.099670958427367, 26.393592851396537 ], [ 95.125557911192445, 26.38777718030558 ], [ 95.132176079266614, 26.377989192851565 ], [ 95.12130206348219, 26.34978387230591 ], [ 95.128489488561982, 26.339326833211434 ], [ 95.122451315056097, 26.30723681621194 ], [ 95.128553042571738, 26.296709787054596 ], [ 95.119834962807928, 26.263632663446845 ], [ 95.127360147248069, 26.253704155939282 ], [ 95.114709677955005, 26.232787458151765 ], [ 95.142537254041841, 26.211545190756183 ], [ 95.122080671966472, 26.185420676589416 ], [ 95.126706643540103, 26.177490995330878 ], [ 95.117095040105937, 26.158958033917738 ], [ 95.126527266147562, 26.128884715957138 ], [ 95.115621877600134, 26.112715235790425 ], [ 95.117838381630477, 26.101559727699055 ], [ 95.150717092033489, 26.086455969006995 ], [ 95.164874821185578, 26.092332628325249 ], [ 95.185478439506639, 26.072661590900164 ], [ 95.16373938300579, 26.04812400322492 ], [ 95.159377520617269, 26.025342294056198 ], [ 95.125961898847095, 25.985683933868682 ], [ 95.11704005692232, 25.985103243090862 ], [ 95.089398654881478, 25.950328909324849 ], [ 95.056627922873972, 25.939140200594874 ], [ 95.044057506049128, 25.926714575026768 ], [ 95.031235979559668, 25.930810932282295 ], [ 95.028932710849261, 25.913665604362553 ], [ 95.011575249130473, 25.897878423151219 ], [ 95.019357442471716, 25.880660937069354 ], [ 95.009057969380052, 25.866731000494305 ], [ 95.030415200562658, 25.838464494158327 ], [ 95.033471235921567, 25.813926504896941 ], [ 95.049905994892896, 25.800332452850693 ], [ 95.044095714093103, 25.773846473417972 ], [ 95.049016943934305, 25.759510133427355 ], [ 95.039886574286029, 25.741222518404381 ], [ 95.002738011437515, 25.72882980227098 ], [ 94.969835903514621, 25.688391094207617 ], [ 94.936078735086866, 25.667881839655749 ], [ 94.922892152130586, 25.645579447403453 ], [ 94.915073350644889, 25.607626173999144 ], [ 94.881644331400537, 25.590962636935291 ], [ 94.898610270487595, 25.565089879509703 ], [ 94.84590514079116, 25.562019444130787 ], [ 94.825462604773563, 25.542381235009209 ], [ 94.82528293003864, 25.524129584298958 ], [ 94.806185584328119, 25.491831762265043 ], [ 94.788386364390263, 25.489430824244316 ], [ 94.783921870378848, 25.480487085354916 ], [ 94.762521919812912, 25.481525511884435 ], [ 94.75159734414936, 25.494009465378682 ], [ 94.744886428615374, 25.482144563520201 ], [ 94.718378513613516, 25.469067667736535 ], [ 94.6834327887249, 25.466229272141007 ], [ 94.671104855043041, 25.442238820212633 ], [ 94.669876084600176, 25.418179678680506 ], [ 94.634879983987062, 25.395553174265039 ], [ 94.634577221193638, 25.357352526286192 ], [ 94.622477250286451, 25.345976062854941 ], [ 94.585117676770935, 25.266643258680197 ], [ 94.585461435080703, 25.229385614214863 ], [ 94.575466197121287, 25.213875831302222 ], [ 94.605983704664581, 25.181336768490816 ], [ 94.620794632097429, 25.186567576971349 ], [ 94.64003285161084, 25.166079378197633 ], [ 94.664050163232943, 25.162752671897046 ], [ 94.680203877081141, 25.149179570942547 ], [ 94.690035201247312, 25.157665548598992 ], [ 94.715499676334289, 25.13781052050291 ], [ 94.737006636911801, 25.13461500083412 ], [ 94.744147724194292, 25.036870301096634 ], [ 94.726811887619334, 24.999279843402817 ], [ 94.706061478292668, 24.985916663519795 ], [ 94.696841437914401, 24.968218350645621 ], [ 94.713585224530007, 24.934154118019936 ], [ 94.702227333014434, 24.929614400156275 ], [ 94.687535974939166, 24.888738805929446 ], [ 94.673893166396113, 24.874796360819449 ], [ 94.656252199068618, 24.870350891560722 ], [ 94.632538923152708, 24.839206222085256 ], [ 94.630201247170305, 24.804947848873596 ], [ 94.618524575001402, 24.784931134712135 ], [ 94.629723941717131, 24.757877739022241 ], [ 94.613108015909191, 24.740732443338352 ], [ 94.605508448268594, 24.712325420912649 ], [ 94.585272269644818, 24.705401016760042 ], [ 94.577769910497736, 24.724226042572599 ], [ 94.56546013086944, 24.705529582915627 ], [ 94.559453175616284, 24.711991647853743 ], [ 94.540191504684088, 24.706891482069096 ], [ 94.545042550050468, 24.68207398210081 ], [ 94.539138028790831, 24.643107081951321 ], [ 94.506640588547242, 24.593974190781775 ], [ 94.453611064625306, 24.565401774233106 ], [ 94.423610071302406, 24.483432718205197 ], [ 94.396034028884969, 24.482891380609178 ], [ 94.402402331461175, 24.461517424505388 ], [ 94.394706687204305, 24.455066960707995 ], [ 94.403512708441141, 24.437937091110904 ], [ 94.396955491059032, 24.408602528792809 ], [ 94.358362794763124, 24.393346827346488 ], [ 94.379836159247319, 24.377363665933476 ], [ 94.349445183005059, 24.336358572566414 ], [ 94.317596586009714, 24.330221436533588 ], [ 94.322606822725902, 24.279497977687708 ], [ 94.302114902723901, 24.237906344590193 ], [ 94.288620191336932, 24.234412517391927 ], [ 94.276729131733916, 24.169434286179609 ], [ 94.261808526293095, 24.164030812345523 ], [ 94.250666696671317, 24.12814474184135 ], [ 94.256017741629904, 24.086472777158463 ], [ 94.241787388178665, 24.057366195509228 ], [ 94.227455057078032, 24.059603702692328 ], [ 94.239876168512779, 24.039059050435114 ], [ 94.203075857347088, 23.975784112751036 ], [ 94.192573184439851, 23.936306553344735 ], [ 94.170177680451872, 23.929247558918625 ], [ 94.155769655508792, 23.847569433399016 ], [ 94.141994443377726, 23.846641234152493 ], [ 94.14275644560567, 23.835175863164302 ], [ 94.119504686353523, 23.836251429713837 ], [ 94.097920725783112, 23.886241077750384 ], [ 94.081769748203271, 23.879387681779939 ], [ 94.050913207488591, 23.886923892939613 ], [ 94.015716640633357, 23.924913837393785 ], [ 93.961107182247574, 23.928124426341459 ], [ 93.930859860093946, 23.94997044713805 ], [ 93.893741572267146, 23.953287688790478 ], [ 93.859112010341121, 23.932140070790716 ], [ 93.807497999541582, 23.927040447971134 ], [ 93.797935187203748, 23.94731452580216 ], [ 93.771913895879493, 23.968790893830597 ], [ 93.754384993383695, 24.005243741393578 ], [ 93.724027299722678, 23.997284065373105 ], [ 93.690731706349169, 24.008589047298404 ], [ 93.663244642958972, 24.001619200206072 ], [ 93.623237285143503, 24.010820160798445 ], [ 93.611805913234321, 23.99729851489429 ], [ 93.607999403727462, 23.97159776403565 ], [ 93.598894247094279, 23.972540826959364 ], [ 93.591667586297802, 23.960800556406358 ], [ 93.573351738951857, 23.967022306225978 ], [ 93.570804076381876, 23.977677656877336 ], [ 93.559951345279813, 23.982223510511709 ], [ 93.550173925420609, 23.959334380814656 ], [ 93.52508137082755, 23.956335513028627 ], [ 93.514975727224765, 23.942650089795556 ], [ 93.505056978116855, 23.942213726647839 ], [ 93.463509598883974, 23.97360296351135 ], [ 93.463729125579832, 23.994244499858706 ], [ 93.453163588569055, 23.999598415320627 ], [ 93.453092349472058, 24.013620406155532 ], [ 93.433070675961744, 24.024006287768156 ], [ 93.416946405295278, 24.071407435569942 ], [ 93.398985617065364, 24.085176632092463 ], [ 93.35809289318064, 24.091037650815466 ], [ 93.348823956603141, 24.104740315000168 ], [ 93.341942516573738, 24.101972809575628 ], [ 93.354059534810048, 24.091084351348101 ], [ 93.334965891056811, 24.09008057194276 ], [ 93.328547529861382, 24.081152664254752 ], [ 93.338522827018124, 24.061552289145187 ], [ 93.325937019357525, 24.045966537875508 ], [ 93.337865652793909, 24.03982880479186 ], [ 93.325897780047598, 24.029336605211071 ], [ 93.338962859573527, 24.021477662355071 ], [ 93.329604361860547, 24.020438247202883 ], [ 93.337395535659638, 23.989274714589641 ], [ 93.328377591067508, 23.985361049882087 ], [ 93.35070489046754, 23.962181248094787 ], [ 93.350763138128883, 23.941651641218435 ], [ 93.360255581837237, 23.945069131781626 ], [ 93.369264616040113, 23.930046025174715 ], [ 93.393256671528036, 23.928880690660417 ], [ 93.385140373173073, 23.848018159287353 ], [ 93.390125215414486, 23.817960586390019 ], [ 93.40341010191068, 23.804605792849159 ], [ 93.391752463246007, 23.756219793564991 ], [ 93.411189924597835, 23.729319419444931 ], [ 93.407525750452834, 23.706945003657005 ], [ 93.437063192427914, 23.686642581762634 ], [ 93.416501133765152, 23.647629579462503 ], [ 93.428553007075379, 23.588798930278056 ], [ 93.42207146287447, 23.571371303295987 ], [ 93.409814885070546, 23.563649523448539 ], [ 93.41853587986742, 23.540007955897583 ], [ 93.394722153438138, 23.503760427840056 ], [ 93.392497924794654, 23.478814092157357 ], [ 93.399312520285477, 23.471883614771986 ], [ 93.394756894883415, 23.448069783778834 ], [ 93.388012750667087, 23.446377784216402 ], [ 93.388312072913024, 23.420816859656124 ], [ 93.401647170741981, 23.383748737679678 ], [ 93.386490347907298, 23.374078901238594 ], [ 93.387630593870483, 23.35939714383963 ], [ 93.355853987862034, 23.35249357696782 ], [ 93.372878727074323, 23.329600919709041 ], [ 93.366917577815826, 23.32215644410401 ], [ 93.371573685172265, 23.313544778670956 ], [ 93.36383245680463, 23.313234854254858 ], [ 93.371624394171761, 23.309614451875312 ], [ 93.365084867312504, 23.3063353046728 ], [ 93.369927249326281, 23.287167703814486 ], [ 93.362614618858785, 23.279137743756888 ], [ 93.388612506374955, 23.21691927953135 ], [ 93.375449717993888, 23.204222662528021 ], [ 93.380636009234379, 23.186587072174202 ], [ 93.368645266279259, 23.175296970115472 ], [ 93.368233789370109, 23.14409977670886 ], [ 93.38667718580831, 23.144147966601675 ], [ 93.385612448634646, 23.133836492719414 ], [ 93.355504068906058, 23.116163824494265 ], [ 93.354018287765456, 23.09692788251105 ], [ 93.344520393079947, 23.092522877284946 ], [ 93.3389783510206, 23.074361396405383 ], [ 93.351838399964407, 23.070437320926146 ], [ 93.340594376199263, 23.06780179502088 ], [ 93.342938160725595, 23.05825776740879 ], [ 93.334124668200545, 23.059379168628531 ], [ 93.313625675762339, 23.019854290351585 ], [ 93.304271525895288, 23.020432257614384 ], [ 93.293438161572411, 23.006795664147905 ], [ 93.229250828796452, 23.011426174458116 ], [ 93.229785375797846, 23.019519278736368 ], [ 93.214977757758518, 23.026967973101787 ], [ 93.20957255696473, 23.048275669300949 ], [ 93.189000129048651, 23.051689349865278 ], [ 93.184464982540135, 23.059381433346392 ], [ 93.155454950451542, 23.04319557582112 ], [ 93.151350958448475, 23.053750617032801 ], [ 93.13615803591577, 23.060499617431443 ], [ 93.135365367898956, 23.048359071496463 ], [ 93.126729627714113, 23.043871596792876 ], [ 93.120161381715249, 23.00223820943237 ], [ 93.140375638751138, 22.990360550111031 ], [ 93.137791674362262, 22.951028611711234 ], [ 93.148216609759714, 22.924854796444947 ], [ 93.164378644702381, 22.910703508102333 ], [ 93.139456512196844, 22.913736537068317 ], [ 93.130948077660776, 22.905926299153851 ], [ 93.134227874373821, 22.891264197298284 ], [ 93.117179045938869, 22.863035604558807 ], [ 93.117931914097042, 22.842792901722092 ], [ 93.103449816770564, 22.824524687706674 ], [ 93.110479105122721, 22.818237319297292 ], [ 93.094308050196304, 22.806062011936362 ], [ 93.10712963058468, 22.749924903222755 ], [ 93.091012772815958, 22.704691329833231 ], [ 93.101868692038991, 22.683721955683016 ], [ 93.095349923449319, 22.673057013417832 ], [ 93.109750340560254, 22.655794115584587 ], [ 93.107905395002803, 22.636843908038674 ], [ 93.128505906949613, 22.62384062034776 ], [ 93.1407636184274, 22.592303266927601 ], [ 93.112221922113875, 22.557446779472041 ], [ 93.106588280641631, 22.526649977607025 ], [ 93.128632454420313, 22.523399843835872 ], [ 93.12405953105916, 22.508262754943409 ], [ 93.134755190835477, 22.491933866471566 ], [ 93.131156118497444, 22.467605566744709 ], [ 93.138703706920751, 22.454517296420679 ], [ 93.164090869401107, 22.450607293272871 ], [ 93.185482471923081, 22.42725026718751 ], [ 93.185832291166093, 22.339944651772822 ], [ 93.196676748784412, 22.328756673434498 ], [ 93.189044532773138, 22.322726661193258 ], [ 93.195747740761973, 22.314325624736973 ], [ 93.189568144582566, 22.300798112658597 ], [ 93.19917544867981, 22.294239780176962 ], [ 93.193593260910419, 22.288095361956465 ], [ 93.201944498356596, 22.263092069387266 ], [ 93.176901894584901, 22.245598668575862 ], [ 93.142125860555169, 22.245459721850359 ], [ 93.148658470386721, 22.211700872901922 ], [ 93.161453160605376, 22.196510531804673 ], [ 93.150934699807053, 22.176254529885252 ], [ 93.123718386846861, 22.173676548816243 ], [ 93.111080947616969, 22.204252479384834 ], [ 93.088532620436254, 22.196680225851505 ], [ 93.063244319349536, 22.207250322923919 ], [ 93.03814172338825, 22.195173239357352 ], [ 93.049045472510272, 22.169194623151053 ], [ 93.037141184316354, 22.14441511354574 ], [ 93.057127502832088, 22.121261068363395 ], [ 93.059507636788055, 22.101097018226554 ], [ 93.004348037545881, 22.103444698373661 ], [ 93.011770696364295, 22.08836475609057 ], [ 92.99254719395023, 22.038714156143357 ], [ 93.00426737961314, 22.017045722779656 ], [ 93.00751716630748, 21.982351116554504 ], [ 92.980932121056995, 21.980078682634151 ], [ 92.977874183066305, 21.997641146687485 ], [ 92.951889748719864, 22.029788720342996 ], [ 92.939727732972628, 22.013629171108374 ], [ 92.92675055449557, 22.015117660979964 ], [ 92.935441682105889, 22.005742326866503 ], [ 92.920815081782806, 21.992016792889022 ], [ 92.906260099645792, 21.940498743895009 ], [ 92.890782293488755, 22.011765051163383 ], [ 92.863786603169075, 22.026943851872151 ], [ 92.863539946453272, 22.062802302294124 ], [ 92.852586650751775, 22.06663514395062 ], [ 92.840867184639393, 22.059787946515371 ], [ 92.836706736215675, 22.072037460881852 ], [ 92.817830014043963, 22.075680146009123 ], [ 92.810323419340335, 22.095963998481039 ], [ 92.797401076723148, 22.09421715358291 ], [ 92.790619555404476, 22.105020596778797 ], [ 92.771495862106647, 22.109437347899224 ], [ 92.760989442326377, 22.125687396594277 ], [ 92.735756847567075, 22.134148069796868 ], [ 92.726803304994263, 22.14910629017055 ], [ 92.69976310315225, 22.155074267999161 ], [ 92.692016387874872, 22.139105209907523 ], [ 92.690380668930203, 22.072114698324736 ], [ 92.688134220458181, 22.103526403869726 ], [ 92.681717109717638, 22.10379352921731 ], [ 92.68003636721096, 22.011633867206239 ], [ 92.652216868775128, 22.016020937153336 ], [ 92.634729440597653, 21.983230214489232 ], [ 92.60321967734771, 21.977625124851805 ], [ 92.612760466588057, 21.990114945519501 ], [ 92.598096126243291, 22.008976691965366 ], [ 92.600066538598199, 22.028406591041271 ], [ 92.592616105667787, 22.03743823451363 ], [ 92.602658828573141, 22.061100573262056 ], [ 92.592218983836872, 22.065621311143662 ], [ 92.575140318758073, 22.116165817024225 ], [ 92.562619842873161, 22.128023703776154 ], [ 92.578497838607802, 22.143407388581146 ], [ 92.592584843397603, 22.138827945943014 ], [ 92.594464710961731, 22.125141558873434 ], [ 92.605746154948307, 22.123392362436384 ], [ 92.609226240037103, 22.164018663736897 ], [ 92.60712646758634, 22.172531068470363 ], [ 92.595225506752286, 22.175390170314262 ], [ 92.590770312998998, 22.255468377478177 ], [ 92.581021154138611, 22.269178769157566 ], [ 92.58658672846515, 22.280246737199334 ], [ 92.577253327884534, 22.311152590742729 ], [ 92.581165591558218, 22.321763882304044 ], [ 92.559330031741339, 22.381858526699911 ], [ 92.559826821653033, 22.401834950225183 ], [ 92.55207641340148, 22.408973593482042 ], [ 92.556385431495116, 22.425101708132839 ], [ 92.543325634063024, 22.493253099025047 ], [ 92.549927061133587, 22.497327543529629 ], [ 92.542595098022858, 22.498755305254953 ], [ 92.551281264237858, 22.513296377917229 ], [ 92.543383607738207, 22.514171267530944 ], [ 92.539995084333114, 22.54060322167679 ], [ 92.521671049741641, 22.559884328159985 ], [ 92.527294876221049, 22.572988187075463 ], [ 92.53813842025275, 22.575099930480114 ], [ 92.532971457163853, 22.587763752837446 ], [ 92.539374442794866, 22.589148445107845 ], [ 92.527434119581685, 22.620784789407349 ], [ 92.528724249450008, 22.665152173628098 ], [ 92.51319567410637, 22.732785232150743 ], [ 92.473843949006081, 22.74620853852494 ], [ 92.479354421571387, 22.752796572044481 ], [ 92.46910259961399, 22.782474485639884 ], [ 92.472272620402677, 22.795856482840179 ], [ 92.454249651687093, 22.818861968322011 ], [ 92.461946700909067, 22.830796576432512 ], [ 92.452889973351148, 22.842965058318189 ], [ 92.463247456050595, 22.841746237282663 ], [ 92.456477003772832, 22.851029747891072 ], [ 92.464457606214239, 22.854653943591845 ], [ 92.45268170613906, 22.862178158120521 ], [ 92.460468203308793, 22.870902037452669 ], [ 92.448548509906132, 22.876371588171988 ], [ 92.449235818116534, 22.895009008486195 ], [ 92.433730549562924, 22.885791081224699 ], [ 92.420264953472611, 22.918345120865371 ], [ 92.401098979169305, 22.911952713785531 ], [ 92.397585995978218, 22.92969882631094 ], [ 92.37641884830974, 22.928621373031003 ], [ 92.371778360859452, 22.936171165714214 ], [ 92.378172319320157, 22.952063941993558 ], [ 92.374341323535333, 22.970646213228605 ], [ 92.385018278590806, 22.986112655015969 ], [ 92.382537147047415, 23.033273309696316 ], [ 92.392384277969327, 23.056450763155325 ], [ 92.380053502916198, 23.086286521695488 ], [ 92.358011631519602, 23.103270200008726 ], [ 92.368199426953439, 23.12726435581596 ], [ 92.356967582546929, 23.134150454511545 ], [ 92.364358437411056, 23.1566152207036 ], [ 92.346784464640777, 23.235673445522767 ], [ 92.404190216809269, 23.240657267412708 ], [ 92.381164331748764, 23.28510288985326 ], [ 92.385682783966018, 23.306203385513413 ], [ 92.36436388209998, 23.322918354192936 ], [ 92.380684583776343, 23.351179890076541 ], [ 92.379057583879813, 23.361827792552265 ], [ 92.37048991353565, 23.373580616091996 ], [ 92.363939538620997, 23.366162083559164 ], [ 92.356425130371036, 23.372346984567606 ], [ 92.365107049351394, 23.379591164236505 ], [ 92.35266463886127, 23.380865165208881 ], [ 92.357400812160691, 23.410698288600521 ], [ 92.347751915167478, 23.412806415702772 ], [ 92.34649025830042, 23.433186329240705 ], [ 92.333916465606734, 23.428833852697426 ], [ 92.327079453556323, 23.448543962090167 ], [ 92.333294871854307, 23.455931642335781 ], [ 92.325503883108141, 23.459081157897035 ], [ 92.331800883705299, 23.466064771427096 ], [ 92.317133529512731, 23.471654466059121 ], [ 92.326159451144605, 23.478802603116918 ], [ 92.316058303609822, 23.48682378445011 ], [ 92.322826915239574, 23.501021814866846 ], [ 92.313600115038781, 23.515504171993776 ], [ 92.317893902196758, 23.526326209752206 ], [ 92.306253311759576, 23.535039741388164 ], [ 92.313513622548285, 23.554989286631994 ], [ 92.308210947376196, 23.577705139587678 ], [ 92.301437077008785, 23.592887164549431 ], [ 92.296523980514152, 23.588025948650458 ], [ 92.28725894082838, 23.596038811193097 ], [ 92.287341263339343, 23.616742060588614 ], [ 92.29576525444206, 23.621627886893148 ], [ 92.280692804073794, 23.630587957136765 ], [ 92.278631057309028, 23.624919958778669 ], [ 92.281777164944842, 23.638558381129602 ], [ 92.272974418965504, 23.641939765128122 ], [ 92.291476530189016, 23.681233086178828 ], [ 92.279094773946881, 23.716401076528332 ], [ 92.265802299381505, 23.724743209402472 ], [ 92.241000429732949, 23.720713618828167 ], [ 92.233101423963731, 23.667552409475608 ], [ 92.216306525903434, 23.651936683512844 ], [ 92.2066033553957, 23.661004258874669 ], [ 92.213658355327908, 23.684949983530252 ], [ 92.202949268433017, 23.705702424587443 ], [ 92.177706782324094, 23.707560467467964 ], [ 92.170787859191137, 23.73922640053825 ], [ 92.148723361029184, 23.735634582865778 ], [ 92.120839410268331, 23.692726880223194 ], [ 92.106168260693693, 23.688659382182578 ], [ 92.099693877862236, 23.676708619918124 ], [ 92.083029209466972, 23.680053351210166 ], [ 92.07630835137941, 23.668039058440264 ], [ 92.079180741449846, 23.648452437229828 ], [ 92.063335386001029, 23.645015409150474 ], [ 92.008672952166322, 23.663501139524108 ], [ 91.978268126597342, 23.733083550327045 ], [ 91.957020738712714, 23.733991023048475 ], [ 91.948246360631785, 23.713972681379019 ], [ 91.957894034119548, 23.694406469594391 ], [ 91.941337740276794, 23.693599925219356 ], [ 91.934018155950696, 23.684555175811049 ], [ 91.94665406085808, 23.645983103685019 ], [ 91.942363265988291, 23.633798110042289 ], [ 91.95429357657936, 23.60955602560081 ], [ 91.956797280989164, 23.551272360469323 ], [ 91.964614098994716, 23.535253388661683 ], [ 91.956280576325966, 23.525706720625749 ], [ 91.971048626271966, 23.503018654625635 ], [ 91.97038506951769, 23.478282880363718 ], [ 91.958332076906629, 23.479405510254793 ], [ 91.95871273082173, 23.472880148889818 ], [ 91.936661996646535, 23.466602398774384 ], [ 91.942607827832816, 23.434976558738381 ], [ 91.8997111017881, 23.440600269481507 ], [ 91.86064126982059, 23.4051659037912 ], [ 91.844989222837768, 23.404685405837427 ], [ 91.837572095844848, 23.370615751967502 ], [ 91.825595306421036, 23.363106379466348 ], [ 91.825141860221805, 23.352343271757132 ], [ 91.76240911907972, 23.302936047930206 ], [ 91.76136149391391, 23.277054868797141 ], [ 91.777092367164613, 23.269232080153543 ], [ 91.776192003721647, 23.243165969540993 ], [ 91.783620545606865, 23.243269473822245 ], [ 91.791076270512605, 23.226791857057417 ], [ 91.788873357992514, 23.204442214333579 ], [ 91.810090526550937, 23.165072915446871 ], [ 91.806084624288673, 23.157327706944589 ], [ 91.814238596190037, 23.145095224885516 ], [ 91.808103209699027, 23.135500677951256 ], [ 91.814771006099377, 23.133323996604879 ], [ 91.810887387903506, 23.121653732367211 ], [ 91.818092670592833, 23.112043462910041 ], [ 91.81345549253605, 23.099200692037041 ], [ 91.835800146489063, 23.092985524491962 ], [ 91.814747815191993, 23.080576009512232 ], [ 91.818388888261168, 23.072742162274903 ], [ 91.80602734411292, 23.063028410330023 ], [ 91.794087010119952, 23.062283841293041 ], [ 91.789538424814779, 23.071670143727072 ], [ 91.774517182010996, 23.069616006632138 ], [ 91.780607933012163, 23.029092493507495 ], [ 91.774306705841596, 23.027078828738528 ], [ 91.77440789746511, 23.038482215114406 ], [ 91.76854204957678, 23.04093474953806 ], [ 91.77191631132844, 23.033027020778679 ], [ 91.720624475017388, 22.987423880473575 ], [ 91.708838066450042, 22.981855599458545 ], [ 91.693689661727845, 22.988290571556856 ], [ 91.681772891443103, 22.977250058087598 ], [ 91.651536252054868, 22.97671626949742 ], [ 91.645459255158983, 22.985021579700188 ], [ 91.63561661761014, 22.961078041935494 ], [ 91.624563472368166, 22.961566340096375 ], [ 91.619382511730578, 22.938361083147143 ], [ 91.615842070634457, 22.951469933040883 ], [ 91.60033265186425, 22.954268046563605 ], [ 91.604855736693452, 22.96217580026266 ], [ 91.613796160269828, 22.958371476103057 ], [ 91.606104280852335, 22.971908651559676 ], [ 91.590628713296965, 22.976894751727855 ], [ 91.576762316774676, 22.965219018600465 ], [ 91.557222267817366, 22.978459726117713 ], [ 91.557034975368836, 22.996601241388252 ], [ 91.542486287727016, 22.999457095475687 ], [ 91.548215258417201, 23.01923532527595 ], [ 91.538418755646376, 23.019191880161035 ], [ 91.55035628330242, 23.038408602820375 ], [ 91.530489443414453, 23.038308439543012 ], [ 91.536275434667303, 23.054514839498768 ], [ 91.524963267399656, 23.055347788930884 ], [ 91.53534258904196, 23.06331432042623 ], [ 91.5251109630088, 23.082807611370804 ], [ 91.529831847880388, 23.091662000477761 ], [ 91.518947967695823, 23.094149567927218 ], [ 91.522362576380175, 23.104001492051918 ], [ 91.511314981828335, 23.10418822287561 ], [ 91.512299738398994, 23.113215461159484 ], [ 91.520415849006056, 23.114433870108492 ], [ 91.517637203525439, 23.125420042507081 ], [ 91.503145530158037, 23.130490986426526 ], [ 91.51531782442872, 23.144988381834924 ], [ 91.498732767428876, 23.142471215775522 ], [ 91.494742718634797, 23.147076402648047 ], [ 91.507215136448664, 23.154235747652145 ], [ 91.490881565507536, 23.157603654575372 ], [ 91.498259661599661, 23.17164595096186 ], [ 91.491741004401092, 23.177559661717641 ], [ 91.507540254716261, 23.183684364976688 ], [ 91.501098378321686, 23.185274062262973 ], [ 91.503233043134699, 23.192077932303178 ], [ 91.484930898690081, 23.188207787153519 ], [ 91.470757565801506, 23.196418787733645 ], [ 91.482441270880742, 23.198417148979068 ], [ 91.484432877188127, 23.209182338325668 ], [ 91.475410192186231, 23.220354389102116 ], [ 91.458624964489971, 23.213284044308146 ], [ 91.450614203807845, 23.219412401348368 ], [ 91.470273740375987, 23.227629597034298 ], [ 91.457909484213914, 23.245990127336068 ], [ 91.445091479120379, 23.247002616626709 ], [ 91.454211282784286, 23.260369856986472 ], [ 91.421157473664437, 23.261768555698488 ], [ 91.418313871005594, 23.255386876488224 ], [ 91.419636219849892, 23.273258627881848 ], [ 91.408939518027836, 23.285192586578596 ], [ 91.41132529879367, 23.255663505641508 ], [ 91.397562036052534, 23.265123680090156 ], [ 91.397296661141183, 23.256247482496061 ], [ 91.408745707403597, 23.247615250603772 ], [ 91.392554135854397, 23.245891572551269 ], [ 91.400912105275282, 23.229113428015271 ], [ 91.386471851474766, 23.227554635600949 ], [ 91.392154359501802, 23.220015787041561 ], [ 91.380771268445883, 23.208427180190551 ], [ 91.387755981495317, 23.207889315751004 ], [ 91.379897197792971, 23.184511939970097 ], [ 91.403393765926353, 23.113722070536575 ], [ 91.400258733619694, 23.096421586574298 ], [ 91.406067142330443, 23.096923628674269 ], [ 91.408124213364175, 23.083455755047943 ], [ 91.417475241585564, 23.082876723629052 ], [ 91.410854386650414, 23.066022266104028 ], [ 91.417371973955454, 23.064756136241545 ], [ 91.395855926918841, 23.056039637032114 ], [ 91.369801588371899, 23.070365975759469 ], [ 91.346959442922966, 23.102301643300152 ], [ 91.347628089531682, 23.118784942818785 ], [ 91.341871294423896, 23.117795420520658 ], [ 91.333125129731073, 23.152845924576049 ], [ 91.323335448766542, 23.158012832864763 ], [ 91.318697063374003, 23.24548866543217 ], [ 91.326607706817683, 23.252285613556726 ], [ 91.318022157304398, 23.252891986948661 ], [ 91.309786421644219, 23.276373757165761 ], [ 91.316662568799998, 23.281894782841505 ], [ 91.300224611826224, 23.292451117499365 ], [ 91.307210712772786, 23.299776798250928 ], [ 91.314960802122371, 23.296608995073761 ], [ 91.313165804691323, 23.306302214136895 ], [ 91.289852827049174, 23.318524481454567 ], [ 91.296165275974275, 23.340892360092315 ], [ 91.310793731318398, 23.342382764788177 ], [ 91.320085967499381, 23.360088293740908 ], [ 91.291070613791035, 23.350657039795227 ], [ 91.294917265414654, 23.361188792593328 ], [ 91.284235052519804, 23.371083914429644 ], [ 91.294329484249545, 23.374678286779432 ], [ 91.279751138728571, 23.376598219938007 ], [ 91.276440469614187, 23.414711712328728 ], [ 91.263449613388602, 23.423723626257424 ], [ 91.270656450163386, 23.429802021274156 ], [ 91.251552055372812, 23.453643633916013 ], [ 91.249342415369554, 23.490170942625976 ], [ 91.23637740547133, 23.488993645347328 ], [ 91.235572329025487, 23.501787625391387 ], [ 91.217979482651117, 23.499504760293988 ], [ 91.223600057229234, 23.514023479351053 ], [ 91.207837903742046, 23.512048445075081 ], [ 91.200763621472262, 23.520023531841641 ], [ 91.212945673243567, 23.55041411084747 ], [ 91.194450764712002, 23.547177635820091 ], [ 91.187297517833827, 23.577530278116559 ], [ 91.175267945200531, 23.585507532809491 ], [ 91.177129962341667, 23.593198337508674 ], [ 91.162498681795967, 23.595043774277794 ], [ 91.159675258891653, 23.611291432409892 ], [ 91.156303813358406, 23.670717376589288 ], [ 91.199421694744629, 23.646578879049233 ], [ 91.208528570753288, 23.686401202316581 ], [ 91.195517401822485, 23.692144736753754 ], [ 91.154242715177261, 23.688392920461101 ], [ 91.149198517651783, 23.711525046779514 ], [ 91.157077025662787, 23.742018330777949 ], [ 91.167642607589357, 23.749639355623032 ], [ 91.196628559438466, 23.751093160101458 ], [ 91.210379728160945, 23.74914020366225 ], [ 91.219028253168929, 23.736426447080852 ], [ 91.230681834143439, 23.764920920372202 ], [ 91.226876416987977, 23.792252027073271 ], [ 91.25407093142951, 23.836983761288437 ], [ 91.22959158930729, 23.88071861714565 ], [ 91.22846971209502, 23.89863142263092 ], [ 91.246186033701832, 23.913080122715051 ], [ 91.233018993594541, 23.926957180988648 ], [ 91.276213318018193, 23.922524528255476 ], [ 91.264230154149104, 23.944218911044711 ], [ 91.284687833067409, 23.982099391880684 ], [ 91.287679235539926, 23.968006058803383 ], [ 91.299793715137255, 23.972119190493938 ], [ 91.3036408841905, 23.997904720374166 ], [ 91.314932550106676, 23.990409115657847 ], [ 91.330059614450946, 23.992465930747414 ], [ 91.341220586273096, 23.981984773504863 ], [ 91.361662535690797, 23.98625997856584 ], [ 91.379526208851971, 23.975325723684421 ], [ 91.373335531055247, 24.002644823223658 ], [ 91.390854976986049, 24.025776801792382 ], [ 91.396598096141958, 24.04961968319931 ], [ 91.377132126754589, 24.079842223630756 ], [ 91.374610191934394, 24.107769927700339 ], [ 91.428094258898511, 24.108451108628966 ], [ 91.430773349486088, 24.099924728564098 ], [ 91.44304198807103, 24.097239197609383 ], [ 91.473159360833918, 24.10172093968723 ], [ 91.545302023747425, 24.074198814609833 ], [ 91.574446263241143, 24.079981600928768 ], [ 91.586072583940037, 24.07260050575664 ], [ 91.598502369507145, 24.084482178537407 ], [ 91.594539637582528, 24.096533233809069 ], [ 91.611406599393234, 24.091685039706043 ], [ 91.637932327088919, 24.102921988342509 ], [ 91.634472847556111, 24.138105887471337 ], [ 91.646611403799682, 24.156615575824762 ], [ 91.646762962164544, 24.178620209690248 ], [ 91.656292703025187, 24.176151364764213 ], [ 91.660127759195106, 24.189534665737359 ], [ 91.647749524348896, 24.2184885177717 ], [ 91.665158895216393, 24.233528829915151 ], [ 91.666983419372514, 24.210516887581747 ], [ 91.68828021549605, 24.162084930158869 ], [ 91.703347735910015, 24.163539313019744 ], [ 91.70609680166497, 24.154280081361829 ], [ 91.721759906010632, 24.15247919412435 ], [ 91.728424548426005, 24.143234560437559 ], [ 91.759545200122446, 24.141711353416063 ], [ 91.745028104432507, 24.246974343547009 ], [ 91.816355539039108, 24.209937617151557 ], [ 91.844706757478136, 24.225770095202414 ], [ 91.855178953242728, 24.212385796048117 ], [ 91.841963623299009, 24.201341156414738 ], [ 91.845433718223489, 24.19136720428353 ], [ 91.873987987357765, 24.174469580934225 ], [ 91.884486153417214, 24.138730381686276 ], [ 91.902141534213456, 24.136876781772489 ], [ 91.914539892220347, 24.153612961635343 ], [ 91.911407253923883, 24.168198394128069 ], [ 91.940809454532953, 24.268095160448745 ], [ 91.919988390014211, 24.337460469361211 ], [ 91.941331293068004, 24.342545541539916 ], [ 91.956750104165408, 24.356659884536327 ], [ 91.968996938841741, 24.350150983535869 ], [ 91.977139067354372, 24.327416583926698 ], [ 91.995950233171612, 24.322054010218061 ], [ 91.998342793522909, 24.334062653421306 ], [ 91.978119951287852, 24.357390598252028 ], [ 91.984646156131419, 24.360856885142447 ], [ 91.967184048766867, 24.378914865394702 ], [ 91.970453023475656, 24.384520501000395 ], [ 91.985157622718219, 24.376657388715369 ], [ 91.99665027859443, 24.393707243240073 ], [ 92.007306579584906, 24.381426825630243 ], [ 92.02006878941782, 24.386544257014307 ], [ 92.044032017069981, 24.374871730857677 ], [ 92.090423106924931, 24.371619370695889 ], [ 92.102309050622424, 24.382949166720678 ], [ 92.121900835353529, 24.382242457606306 ], [ 92.118912400016399, 24.389996423047194 ], [ 92.135164193723909, 24.407163536334146 ], [ 92.136799252406846, 24.424959373307772 ], [ 92.164582148088101, 24.418877163146867 ], [ 92.169127855191107, 24.427765850642217 ], [ 92.150495956273673, 24.495222857127406 ], [ 92.15911263330986, 24.507174100176663 ], [ 92.154964325617186, 24.522969013694855 ], [ 92.169486799520755, 24.531752133733093 ], [ 92.21251293057712, 24.503674171173977 ], [ 92.223800651092603, 24.517452003749256 ], [ 92.254415490198596, 24.678029480437548 ], [ 92.296031475566394, 24.736455728624353 ], [ 92.279159626022206, 24.745296622280758 ], [ 92.290132370249609, 24.7597139127971 ], [ 92.281801202963507, 24.775320625537987 ], [ 92.288918275583555, 24.784485089189065 ], [ 92.27312285209149, 24.800192197563923 ], [ 92.273077568916335, 24.827442303757806 ], [ 92.249079615988549, 24.82974879098386 ], [ 92.254973640434088, 24.838445628250042 ], [ 92.241460769603634, 24.842022279179492 ], [ 92.234932142902053, 24.861387069444156 ], [ 92.246270613739526, 24.86748708557667 ], [ 92.24810391174104, 24.885493437308565 ], [ 92.23287279194416, 24.900145616312599 ], [ 92.248366890845503, 24.908867045057693 ], [ 92.282062562405528, 24.905854087681899 ], [ 92.299424945993792, 24.915720464512244 ], [ 92.33921677371805, 24.878257065862634 ], [ 92.347995688291178, 24.891621739720016 ], [ 92.36340079558893, 24.871910818371219 ], [ 92.374737326963697, 24.873951604920592 ], [ 92.384938140782609, 24.852267753726185 ], [ 92.400095532250887, 24.848650195537218 ], [ 92.406373060067622, 24.858940156159004 ], [ 92.437403528994352, 24.855606889074487 ], [ 92.444799831242321, 24.871979357140347 ], [ 92.487922241934228, 24.871309208254399 ], [ 92.49684133321756, 24.902020097356022 ], [ 92.48400138317993, 24.928454550282243 ], [ 92.487495655362011, 24.946948393923954 ], [ 92.449699380244141, 24.938594425578028 ], [ 92.449740440439186, 24.949987246977273 ], [ 92.467520421158568, 24.963696529530239 ], [ 92.457624856669838, 24.970600503352856 ], [ 92.420062252222039, 24.966262336221938 ], [ 92.422080820564361, 24.988490223119651 ], [ 92.416374678760491, 24.990376968217859 ], [ 92.425324514884437, 25.029491702865514 ], [ 92.369714062879268, 25.040874789146013 ], [ 92.362975108230302, 25.049893729651529 ], [ 92.341481277428969, 25.048529914033431 ], [ 92.348553164790218, 25.073490952269424 ], [ 92.334914141747774, 25.078444881022719 ], [ 92.310631647453775, 25.069020072611824 ], [ 92.227550008882744, 25.093704827782958 ], [ 92.22186289339659, 25.104042564404352 ], [ 92.196167850420593, 25.108030909532506 ], [ 92.20040264341722, 25.119982032706396 ], [ 92.219382820068617, 25.11700489301683 ], [ 92.194501234820066, 25.125642764418199 ], [ 92.189325017287132, 25.136286985017154 ], [ 92.183927739634157, 25.117920598104327 ], [ 92.178886521820445, 25.126133904428581 ], [ 92.159591849479639, 25.126602804151045 ], [ 92.165712835078338, 25.135946625332878 ], [ 92.135836490187629, 25.138737516649179 ], [ 92.144568093189704, 25.139663938128418 ], [ 92.134396668653594, 25.142775439069819 ], [ 92.139741345455107, 25.153756521600357 ], [ 92.132881677893266, 25.160146646666497 ], [ 92.073850683831267, 25.184947767376514 ], [ 92.040552179916219, 25.186372308608451 ], [ 92.026186045211489, 25.179170065930371 ], [ 92.003761272314918, 25.186163349677049 ], [ 91.97166864258277, 25.167580471893611 ], [ 91.966815876942619, 25.176375525644776 ], [ 91.916254727588708, 25.181347809902725 ], [ 91.880625382972283, 25.172920069805958 ], [ 91.827044784844347, 25.177797722491746 ], [ 91.774606736858303, 25.163129054522781 ], [ 91.758555277340577, 25.168368826703084 ], [ 91.756030295434925, 25.177497038543731 ], [ 91.744692543249698, 25.169848596754591 ], [ 91.747640764604839, 25.140150940210638 ], [ 91.703782415404646, 25.160016402444992 ], [ 91.691797986707613, 25.137118324927876 ], [ 91.669941583281215, 25.13789944442594 ], [ 91.665025649906937, 25.128426813069812 ], [ 91.652766284630673, 25.131195166242708 ], [ 91.637913861319916, 25.122544059942069 ], [ 91.623195917603837, 25.127882328133115 ], [ 91.621507949947301, 25.143406124866459 ], [ 91.602089994613536, 25.1427206983936 ], [ 91.599980258049669, 25.159594991896306 ], [ 91.61542824642747, 25.169658751293156 ], [ 91.60973412677707, 25.177047961959897 ], [ 91.57705780051937, 25.171962253711836 ], [ 91.57157292904138, 25.165266769079278 ], [ 91.576580953207014, 25.159816070730074 ], [ 91.563064914018568, 25.160636626645733 ], [ 91.557213979960594, 25.149755606474589 ], [ 91.509553339742112, 25.147445125632782 ], [ 91.499598154067954, 25.135414875267152 ], [ 91.471016048837981, 25.13358648637227 ], [ 91.464227833273796, 25.134810332552455 ], [ 91.468630666025803, 25.151793563417343 ], [ 91.440577674786368, 25.149632698837063 ], [ 91.414649076124718, 25.171129740601145 ], [ 91.410868572845374, 25.163657329963037 ], [ 91.398645504896507, 25.164457835255625 ], [ 91.368799290398684, 25.170619240794466 ], [ 91.363818255217453, 25.178064562726764 ], [ 91.353750895117145, 25.171255947732821 ], [ 91.286567985397511, 25.185349803012997 ], [ 91.292227308805366, 25.193319199299545 ], [ 91.268013044252143, 25.207243576234983 ], [ 91.2516305762135, 25.195168117247388 ], [ 91.19467541360163, 25.201816197209958 ], [ 91.125245222671708, 25.193996190044093 ], [ 91.069642624637069, 25.198409502804285 ], [ 91.067880117473209, 25.1915321619732 ], [ 91.019112523754316, 25.186970006400141 ], [ 90.928005008549874, 25.16221646264718 ], [ 90.883988394162927, 25.166718023556516 ], [ 90.862015059730908, 25.157626374947377 ], [ 90.805907633659416, 25.165942348928578 ], [ 90.80545503636813, 25.173627328731044 ], [ 90.780357099968228, 25.186114521276149 ], [ 90.763833113136329, 25.178312892799017 ], [ 90.760410857992284, 25.168202269870864 ], [ 90.73422392721109, 25.166845373512373 ], [ 90.741934275990843, 25.161244874299463 ], [ 90.733276086907054, 25.15491094462735 ], [ 90.709979826912317, 25.168120838173113 ], [ 90.698067834766576, 25.156833181820758 ], [ 90.682153920793596, 25.16425098685465 ], [ 90.686170407006529, 25.174267997114665 ], [ 90.675650443326731, 25.176382896912507 ], [ 90.666006203199927, 25.165803927567168 ], [ 90.66341973071475, 25.197851603059789 ], [ 90.656945085575217, 25.184756810593118 ], [ 90.652384455658748, 25.192237340854195 ], [ 90.647645392479063, 25.194092144883204 ], [ 90.651137537450509, 25.182020544773099 ], [ 90.640349356589809, 25.183592631246643 ], [ 90.640934746439655, 25.17452943788108 ], [ 90.508639161047952, 25.175354630427531 ], [ 90.509862823670105, 25.169423687590346 ], [ 90.499053145226341, 25.172174785762554 ], [ 90.441076122927669, 25.144508458532769 ], [ 90.404480885463229, 25.159950167572358 ], [ 90.37045875085758, 25.16284027348625 ], [ 90.330238568676606, 25.193815960955757 ], [ 90.310430000704486, 25.188769414633224 ], [ 90.233989889998242, 25.204901668541726 ], [ 90.225533761666242, 25.200466546685213 ], [ 90.171464921096558, 25.223060688173955 ], [ 90.118113286466553, 25.223456697213994 ], [ 90.054517471847305, 25.261363763046177 ], [ 90.033760912654159, 25.262256736313095 ], [ 90.004222087273561, 25.280552550965119 ], [ 89.980761564939272, 25.280852196341073 ], [ 89.977081206746107, 25.296791829606324 ], [ 89.966651159934628, 25.303695697613016 ], [ 89.949240861107455, 25.292714015870864 ], [ 89.943921513203719, 25.30435551035362 ], [ 89.939025640107999, 25.299037496280565 ], [ 89.907000756823024, 25.307735285099305 ], [ 89.876603567832234, 25.285328337106108 ], [ 89.831624534382499, 25.295852588887055 ], [ 89.841378892691736, 25.315034426009877 ], [ 89.822990689642879, 25.349037342260491 ], [ 89.819626436021792, 25.380656305348108 ], [ 89.832715648787826, 25.438754343106929 ], [ 89.852248521104315, 25.465881516496687 ], [ 89.849309847942322, 25.492797227399834 ], [ 89.853905760988241, 25.504238161245794 ], [ 89.869639171081275, 25.510906473055517 ], [ 89.851273062096851, 25.538627935135068 ], [ 89.866037260066904, 25.546190513322049 ], [ 89.882505142617731, 25.617204193791991 ], [ 89.871093188691731, 25.662552138195142 ], [ 89.846687549745297, 25.695616205480224 ], [ 89.850532971575305, 25.712957597359182 ], [ 89.835003619188925, 25.71585117541456 ], [ 89.827929884891489, 25.729526606939515 ], [ 89.84032863725875, 25.766729176437337 ], [ 89.826501715405001, 25.810206246046953 ], [ 89.816544369282582, 25.814302106370608 ], [ 89.835281265985358, 25.84073440719618 ], [ 89.832572313601091, 25.870605527260075 ], [ 89.878178829259951, 25.924233625231921 ], [ 89.88707666191209, 25.945201563096067 ], [ 89.842736475258121, 25.940030967117671 ], [ 89.825386986985762, 25.945504490274423 ], [ 89.830604385986263, 25.95517366263574 ], [ 89.849336012273298, 25.949109344980474 ], [ 89.838558416261549, 25.9678511888613 ], [ 89.866839454717336, 25.972031732115912 ], [ 89.871031866995509, 25.980702058140182 ], [ 89.850421155576953, 25.989957897239854 ], [ 89.835840902034306, 26.01259673661794 ], [ 89.835941128867205, 25.982424204170854 ], [ 89.82027175068761, 25.987641287392002 ], [ 89.814865288659163, 25.997865292425434 ], [ 89.820433539066926, 25.997562120582703 ], [ 89.819324392778853, 26.025815435807285 ], [ 89.808636523192675, 26.043355255249793 ], [ 89.790627772113098, 26.017821848513108 ], [ 89.801833126100192, 26.040253243565125 ], [ 89.773653689797996, 26.037637099290436 ], [ 89.788679473585574, 26.048710853382712 ], [ 89.785346705016863, 26.056861790329481 ], [ 89.798809471414003, 26.059579371236708 ], [ 89.796604090323513, 26.076309271661351 ], [ 89.790137026066631, 26.075385650037123 ], [ 89.79485103523308, 26.08751255322527 ], [ 89.781323582948929, 26.083442415611106 ], [ 89.783160761672463, 26.105983948803267 ], [ 89.756169570115716, 26.109362731016947 ], [ 89.766570341730372, 26.130477204474097 ], [ 89.754032327137821, 26.13939596468289 ], [ 89.747658706535177, 26.15737105724061 ], [ 89.720487222202578, 26.156296259977651 ], [ 89.714715352466001, 26.16877075611216 ], [ 89.701377735760971, 26.151754842426268 ], [ 89.681318474044204, 26.163586201799934 ], [ 89.702059638808322, 26.17397665626622 ], [ 89.687389296819134, 26.181503093358213 ], [ 89.686346904339842, 26.198223118759842 ], [ 89.673471444797343, 26.201428108522869 ], [ 89.67715972253805, 26.20966512563146 ], [ 89.685659413771432, 26.206873390028296 ], [ 89.691503874569477, 26.211671115741343 ], [ 89.679659018914805, 26.214139258561726 ], [ 89.67903070845901, 26.224089695007468 ], [ 89.689424554961107, 26.221278565590413 ], [ 89.67911700421844, 26.238038408583261 ], [ 89.671902819224641, 26.219846724158678 ], [ 89.634439633125922, 26.229410098380473 ], [ 89.632661367715386, 26.209892854156756 ], [ 89.649995805613429, 26.190205666557354 ], [ 89.642193507976145, 26.185338246575423 ], [ 89.630181446202698, 26.195762144410953 ], [ 89.627812729833948, 26.183909098926733 ], [ 89.655482816878461, 26.181406942326451 ], [ 89.649324704807398, 26.16443036314887 ], [ 89.632162943768179, 26.17189066275288 ], [ 89.637478357051009, 26.176847597670658 ], [ 89.632492377542448, 26.180775166033431 ], [ 89.62398917030302, 26.17111545505626 ], [ 89.623907393069459, 26.179125622322264 ], [ 89.608782548462301, 26.180596297266209 ], [ 89.615394976301772, 26.174926737654989 ], [ 89.611233496612101, 26.168561376185153 ], [ 89.619788256369048, 26.16805268781965 ], [ 89.609974472707123, 26.154335883134316 ], [ 89.59118361151026, 26.157292064070564 ], [ 89.597919729279553, 26.154125695951674 ], [ 89.596692317987745, 26.134799721231236 ], [ 89.607732843696596, 26.124856504204388 ], [ 89.601289504844701, 26.12341724098534 ], [ 89.604239358438718, 26.117454221280695 ], [ 89.612044094103666, 26.127700750327023 ], [ 89.620512045163139, 26.119715260805155 ], [ 89.62534568656919, 26.128596631735416 ], [ 89.630361938404505, 26.118418052972956 ], [ 89.616223011889645, 26.106858661235453 ], [ 89.597876989234948, 26.112981464215167 ], [ 89.600309881247597, 26.10406013810158 ], [ 89.593882359032904, 26.102161321912074 ], [ 89.608622033894065, 26.088393086841496 ], [ 89.610136819838544, 26.095908627923095 ], [ 89.61729162619207, 26.094687267836818 ], [ 89.613960849188345, 26.10361008022668 ], [ 89.62995842955192, 26.107043473591943 ], [ 89.639675546404433, 26.090060082996445 ], [ 89.633565557083131, 26.080870417862599 ], [ 89.650087482281464, 26.063236649175309 ], [ 89.630626167065557, 26.062657028768072 ], [ 89.620510711164926, 26.053277323362448 ], [ 89.605398801399517, 26.063753468161163 ], [ 89.612825851183032, 26.052643901722735 ], [ 89.59223205144805, 26.044795399244254 ], [ 89.597749586568099, 26.037850224022268 ], [ 89.586882689033999, 26.038308698885537 ], [ 89.585350403907768, 26.02627701222832 ], [ 89.578721898919639, 26.02626173720817 ], [ 89.586757297695058, 25.980893247887135 ], [ 89.574151848370761, 25.98026535477819 ], [ 89.577865144192131, 25.969276680208623 ], [ 89.568906447086263, 25.967756474232086 ], [ 89.565968404541593, 25.980342223299068 ], [ 89.557695618765848, 25.965355310637364 ], [ 89.540364136325039, 25.969981691416937 ], [ 89.535175379209065, 25.988883349952836 ], [ 89.548234893671832, 26.000106018324729 ], [ 89.540895659597197, 26.005901436425933 ], [ 89.491283407864415, 26.005964972400623 ], [ 89.480352125378957, 25.996067735280707 ], [ 89.430815192891174, 26.011115936910656 ], [ 89.432801767734688, 26.037501193520612 ], [ 89.423843053560788, 26.046920125536012 ], [ 89.407422732312654, 26.041509957283012 ], [ 89.403023892572136, 26.027306197547926 ], [ 89.390856726783355, 26.022921236346605 ], [ 89.392792581847615, 26.007190611085353 ], [ 89.355388383622056, 26.008346144282743 ], [ 89.300436868335666, 26.050432240104868 ], [ 89.275755681057305, 26.049080182044655 ], [ 89.281054250928548, 26.065615456271402 ], [ 89.270878779482089, 26.059949054616382 ], [ 89.254407028785678, 26.064120778820708 ], [ 89.266798474256476, 26.092637296192184 ], [ 89.2516224202882, 26.091350368724541 ], [ 89.251782272798025, 26.101184861953072 ], [ 89.229223013120304, 26.116597287298493 ], [ 89.22942972984022, 26.123856859274849 ], [ 89.203082271016072, 26.129275346435744 ], [ 89.192349874636193, 26.123635252136342 ], [ 89.155380225649552, 26.138610827412386 ], [ 89.14854005422427, 26.158096052199028 ], [ 89.157279849861752, 26.163196343251581 ], [ 89.141028996690309, 26.169286507980939 ], [ 89.134611546386608, 26.181170920035004 ], [ 89.149405367201496, 26.209050140813037 ], [ 89.142133078276785, 26.214527372704993 ], [ 89.140942163738316, 26.235840794028064 ], [ 89.119835763742628, 26.252612883396072 ], [ 89.125228448309556, 26.263461984295244 ], [ 89.10010436644329, 26.279467662468406 ], [ 89.10714589164624, 26.291643459940843 ], [ 89.099924436586818, 26.304568177428521 ], [ 89.104710843676969, 26.315799794842121 ], [ 89.122126361715928, 26.287146166132107 ], [ 89.136307411132805, 26.320106882090148 ], [ 89.112735087173149, 26.318388829808942 ], [ 89.09718566103345, 26.329281012162635 ], [ 89.091922500954084, 26.32029391658277 ], [ 89.083600949234793, 26.322023146219159 ], [ 89.101342870132257, 26.336533856786897 ], [ 89.093329735202829, 26.352913670603542 ], [ 89.098315604218627, 26.358929710106263 ], [ 89.079707538504024, 26.362822335088538 ], [ 89.088461767373133, 26.365691512213495 ], [ 89.096290707245146, 26.39094168397272 ], [ 89.079969538444843, 26.39149795279106 ], [ 89.087408517855351, 26.397647320802914 ], [ 89.074489541225532, 26.39102625011266 ], [ 89.063220334988074, 26.400748398839525 ], [ 89.035982248662009, 26.39489569854014 ], [ 89.029847955420692, 26.407123580642942 ], [ 89.019406403885398, 26.404125279315352 ], [ 89.021991675323022, 26.414014487662648 ], [ 89.007226357153797, 26.412734146205626 ], [ 89.005935969468993, 26.4214110598103 ], [ 88.993736774248788, 26.422989654751483 ], [ 88.998608928227696, 26.413884471702382 ], [ 88.994039295395439, 26.412818635233851 ], [ 88.980751708563545, 26.425266895642491 ], [ 88.98326566814066, 26.446509261830741 ], [ 88.955841230800473, 26.460208145063159 ], [ 88.965355250245352, 26.451490066969921 ], [ 88.946168526655626, 26.447938467220098 ], [ 88.951315509415934, 26.434995881761189 ], [ 88.944766322074116, 26.425591672310119 ], [ 88.926192437256034, 26.432050530410923 ], [ 88.932798121442715, 26.426833541670394 ], [ 88.923032399445148, 26.423360785695063 ], [ 88.931313043683019, 26.414188148575334 ], [ 88.926559405337841, 26.406788248925995 ], [ 88.904788579916968, 26.408458963238139 ], [ 88.909953785002841, 26.400775834985449 ], [ 88.917440287088482, 26.40316113825369 ], [ 88.916511714748964, 26.384833287718447 ], [ 88.909066908865526, 26.380452245533384 ], [ 88.921401741608804, 26.377175441343432 ], [ 88.910047143317058, 26.370217772734126 ], [ 88.920079096320435, 26.366233309583325 ], [ 88.918578238754421, 26.359857183233959 ], [ 88.92608357312173, 26.364742171499774 ], [ 88.946771092293702, 26.355692317317903 ], [ 88.949852105309077, 26.365928276728937 ], [ 88.958429187302499, 26.361681024408661 ], [ 88.946293399666644, 26.345826592906036 ], [ 88.959050676850367, 26.343534266412057 ], [ 88.951755261696988, 26.342589589287339 ], [ 88.95239503016424, 26.332231597647688 ], [ 88.960370123237965, 26.330054569449405 ], [ 88.961410278013886, 26.352295653213925 ], [ 88.98721856171629, 26.348320914951401 ], [ 88.985545884284221, 26.33276380602198 ], [ 89.000967692161396, 26.329747496819195 ], [ 88.991518331654063, 26.322321295479625 ], [ 88.997117984469185, 26.313737263746916 ], [ 88.984620097620393, 26.317957340211752 ], [ 88.982657336216761, 26.309497089654418 ], [ 88.984936757351306, 26.300543446478187 ], [ 88.99758591959565, 26.299630580298256 ], [ 88.995737926054403, 26.29023780243687 ], [ 89.006851406642426, 26.304390045071731 ], [ 89.018405931288854, 26.289813103043794 ], [ 89.014311643785817, 26.300220504787209 ], [ 89.021585807494517, 26.309019004928867 ], [ 89.026609917791944, 26.305401636986463 ], [ 89.020083432674014, 26.289094249082329 ], [ 89.027518473870316, 26.282468211419413 ], [ 89.040772993716615, 26.285766996145206 ], [ 89.038029240598235, 26.277465558386208 ], [ 89.04512347984037, 26.275136396039002 ], [ 89.045868399704887, 26.295351061298437 ], [ 89.059466517960871, 26.293434717698691 ], [ 89.062477120125948, 26.278661028133822 ], [ 89.05388822259161, 26.277141012343058 ], [ 89.063339288101346, 26.270365945131751 ], [ 89.06264207506662, 26.253751520022799 ], [ 89.051305163704527, 26.255297081888493 ], [ 89.05068532166689, 26.241653390292385 ], [ 89.027553055415481, 26.247639803386821 ], [ 88.957316511533691, 26.240296484758616 ], [ 88.926280497306706, 26.283778083527586 ], [ 88.898268692924773, 26.288643882037231 ], [ 88.875933482960349, 26.286578951621106 ], [ 88.861384789030311, 26.272663271708694 ], [ 88.861468563218764, 26.251999069103501 ], [ 88.877691397936488, 26.242194804920789 ], [ 88.877864215830826, 26.233377959281423 ], [ 88.841725309954299, 26.230719686617309 ], [ 88.827666792538821, 26.239639664773836 ], [ 88.829163076781711, 26.249706361111059 ], [ 88.812941776386495, 26.255990228793276 ], [ 88.810018408720325, 26.276811108088456 ], [ 88.819109728603195, 26.294494224614663 ], [ 88.793564109594925, 26.309970009897405 ], [ 88.758578469863323, 26.294759217011507 ], [ 88.747317356548251, 26.301049045303586 ], [ 88.729691452171423, 26.294605021137979 ], [ 88.71711070472081, 26.281082342393599 ], [ 88.699737890793784, 26.284165666303608 ], [ 88.686070933739302, 26.276754621583859 ], [ 88.692585095768194, 26.269539524721772 ], [ 88.683235786922253, 26.260822756167801 ], [ 88.666226328951254, 26.262656834594093 ], [ 88.672244896726085, 26.268489553924603 ], [ 88.66804435379629, 26.297172903634994 ], [ 88.678673174423906, 26.298827078805655 ], [ 88.683092152596501, 26.308452989360823 ], [ 88.675130237807963, 26.320072048858265 ], [ 88.695418295936037, 26.328745740369399 ], [ 88.693267250343808, 26.313985102621377 ], [ 88.71504066201436, 26.317977170741617 ], [ 88.718824021038017, 26.312120656606293 ], [ 88.730648410375593, 26.323620757441809 ], [ 88.746508004121637, 26.322385469307829 ], [ 88.748741966909549, 26.331927419510539 ], [ 88.733866341911622, 26.328655282629807 ], [ 88.745300427631307, 26.347859469556095 ], [ 88.733261952693539, 26.353831746662056 ], [ 88.735916830090957, 26.347967189873753 ], [ 88.726149975317782, 26.341267551954278 ], [ 88.712846652697053, 26.343652100248558 ], [ 88.702763545129798, 26.334394475733376 ], [ 88.704022759477652, 26.341871541733283 ], [ 88.694104611342638, 26.346728728203338 ], [ 88.696264225066045, 26.361950802734128 ], [ 88.681011704704147, 26.379407860656396 ], [ 88.702269819371537, 26.38844358605435 ], [ 88.687428275557195, 26.386827437616102 ], [ 88.689171761793204, 26.395683374060113 ], [ 88.672328201095652, 26.395701956914856 ], [ 88.686754504958117, 26.406028664999742 ], [ 88.667806452061271, 26.407185266311405 ], [ 88.644459028519563, 26.418745616013286 ], [ 88.649796223253091, 26.429587756702063 ], [ 88.623771105105732, 26.43478771736266 ], [ 88.62289012730659, 26.471078521461479 ], [ 88.594753257674142, 26.470637176507754 ], [ 88.592951821119129, 26.449814088853095 ], [ 88.560928838669284, 26.456462552394157 ], [ 88.560141151810711, 26.473040003372077 ], [ 88.552620287368782, 26.475322885534666 ], [ 88.55676363097119, 26.484799196946831 ], [ 88.526481317640631, 26.481378858416413 ], [ 88.521393026309411, 26.510507227466906 ], [ 88.507207432315482, 26.516479948260862 ], [ 88.489750542366124, 26.51035894660782 ], [ 88.485009326823004, 26.540685323683217 ], [ 88.458887598460095, 26.547117863259487 ], [ 88.456483201906579, 26.536893338510421 ], [ 88.448264755222382, 26.535287161176253 ], [ 88.437156178537478, 26.544072150969146 ], [ 88.421169901675114, 26.5710169816663 ], [ 88.416073689898028, 26.631617742196461 ], [ 88.409256633921657, 26.634847908378962 ], [ 88.398382376490403, 26.625999784770645 ], [ 88.38677745366158, 26.610739938134273 ], [ 88.398644238988965, 26.60395327693546 ], [ 88.376038908313561, 26.594695571079793 ], [ 88.370835638914187, 26.560288820093145 ], [ 88.357152565185174, 26.541767570968222 ], [ 88.359393613884009, 26.530069575218391 ], [ 88.332128808068148, 26.49315049805702 ], [ 88.33186734082831, 26.48180632749785 ], [ 88.340858795899351, 26.478165290356639 ], [ 88.35482322736523, 26.447021638881314 ], [ 88.366070592863224, 26.470779824160445 ], [ 88.360533522978997, 26.484560440377322 ], [ 88.371238854915987, 26.488205450306562 ], [ 88.388545112663593, 26.47830045953042 ], [ 88.405008137125336, 26.485808773491634 ], [ 88.419759002299969, 26.465746064836505 ], [ 88.427733833065659, 26.473013600836122 ], [ 88.485245227111548, 26.460256701728539 ], [ 88.478929787694867, 26.452303878270808 ], [ 88.496214744590461, 26.437061725681552 ], [ 88.489660223950821, 26.430013462555088 ], [ 88.498381154069008, 26.425193291172789 ], [ 88.494012639655793, 26.418738154267754 ], [ 88.502753285997855, 26.41748094421547 ], [ 88.495593900931311, 26.409541885501504 ], [ 88.502798646428118, 26.403042306216214 ], [ 88.508962761041914, 26.407207592640404 ], [ 88.5050448918809, 26.398714157572439 ], [ 88.51290949397135, 26.387631208617687 ], [ 88.519212665994502, 26.390001554520477 ], [ 88.51282491309577, 26.377766490131833 ], [ 88.517191872525189, 26.370568008389704 ], [ 88.524786084410053, 26.374795894035699 ], [ 88.515371952234901, 26.36533482118692 ], [ 88.523351645581243, 26.360823904120348 ], [ 88.505684460023829, 26.348557178911683 ], [ 88.507746328061202, 26.36252505561853 ], [ 88.488401676152918, 26.36027597294968 ], [ 88.491912746830792, 26.351406838506183 ], [ 88.482361689846783, 26.3497028235379 ], [ 88.458619323786991, 26.362107839571156 ], [ 88.457723054865099, 26.376659943636213 ], [ 88.435577229525521, 26.335766702918779 ], [ 88.41285507654068, 26.337479586459551 ], [ 88.404350237062417, 26.329834812126872 ], [ 88.415646990138058, 26.324316631427163 ], [ 88.414938337956485, 26.314822876483195 ], [ 88.384660882714996, 26.313258656203125 ], [ 88.349667682761947, 26.282249870041277 ], [ 88.348583814167711, 26.250277279015197 ], [ 88.359662818313424, 26.242359379707 ], [ 88.350509631456958, 26.220422706188735 ], [ 88.331201485285192, 26.217048512378266 ], [ 88.319844462440514, 26.202854627256279 ], [ 88.2858123789931, 26.200151669426344 ], [ 88.269341667647453, 26.186483734386361 ], [ 88.241825728810753, 26.189083343056765 ], [ 88.226935143270083, 26.168389074847337 ], [ 88.214428072944145, 26.170001689633384 ], [ 88.216217067832446, 26.163302949756066 ], [ 88.205655249846956, 26.159240116085794 ], [ 88.196789926326616, 26.163488675806679 ], [ 88.19507925644622, 26.15221508291123 ], [ 88.17727584586757, 26.148056599801407 ], [ 88.178392964703775, 26.123566630137592 ], [ 88.163338915425797, 26.107277328277583 ], [ 88.158451379594283, 26.095296647791987 ], [ 88.165640015603074, 26.088138364599274 ], [ 88.158379336505092, 26.079826437207068 ], [ 88.168602358474487, 26.083553947966724 ], [ 88.183345165761011, 26.072885600754127 ], [ 88.179322256593807, 26.04649983020547 ], [ 88.169536395265879, 26.045199478187076 ], [ 88.171812023713301, 26.032784284568915 ], [ 88.183207343535202, 26.026777045046188 ], [ 88.139712328731434, 26.012916979817355 ], [ 88.143698466260801, 26.000364757347779 ], [ 88.12969200801264, 25.996943471063059 ], [ 88.127894524044891, 25.976614374462333 ], [ 88.119293640289712, 25.971563967114545 ], [ 88.124274047548553, 25.966146225836578 ], [ 88.115178123799865, 25.962776134380867 ], [ 88.122374157435047, 25.948372618239343 ], [ 88.112588230530093, 25.943467629391673 ], [ 88.111461675790139, 25.933250446693947 ], [ 88.094682094005435, 25.93142372597622 ], [ 88.085959904449197, 25.915982819559016 ], [ 88.094371145763105, 25.908482033444646 ], [ 88.090283254264861, 25.89652411078168 ], [ 88.103016461090547, 25.889249684936818 ], [ 88.094172038671942, 25.873366053736106 ], [ 88.102033050196184, 25.871567591820892 ], [ 88.102460136231727, 25.861814676270154 ], [ 88.110679342890677, 25.867887915554068 ], [ 88.113872237481445, 25.854362542197901 ], [ 88.101427439269301, 25.844199238430303 ], [ 88.108378929026287, 25.838312025723894 ], [ 88.101165732179282, 25.828975565617743 ], [ 88.111612997898078, 25.821651813648824 ], [ 88.107024169864843, 25.815039488044771 ], [ 88.12011330896901, 25.812435028603694 ], [ 88.11447645512132, 25.797940849636209 ], [ 88.144258607162925, 25.793637752665617 ], [ 88.141685171029167, 25.780146074287014 ], [ 88.1514944056225, 25.775550927789283 ], [ 88.159440246855652, 25.787608844932638 ], [ 88.173104715576812, 25.78661283088605 ], [ 88.18377277281941, 25.80169018188521 ], [ 88.209509265859253, 25.786808753951597 ], [ 88.215670055808218, 25.801427225064081 ], [ 88.231014895133526, 25.79674987823838 ], [ 88.236266686134655, 25.809440186699103 ], [ 88.246917243297233, 25.805969426617644 ], [ 88.248641912522984, 25.813401101077474 ], [ 88.259655908286561, 25.813826491966996 ], [ 88.269553673647749, 25.808176718045488 ], [ 88.266506629526518, 25.782448729374501 ], [ 88.31716915196364, 25.752522152054652 ], [ 88.320949961568502, 25.73747216065248 ], [ 88.337587910473943, 25.737622970472803 ], [ 88.37425189421046, 25.717066183122245 ], [ 88.37149168395608, 25.696539001413289 ], [ 88.391507091717301, 25.693518558486161 ], [ 88.390192330942185, 25.684007793004032 ], [ 88.405183397538948, 25.684219989005459 ], [ 88.401685565333437, 25.6725615760331 ], [ 88.453815394158966, 25.664937495187214 ], [ 88.455805122089103, 25.628580774094541 ], [ 88.445163318110673, 25.615494712367244 ], [ 88.44435187530442, 25.596922384243566 ], [ 88.457649808033466, 25.598683950186409 ], [ 88.46955736968826, 25.583108523015358 ], [ 88.499915421777047, 25.583949279822303 ], [ 88.493505219081058, 25.558847076327826 ], [ 88.509091503096869, 25.544136458864674 ], [ 88.519690502351992, 25.54461688003714 ], [ 88.523492000157873, 25.535160611578103 ], [ 88.533092250683467, 25.542099160794386 ], [ 88.532797018467022, 25.532215184452344 ], [ 88.540261010568315, 25.532797842215935 ], [ 88.5399528129674, 25.508296071606736 ], [ 88.552356229387655, 25.520786854499438 ], [ 88.560181925443132, 25.512409125579406 ], [ 88.595506726805212, 25.505875868835059 ], [ 88.609086895823481, 25.516302165097532 ], [ 88.607380134512908, 25.508592794444841 ], [ 88.622476561814395, 25.496955320052969 ], [ 88.648364004161323, 25.496398910829875 ], [ 88.642696245572921, 25.49268436447182 ], [ 88.647051726329664, 25.4778193055114 ], [ 88.660249314546533, 25.48178123134597 ], [ 88.662998230282838, 25.47364421842801 ], [ 88.699495364531714, 25.471194135488027 ], [ 88.710409545789133, 25.480595396593817 ], [ 88.707516589688552, 25.499867435359398 ], [ 88.713820792977685, 25.49556523557138 ], [ 88.742149754757222, 25.504994622422771 ], [ 88.740040470944237, 25.489304216200182 ], [ 88.745030987843293, 25.487853271210277 ], [ 88.76884572577562, 25.49854062580631 ], [ 88.75869005589297, 25.525244479430391 ], [ 88.782444241985232, 25.515076982222993 ], [ 88.810892903378047, 25.522936094299496 ], [ 88.81366388712766, 25.487975990145713 ], [ 88.82965698489798, 25.490254728892474 ], [ 88.839331217077131, 25.458338506171643 ], [ 88.826238445185965, 25.444480821546964 ], [ 88.834308088638295, 25.431658606818377 ], [ 88.830001283993553, 25.416944568643896 ], [ 88.818327251973287, 25.418072727908346 ], [ 88.812295034297691, 25.410543558232977 ], [ 88.840855945575171, 25.397634080075687 ], [ 88.840184875311834, 25.363760352588411 ], [ 88.86891999058416, 25.352208603342561 ], [ 88.866480937925317, 25.342971901734312 ], [ 88.885122536851199, 25.325615707360061 ], [ 88.887651825280301, 25.33709675458034 ], [ 88.906294704305452, 25.337689817819637 ], [ 88.915520978991808, 25.312027533309848 ], [ 88.927801613679009, 25.317195566829085 ], [ 88.929461442507588, 25.304083288382195 ], [ 88.985307507340437, 25.305941783738945 ], [ 88.98518679083422, 25.298804676455948 ], [ 88.996118634766759, 25.295631922911639 ], [ 89.008897522721242, 25.303068117996915 ], [ 89.007904281562745, 25.264903543706644 ], [ 88.986821245849299, 25.27445082616552 ], [ 88.98227402777998, 25.264881181150233 ], [ 88.956160206388205, 25.254940978961677 ], [ 88.951678072159552, 25.232206348684375 ], [ 88.961771246247864, 25.209070523550778 ], [ 88.936375144632137, 25.210617544361025 ], [ 88.933819827517652, 25.199844490666436 ], [ 88.94755199507523, 25.194400648209562 ], [ 88.948790784428439, 25.1765959635112 ], [ 88.932586858349154, 25.180882951938056 ], [ 88.923075629969858, 25.164908846127449 ], [ 88.91234940950757, 25.167975473538529 ], [ 88.911424045950241, 25.179763264387525 ], [ 88.875264461754199, 25.179344134954686 ], [ 88.874953569207378, 25.196223687447439 ], [ 88.864380248294651, 25.189992372330508 ], [ 88.864917324951904, 25.200592771387839 ], [ 88.85161002908265, 25.200525979026427 ], [ 88.843762885749754, 25.213807072113582 ], [ 88.805860404612503, 25.170450613029661 ], [ 88.773672702580569, 25.179356161851892 ], [ 88.769401153217473, 25.189845125932848 ], [ 88.749096171727786, 25.176852344209742 ], [ 88.750929095131781, 25.182815225130842 ], [ 88.736229854339911, 25.186632969029283 ], [ 88.733005417204595, 25.198757869303492 ], [ 88.711481490146312, 25.207659733281105 ], [ 88.680077338231044, 25.208899964243692 ], [ 88.669099350537337, 25.198195846032672 ], [ 88.642894708572001, 25.206283012135923 ], [ 88.612722055283115, 25.204171385951241 ], [ 88.598145293492038, 25.190426535191015 ], [ 88.589904612606205, 25.192581899645639 ], [ 88.591210793572031, 25.185092557360402 ], [ 88.579637452813628, 25.176818307404591 ], [ 88.565579231842193, 25.175088106202374 ], [ 88.555760102306024, 25.178969922584383 ], [ 88.557614437953177, 25.19261096053911 ], [ 88.533977460445925, 25.1875202000797 ], [ 88.53777768893228, 25.19781761113693 ], [ 88.500051467135265, 25.203434782734259 ], [ 88.499145051742218, 25.210385928533814 ], [ 88.475483656228903, 25.2133828307256 ], [ 88.471772427430992, 25.197442683313163 ], [ 88.44368775261151, 25.197296888709953 ], [ 88.442045598136175, 25.174338850130692 ], [ 88.45723434979098, 25.164615814583087 ], [ 88.461403560381981, 25.14938557075433 ], [ 88.458658455299087, 25.135569690432572 ], [ 88.441419534366887, 25.127508079897311 ], [ 88.446360710400668, 25.082955851668032 ], [ 88.452869755625684, 25.079304921097155 ], [ 88.434965544190661, 25.055962222112832 ], [ 88.437840810666657, 25.043076072239199 ], [ 88.452658365869652, 25.036871069423576 ], [ 88.438563172936071, 25.022309787999404 ], [ 88.436539494078076, 25.006453802551626 ], [ 88.427472522132675, 25.007651347025334 ], [ 88.428055633854953, 25.009384251274206 ], [ 88.426515486673395, 25.009549107228967 ], [ 88.427326403066871, 25.01261959116438 ], [ 88.425569222014332, 25.016434303696812 ], [ 88.420490509418997, 24.999686515549325 ], [ 88.412092993464313, 24.998811171793232 ], [ 88.417427552540815, 24.974833044002185 ], [ 88.405095922291522, 24.979717233950993 ], [ 88.405714359364069, 24.972345758987998 ], [ 88.395247471744497, 24.969078774171898 ], [ 88.398838035240161, 24.945320208889473 ], [ 88.381614583297136, 24.939130288581932 ], [ 88.364040256590641, 24.953286172611122 ], [ 88.354666554891494, 24.942025863412294 ], [ 88.340904397078148, 24.940631450934113 ], [ 88.336590226248063, 24.918677160541126 ], [ 88.324279374031292, 24.916823098829806 ], [ 88.332777509382609, 24.897147360665993 ], [ 88.343880220068684, 24.899567666584144 ], [ 88.347007620288721, 24.892433349274278 ], [ 88.330619023044889, 24.870139776827905 ], [ 88.321058885889954, 24.883468488684755 ], [ 88.301917558663106, 24.871890562438438 ], [ 88.302007250054345, 24.885841966122644 ], [ 88.278125999960068, 24.888052999375763 ], [ 88.276083816705565, 24.897795363379053 ], [ 88.267210490094371, 24.878318811725691 ], [ 88.25826625316958, 24.877550180861533 ], [ 88.264533931857542, 24.899300623927374 ], [ 88.26051868801467, 24.91918198591798 ], [ 88.226112744610631, 24.959706115792908 ], [ 88.17020863693233, 24.950362802063346 ], [ 88.157517852147635, 24.933516038201404 ], [ 88.138044352183243, 24.936160952152807 ], [ 88.140374853321447, 24.914039124486276 ], [ 88.169339362384704, 24.892452123680492 ], [ 88.152680245577926, 24.884414478301853 ], [ 88.175013147770372, 24.86014560815638 ], [ 88.162249093696147, 24.857965330142484 ], [ 88.160440273887829, 24.848492349762207 ], [ 88.144949219376954, 24.85109998848062 ], [ 88.140910182755462, 24.834376717755124 ], [ 88.131912376595338, 24.836012363106004 ], [ 88.136284076434535, 24.805275100771645 ], [ 88.123544984745422, 24.823109418329505 ], [ 88.105204538832055, 24.800342962218565 ], [ 88.10609799063721, 24.779567242770163 ], [ 88.089018025696205, 24.782901725226179 ], [ 88.077872194079873, 24.769097999448544 ], [ 88.068306919459843, 24.769150147890766 ], [ 88.074546032620077, 24.760746636507434 ], [ 88.06575986504933, 24.750707631653075 ], [ 88.072500422292748, 24.743641740566531 ], [ 88.0628455703675, 24.721596482054903 ], [ 88.008756400024637, 24.667834274145498 ], [ 88.041175805416103, 24.643314224339324 ], [ 88.096918490329443, 24.556451477720465 ], [ 88.140755349133116, 24.511240467417103 ], [ 88.173549313370501, 24.493046369566599 ], [ 88.198401390758605, 24.46249545522042 ], [ 88.271923153584481, 24.440580489008347 ], [ 88.333984227981873, 24.381392585537405 ], [ 88.389337309963196, 24.37187943788355 ], [ 88.424904203701075, 24.383192580079527 ], [ 88.446432423808091, 24.37858058462248 ], [ 88.50790344609932, 24.342484094546705 ], [ 88.527119170001356, 24.344378704506386 ], [ 88.555134886546398, 24.293341337191432 ], [ 88.567688189566738, 24.326653636894228 ], [ 88.587189441185231, 24.324054911202225 ], [ 88.58788606582344, 24.314345676958148 ], [ 88.603317791101333, 24.310095340875044 ], [ 88.623563409222143, 24.315675096244995 ], [ 88.628488385936379, 24.305093354491945 ], [ 88.696587579042472, 24.315353347856664 ], [ 88.724776856388573, 24.297786888120797 ], [ 88.73543909434477, 24.276495485771978 ], [ 88.740962383174235, 24.253918637631159 ], [ 88.731408035661289, 24.173387250305066 ], [ 88.746490695382761, 24.147064654969636 ], [ 88.707003910376145, 24.119141734955079 ], [ 88.697480725420419, 24.120532403191035 ], [ 88.693190251249234, 24.111152887759566 ], [ 88.72545826626083, 24.065437026296479 ], [ 88.741631310057301, 24.057122430182922 ], [ 88.741113628925334, 24.04855245067349 ], [ 88.724640284617607, 24.047704412018081 ], [ 88.724754356285629, 24.041612025993381 ], [ 88.757490648681809, 24.032095031939491 ], [ 88.734682984166739, 24.017490499094027 ], [ 88.729045508684891, 23.996113560135822 ], [ 88.760194910961971, 24.006058234585772 ], [ 88.768945501654215, 23.982197326458611 ], [ 88.7382167570685, 23.98291425888053 ], [ 88.732486120901754, 23.961127210811682 ], [ 88.742490098570599, 23.951030353560565 ], [ 88.743426508710968, 23.930169770231512 ], [ 88.734934391173752, 23.932915457511861 ], [ 88.733403509216018, 23.91097506184208 ], [ 88.706397057977512, 23.916272804244016 ], [ 88.699327090316061, 23.910181418994675 ], [ 88.704338634979294, 23.899174929558153 ], [ 88.688387424752349, 23.901482821837281 ], [ 88.682934966286439, 23.888623143022066 ], [ 88.664282818444164, 23.882422334998481 ], [ 88.667585909370843, 23.869444997439544 ], [ 88.637732101413945, 23.871393628265064 ], [ 88.62641170737497, 23.864941635469954 ], [ 88.624817957720367, 23.875105642304039 ], [ 88.6164390485702, 23.876512040359351 ], [ 88.608048291539745, 23.862349254026832 ], [ 88.587489517117689, 23.871452337884591 ], [ 88.5756405777217, 23.861551697275893 ], [ 88.578381758065106, 23.850671271075242 ], [ 88.591092761231906, 23.853015183181075 ], [ 88.586519527053653, 23.831183652564878 ], [ 88.602129072045443, 23.817215872826655 ], [ 88.59445315658887, 23.808850686325041 ], [ 88.589518089099002, 23.813597403124113 ], [ 88.58515754094573, 23.813632945069397 ], [ 88.596199009885666, 23.804886693419416 ], [ 88.581643569607834, 23.797278803633258 ], [ 88.578126792831256, 23.786576063300146 ], [ 88.571265600828355, 23.783027779025829 ], [ 88.559303716251705, 23.785978559714966 ], [ 88.556035310176469, 23.784211344188794 ], [ 88.579572744468777, 23.774695484963672 ], [ 88.580814863876768, 23.760535585226435 ], [ 88.570081960847062, 23.748084724588487 ], [ 88.576602827002915, 23.732966591424013 ], [ 88.564506313711263, 23.711329093810757 ], [ 88.573820595447643, 23.666940869261385 ], [ 88.558208038404729, 23.649154325783009 ], [ 88.562170252001422, 23.637088253981506 ], [ 88.593764914130546, 23.640810231271455 ], [ 88.594088522330196, 23.61759536038555 ], [ 88.585316743075339, 23.616543581055293 ], [ 88.580073923548952, 23.602966919580471 ], [ 88.597185837971367, 23.601946064629519 ], [ 88.597897873208282, 23.606272734251366 ], [ 88.60627281988971, 23.610356529690677 ], [ 88.601506616808663, 23.606851730300949 ], [ 88.607349366316086, 23.600185501993174 ], [ 88.64553159091767, 23.609283924017042 ], [ 88.638763193086945, 23.590735053778527 ], [ 88.650562284069494, 23.585368272715257 ], [ 88.654253208247042, 23.556153430301737 ], [ 88.67833655861898, 23.545830412130083 ], [ 88.695753310943132, 23.517311421877288 ], [ 88.714921014503346, 23.508531632495547 ], [ 88.725134782927, 23.511832870484344 ], [ 88.741421486963119, 23.479679829342516 ], [ 88.760905674184457, 23.478385634478894 ], [ 88.76067890347413, 23.489919310908842 ], [ 88.774887493440986, 23.479814336012971 ], [ 88.768247316642331, 23.490126261648591 ], [ 88.785951531654078, 23.507240077670858 ], [ 88.784498978297549, 23.497172661665743 ], [ 88.792747576934289, 23.502866486481913 ], [ 88.800786957043044, 23.497124087183579 ], [ 88.794555352900261, 23.485579321873281 ], [ 88.80141322203491, 23.485809784406868 ], [ 88.7873122313745, 23.469082191758488 ], [ 88.795316290624584, 23.443023468315342 ], [ 88.785067656788158, 23.444795799927025 ], [ 88.784336879101133, 23.438398784785608 ], [ 88.779120856319665, 23.437290349196097 ], [ 88.773275716395275, 23.448316140098335 ], [ 88.764314441124526, 23.448205633858741 ], [ 88.754444824472742, 23.416384000241173 ], [ 88.761230206750525, 23.408427823977345 ], [ 88.74926152731706, 23.40055391494673 ], [ 88.752944072009626, 23.389122248973592 ], [ 88.762893925284246, 23.387208507954881 ], [ 88.758541620970391, 23.374111774511924 ], [ 88.765434505536504, 23.367883881959667 ], [ 88.758159770499276, 23.359937528713964 ], [ 88.747713218042804, 23.362001974395337 ], [ 88.745952782393985, 23.349007398724325 ], [ 88.732032049475109, 23.351986579082386 ], [ 88.739051855211102, 23.343449945662872 ], [ 88.732662838382765, 23.328070324466413 ], [ 88.749665176306834, 23.321471864382566 ], [ 88.745298472897218, 23.307820181711413 ], [ 88.73180064166128, 23.308033021517545 ], [ 88.730416993578629, 23.319582524844801 ], [ 88.724758177718854, 23.31796261727489 ], [ 88.725408831970725, 23.298691761285557 ], [ 88.706789890352965, 23.303992650285675 ], [ 88.710345110532089, 23.312854064634681 ], [ 88.696361272761138, 23.302290310320018 ], [ 88.697637377232937, 23.291739875038349 ], [ 88.708954693643776, 23.28973724359971 ], [ 88.711379910450589, 23.278215698400839 ], [ 88.724409870340494, 23.271621271245831 ], [ 88.718894213597679, 23.254798154317513 ], [ 88.751876796196967, 23.240180605992766 ], [ 88.769537610004065, 23.244844188640236 ], [ 88.778063412567818, 23.236085931092727 ], [ 88.774419154072632, 23.224413471259652 ], [ 88.78980100308938, 23.218340425068114 ], [ 88.81143897396791, 23.221547781279192 ], [ 88.805900107453112, 23.237478161285456 ], [ 88.811462377776024, 23.256087745598624 ], [ 88.828798926714981, 23.244868595600494 ], [ 88.823821573728111, 23.23341440139307 ], [ 88.836513933259482, 23.243308856405108 ], [ 88.844896786912074, 23.230513971756082 ], [ 88.874703394688993, 23.234158724382887 ], [ 88.886173172271526, 23.225945203713469 ], [ 88.906851037249126, 23.235964960474359 ], [ 88.914966842428996, 23.228833353495432 ], [ 88.914586911657665, 23.213470407368504 ], [ 88.926659934902943, 23.217948943115619 ], [ 88.942629700730421, 23.206113802408254 ], [ 88.970882183539899, 23.222650690145006 ], [ 88.978731422642355, 23.21448294933678 ], [ 88.97593103164364, 23.224432657225758 ], [ 88.979563594972134, 23.215493116699466 ], [ 88.982808949378864, 23.2217686106172 ], [ 88.995724678598904, 23.214700198246344 ], [ 88.979669907891051, 23.212857954331763 ], [ 88.987722495031093, 23.202653050020565 ], [ 88.980384697362624, 23.18254729568541 ], [ 88.975336355010398, 23.19234904719336 ], [ 88.962307525201126, 23.193144676966348 ], [ 88.956229780906966, 23.18189896595608 ], [ 88.939094050349723, 23.176803847664235 ], [ 88.934024006496898, 23.161762004864876 ], [ 88.927865317707401, 23.163037861018541 ], [ 88.930843600285201, 23.143192566941629 ], [ 88.923271865147044, 23.145118702624238 ], [ 88.9178970004604, 23.12908017186648 ], [ 88.910327634179652, 23.12973621617952 ], [ 88.899871158932555, 23.111917041947805 ], [ 88.8684463107315, 23.101067710775382 ], [ 88.874640547653399, 23.089768095390326 ], [ 88.861007118420233, 23.077305336541393 ], [ 88.874150740346408, 23.065784700451058 ], [ 88.874894797828247, 23.044504345221757 ], [ 88.884117214250438, 23.04043267536078 ], [ 88.872000080131443, 23.016757075220823 ], [ 88.879754632311375, 23.006325581565722 ], [ 88.845086289216212, 23.009858265663468 ], [ 88.864510085395935, 23.001023608594707 ], [ 88.87096746761064, 22.978633038734372 ], [ 88.857048878072035, 22.968883464748814 ], [ 88.859444842139951, 22.943189528428046 ], [ 88.879273369779369, 22.954014881861372 ], [ 88.894264375290689, 22.951998925124794 ], [ 88.886890579433825, 22.933208734647597 ], [ 88.908135874243825, 22.919780344651294 ], [ 88.895678879605057, 22.913073860774023 ], [ 88.90942970247616, 22.879856056606481 ], [ 88.9283325395715, 22.872489998149156 ], [ 88.947661523064554, 22.879188066860241 ], [ 88.968644442437935, 22.84429953629261 ], [ 88.955524320439608, 22.811810231611222 ], [ 88.957886523124202, 22.795864756047767 ], [ 88.938086855659904, 22.792969580586121 ], [ 88.911004871377401, 22.757730520195764 ], [ 88.920751089153555, 22.753201514124608 ], [ 88.915689986232721, 22.736537781566007 ], [ 88.927904199487841, 22.718071083928269 ], [ 88.962366413361252, 22.69497237363845 ], [ 88.945026270262829, 22.662394526105842 ], [ 88.925798753277746, 22.65032968946538 ], [ 88.934920694931989, 22.626210600276703 ], [ 88.95841381712799, 22.616429387044889 ], [ 88.937204639084001, 22.591393415579073 ], [ 88.942424776149494, 22.562395401678035 ], [ 88.963123190089235, 22.548498118242787 ], [ 88.974418460046351, 22.497336845621671 ], [ 88.997140598658163, 22.469916620069725 ], [ 88.990561704029886, 22.445626603995194 ], [ 89.001799493486928, 22.430486324478629 ], [ 88.973475582934242, 22.411515508205365 ], [ 88.992978980627925, 22.390823769195634 ], [ 88.983558317700641, 22.374950971619558 ], [ 88.990045603034545, 22.365046513031167 ], [ 88.984178355571004, 22.327300763621626 ], [ 89.000750063605707, 22.323804192145879 ], [ 89.024211822920179, 22.297621610463736 ], [ 88.998516152920104, 22.296443135303402 ], [ 88.994169663401038, 22.286792791860545 ], [ 89.019748629669294, 22.268067763600321 ], [ 89.012057514718094, 22.253917969068144 ], [ 89.033044086641397, 22.258643180158224 ], [ 89.040126483393166, 22.228325922560249 ], [ 89.070752985326521, 22.197220484544989 ], [ 89.063390258510566, 22.168751777224031 ], [ 89.072367903780759, 22.147477867480923 ], [ 89.089790537375109, 22.160304936695479 ], [ 89.098105765853091, 22.153631130574119 ], [ 89.049276930388046, 22.115605399339138 ], [ 89.039437033599128, 22.099756521817106 ], [ 89.048268046865488, 22.058483163613978 ], [ 89.08155414953805, 22.010672440792955 ], [ 89.070689489707277, 22.011351405909895 ], [ 89.066240398209743, 21.935762628128114 ], [ 89.027099741268614, 21.925829767423849 ], [ 89.000609396415399, 21.950695520124299 ], [ 89.013045859159988, 21.970468773409394 ], [ 89.007280076407781, 21.973204118794502 ], [ 88.986617627418767, 21.946201330155052 ], [ 89.021897832816876, 21.921560916870074 ], [ 89.009592824141066, 21.896107659571502 ], [ 88.962117425517334, 21.923714200626218 ], [ 88.939931016089844, 21.926492612373313 ], [ 88.925534901909103, 21.942934129965078 ], [ 88.924711832208132, 21.960450670408346 ], [ 88.948364044244315, 21.999206802644181 ], [ 88.939097710086202, 22.026073170072234 ], [ 88.939523728024867, 22.056813831989349 ], [ 88.980795777216429, 22.080038145691741 ], [ 88.988012081335981, 22.112620370328639 ], [ 88.965204408736099, 22.07558877536648 ], [ 88.933535273574961, 22.067792760599005 ], [ 88.930921927988081, 21.987348983360441 ], [ 88.915850966128247, 21.977837197854249 ], [ 88.909220676187644, 22.000747475169877 ], [ 88.898638744024595, 22.00201375923875 ], [ 88.901713279288472, 21.976320006597895 ], [ 88.894777761577259, 21.967904155931155 ], [ 88.905213861237073, 21.961993443215651 ], [ 88.90259983023563, 21.938509910552316 ], [ 88.893997640330014, 21.942497290847012 ], [ 88.899204853333501, 21.924087452932394 ], [ 88.872033746293326, 21.920539689766706 ], [ 88.84087628343319, 21.936711002815528 ], [ 88.836993712672964, 21.975392411648283 ], [ 88.80479178761513, 21.966210438535722 ], [ 88.782848691373928, 21.968457886815123 ], [ 88.776236774675823, 21.986975225769491 ], [ 88.757558453519465, 21.984154483716264 ], [ 88.76133872952505, 21.999464659925462 ], [ 88.742133415300515, 21.979067462263504 ], [ 88.762308742945223, 22.015385544706472 ], [ 88.752342385822203, 22.049099211469404 ], [ 88.775562641157379, 22.050532504703018 ], [ 88.748192741436412, 22.056323352055465 ], [ 88.758688157752772, 22.079037193641167 ], [ 88.777287733489629, 22.087079116525651 ], [ 88.785371767952867, 22.106828519242505 ], [ 88.803555365322708, 22.107086078849512 ], [ 88.811386592305396, 22.124498090523055 ], [ 88.830967290927575, 22.122978080926742 ], [ 88.806685066128168, 22.132615514376742 ], [ 88.795872174410604, 22.113327895204819 ], [ 88.771958513100913, 22.106976128049542 ], [ 88.770430000898898, 22.093151822828585 ], [ 88.751778616624634, 22.083719905151707 ], [ 88.728124896317112, 22.043835632851152 ], [ 88.740011592802773, 22.020150446833725 ], [ 88.706837457943877, 21.989762325834967 ], [ 88.6996271491805, 21.97258666451177 ], [ 88.704877323214163, 21.945903531527261 ], [ 88.651586155982557, 21.94463087857655 ], [ 88.637393263176989, 21.957580430422635 ], [ 88.625070534333872, 21.956076908254861 ], [ 88.622145205645438, 21.987769493209033 ], [ 88.646711025885082, 22.039373110135884 ], [ 88.646812963110293, 22.048723391153558 ], [ 88.638118110186468, 22.046108699951997 ], [ 88.602729337996394, 21.982104306348518 ], [ 88.605016178316845, 21.96103554366567 ], [ 88.618844133233196, 21.938487083280528 ], [ 88.60512103327008, 21.933230447922352 ], [ 88.606120629110919, 21.905508382502035 ], [ 88.572288980464663, 21.884146823939133 ], [ 88.568263082602499, 21.905276007757546 ], [ 88.562077516219688, 21.900735406986929 ], [ 88.542375735476995, 21.908201785901099 ], [ 88.546158922024105, 21.880849071427559 ], [ 88.538267994804244, 21.860152022997969 ], [ 88.523767065196182, 21.853609691685389 ], [ 88.494879498633622, 21.8769697302066 ], [ 88.497769540599393, 21.891251673711249 ], [ 88.513574544623935, 21.902702621822428 ], [ 88.52054388749886, 21.910668042182778 ], [ 88.525279853287444, 21.91816471990381 ], [ 88.501981519981072, 21.896791266336802 ], [ 88.523668591874724, 21.924019148335216 ], [ 88.521173069320511, 21.940615759987729 ], [ 88.498443937324225, 21.965417363455408 ], [ 88.515063230916141, 21.988138116760883 ], [ 88.495784632130736, 21.97389413964353 ], [ 88.493368115507437, 21.96030869654761 ], [ 88.507385318504689, 21.931550293587915 ], [ 88.476194494909848, 21.89735327817143 ], [ 88.501450876159566, 21.80907929222337 ], [ 88.466164048381188, 21.783307569209281 ], [ 88.454030704162889, 21.750993931843141 ], [ 88.455281410566656, 21.71236042049134 ], [ 88.414083171450415, 21.692715248033913 ], [ 88.412524741756187, 21.653997002704955 ], [ 88.432831672590055, 21.623929672663838 ], [ 88.412687435637281, 21.608273228866508 ], [ 88.411119826957474, 21.583671684570351 ], [ 88.387934653529115, 21.593696610412859 ], [ 88.395557727385736, 21.599540499074706 ], [ 88.383061437741532, 21.60841926584331 ], [ 88.384165369309343, 21.651508881714658 ], [ 88.3690787084916, 21.680140570053556 ], [ 88.35075955354877, 21.692152061538263 ], [ 88.330019965328006, 21.722305577201606 ], [ 88.322429418569499, 21.721558959467835 ], [ 88.330239890875845, 21.708878914905309 ], [ 88.304590955728429, 21.717509838100352 ], [ 88.309197786898295, 21.736155780579775 ], [ 88.299740323587073, 21.784315463447772 ], [ 88.26540198200145, 21.801337314402428 ], [ 88.301356123288627, 21.823807576126541 ], [ 88.309876125430577, 21.835725212775507 ], [ 88.263755503934618, 21.811813712048018 ], [ 88.262688882993814, 21.800896043176056 ], [ 88.290617927385284, 21.77279514829819 ], [ 88.295473367310009, 21.727582181227806 ], [ 88.273875481954377, 21.727525623386057 ], [ 88.305382570021408, 21.669903426805615 ], [ 88.290835603551656, 21.623365333245946 ], [ 88.29664339152653, 21.59421321155261 ], [ 88.285839626692294, 21.59413096039783 ], [ 88.286977565781839, 21.576276169480266 ], [ 88.276486072408304, 21.580273813289352 ], [ 88.274370558778841, 21.568728635337102 ], [ 88.250710765859978, 21.557684568842138 ], [ 88.240471390959158, 21.572391504054309 ], [ 88.258356090087901, 21.594415817665219 ], [ 88.242042739325512, 21.619758190637512 ], [ 88.254266752302058, 21.630192280303287 ], [ 88.23966267992968, 21.621031641119295 ], [ 88.254183618612416, 21.59562655127008 ], [ 88.246033280396418, 21.584402697112232 ], [ 88.218255485349331, 21.614979354063703 ], [ 88.236979763417295, 21.643690778055628 ], [ 88.23054965674956, 21.657861590449823 ], [ 88.230827070882327, 21.643460391855537 ], [ 88.210163061519665, 21.617292436777621 ], [ 88.211595587835262, 21.600358144299879 ], [ 88.202697398551976, 21.605941290956139 ], [ 88.18130961836151, 21.662366404547218 ], [ 88.178299627050805, 21.702018124310637 ], [ 88.197246852599264, 21.722314535823109 ], [ 88.202597730471169, 21.710726790612132 ], [ 88.181176499714496, 21.687414899675282 ], [ 88.207021564936227, 21.709661371825316 ], [ 88.214976236608607, 21.763326192769316 ], [ 88.195708856882788, 21.842603204789153 ], [ 88.158238417786478, 21.887318375421557 ], [ 88.16938314627167, 21.9068788080335 ], [ 88.164642132849494, 21.930342178908827 ], [ 88.141316010159784, 21.957276090377242 ], [ 88.150994153603691, 21.963673155378309 ], [ 88.158773115704847, 21.991185242000057 ], [ 88.212798931464008, 22.051627454364731 ], [ 88.225193475224174, 22.07908997438977 ], [ 88.224251551224597, 22.099173746080943 ], [ 88.194397840285788, 22.183638402620875 ], [ 88.164416521864212, 22.19784815502387 ], [ 88.115922539709516, 22.209294015422746 ], [ 88.071615775773992, 22.209818028055665 ], [ 88.070035318490667, 22.215268952427071 ], [ 88.088190979153481, 22.242892995272491 ], [ 88.087864610430984, 22.270444211780884 ], [ 88.102702856529902, 22.287935406406934 ], [ 88.106136030696234, 22.28497120383863 ], [ 88.108639021843757, 22.286109537566876 ], [ 88.103058736706132, 22.288962947580796 ], [ 88.100936532424413, 22.332186273468803 ], [ 88.106883775762327, 22.374687603194495 ], [ 88.14548614332061, 22.408579294207165 ], [ 88.145856608543752, 22.425522930461074 ], [ 88.12643271265101, 22.44816450672425 ], [ 88.12194527117569, 22.466328034973028 ], [ 88.16570261111039, 22.476262929233584 ], [ 88.205054895861096, 22.509982743397291 ], [ 88.239815237221123, 22.522422802833528 ], [ 88.242606618117563, 22.530562000722625 ], [ 88.233742116555732, 22.545154587415972 ], [ 88.238433739705258, 22.561149764889095 ], [ 88.304790133786497, 22.548401067303981 ], [ 88.322860198477471, 22.553764015162677 ], [ 88.236670237208074, 22.562476848708375 ], [ 88.23180990685492, 22.545061291676333 ], [ 88.237179036696787, 22.527615503048363 ], [ 88.198062268653999, 22.515765674967046 ], [ 88.168413490380971, 22.484716337696369 ], [ 88.12873947401124, 22.478823435523481 ], [ 88.11462706127196, 22.468560167365695 ], [ 88.118993224794053, 22.444349269013934 ], [ 88.138499933677878, 22.414497412814846 ], [ 88.100051761039836, 22.385257116643981 ], [ 88.088007730920367, 22.366706796042845 ], [ 88.090225249148645, 22.304496239594656 ], [ 88.076418473811756, 22.287746240544649 ], [ 88.071713278016617, 22.244842996041758 ], [ 88.048282197965733, 22.217830426705472 ], [ 88.025867939849562, 22.222378632471298 ], [ 88.013727277954956, 22.240689649812435 ], [ 87.9592305958666, 22.280197571394812 ], [ 87.947893868659108, 22.416488153195843 ], [ 87.923883656422646, 22.431071359900059 ], [ 87.897710723190229, 22.431604571041202 ], [ 87.880909818095617, 22.448750463064858 ], [ 87.905755526428365, 22.471669691691481 ], [ 87.902190353814191, 22.487955870224067 ], [ 87.888720512285843, 22.495449450949899 ], [ 87.891351788245828, 22.527379040164512 ], [ 87.896934274255884, 22.5292551315944 ], [ 87.901024858903327, 22.537156573040985 ], [ 87.889665776221662, 22.528388979479516 ], [ 87.886853971228959, 22.538202181262871 ], [ 87.883542853855204, 22.530551978982221 ], [ 87.865897809074625, 22.533414831564901 ], [ 87.863127982355124, 22.541000090655075 ], [ 87.845312885592946, 22.556276315084599 ], [ 87.857024182426144, 22.584873126863112 ], [ 87.854416537548033, 22.59732276281018 ], [ 87.842669553343569, 22.557141633529412 ], [ 87.864567077152088, 22.53117403079726 ], [ 87.887261164970838, 22.524724283497097 ], [ 87.879662841496881, 22.492440006079455 ], [ 87.89962297771531, 22.470583526606806 ], [ 87.881857780570556, 22.464316856621231 ], [ 87.87322517281109, 22.447730256785402 ], [ 87.896592125727096, 22.427776300361511 ], [ 87.936693160758679, 22.421575750866744 ], [ 87.94983404821312, 22.353904771036035 ], [ 87.950528208772511, 22.28258248991704 ], [ 87.968129599023555, 22.259872207672952 ], [ 88.009047685043726, 22.240287593383968 ], [ 87.991319741033763, 22.227643800673164 ], [ 87.994750994602001, 22.208764290574887 ], [ 88.021712495041982, 22.198421072216171 ], [ 88.035892585058122, 22.206975679219504 ], [ 88.07117436610126, 22.18320190658396 ], [ 88.102959571681936, 22.191857749098851 ], [ 88.134075028421066, 22.182844276232711 ], [ 88.186281264351379, 22.121683835736501 ], [ 88.183738779670747, 22.097499942893986 ], [ 88.157503211405142, 22.066213011705667 ], [ 88.065692032363913, 22.016349778186171 ], [ 88.030321116885034, 22.049434884702482 ], [ 88.026826665039934, 22.070463957317525 ], [ 87.988603680280661, 22.091761350771318 ], [ 87.988644136807793, 22.080878747708283 ], [ 88.014952618630062, 22.062573995458891 ], [ 88.021636419415529, 22.039479285765726 ], [ 88.034851885903151, 22.020092147705924 ], [ 88.047164516784179, 22.016311349117831 ], [ 88.049570227572914, 22.003300047037364 ], [ 88.013634957194895, 21.945064801516814 ], [ 87.995914468303511, 21.891949578074954 ], [ 87.939886383234537, 21.817396306416839 ], [ 87.893522625520404, 21.793517713676831 ], [ 87.868830523711324, 21.759042633973216 ], [ 87.79274641535217, 21.704621758208773 ], [ 87.746379849504493, 21.69534925392167 ], [ 87.742423675281429, 21.68016451707177 ], [ 87.674888601715921, 21.653464137985548 ], [ 87.673816603459812, 21.645564691507587 ], [ 87.661228841963478, 21.643984580505279 ], [ 87.641580902645615, 21.65518605721504 ], [ 87.631769459095011, 21.643771214163177 ], [ 87.574090689148747, 21.635578374488681 ], [ 87.514951289991544, 21.615985807486865 ], [ 87.486281848753023, 21.609677670258289 ], [ 87.483625553814079, 21.61898339582897 ], [ 87.484083351452554, 21.610566853282819 ], [ 87.443805081510334, 21.596249047425047 ], [ 87.412719539568485, 21.550618776742404 ], [ 87.378078405544983, 21.559006248100879 ], [ 87.259188395307874, 21.554482947719169 ], [ 87.198732762138519, 21.546140126924961 ], [ 87.124797834469035, 21.511487263811247 ], [ 87.117375244820906, 21.517439551803655 ], [ 87.103911279172834, 21.490982605143873 ], [ 87.070964072229458, 21.46849247587442 ], [ 87.059948457701751, 21.472764517239057 ], [ 86.944950328364513, 21.355744585357815 ], [ 86.859123897324295, 21.212899525186529 ], [ 86.84130025938039, 21.203711448839908 ], [ 86.861322311081452, 21.203617315521349 ], [ 86.847209368336166, 21.178798847956831 ], [ 86.847116197769836, 21.120307690381122 ], [ 86.873774029016204, 21.046407861406632 ], [ 86.98595679154063, 20.854874848405426 ], [ 86.971377069800681, 20.786696561397683 ], [ 86.955417428884786, 20.774244682934597 ], [ 86.94817532425192, 20.777206021437102 ], [ 86.944439840043046, 20.766285691922668 ], [ 87.023951823406662, 20.76955460980421 ], [ 87.041458793534815, 20.758730190075891 ], [ 87.041601666987503, 20.737192237146349 ], [ 87.058528275136467, 20.716561878738535 ], [ 86.775518070225402, 20.520552276535671 ], [ 86.745915424035431, 20.46783759794549 ], [ 86.734532728238207, 20.463898422661721 ], [ 86.728831042976495, 20.440483184296269 ], [ 86.733846922909279, 20.414598915294441 ], [ 86.724645368062951, 20.393640289750969 ], [ 86.739508281899589, 20.400608787108379 ], [ 86.74358127304221, 20.380238821422289 ], [ 86.751508145449819, 20.387459961870913 ], [ 86.746713512486664, 20.378401743951052 ], [ 86.776464440885619, 20.405216170993089 ], [ 86.781177198698856, 20.37841309536039 ], [ 86.797533899461911, 20.375549910824819 ], [ 86.791039873170121, 20.365559670324242 ], [ 86.789204809979069, 20.37441544279659 ], [ 86.779058305607279, 20.356408653445659 ], [ 86.791766837508732, 20.364603244960005 ], [ 86.794595482319764, 20.369009458218162 ], [ 86.798285752523796, 20.363189283850279 ], [ 86.74761523867393, 20.306965755455778 ], [ 86.681157176862087, 20.27101076010085 ], [ 86.679840162213949, 20.264163421678564 ], [ 86.669253848068948, 20.275665029236318 ], [ 86.67212093268931, 20.262445855897987 ], [ 86.680188775019516, 20.25988988733716 ], [ 86.595571446707325, 20.22441096339913 ], [ 86.520439716042716, 20.170072654712126 ], [ 86.492094544163891, 20.117980575376322 ], [ 86.433965096626125, 20.052087810195225 ], [ 86.414024358627927, 19.997263047412883 ], [ 86.384611779782432, 19.976041186404405 ], [ 86.374432570446075, 19.956658300486424 ], [ 86.414020591093632, 19.974090958513738 ], [ 86.41103007346166, 19.96833168201583 ], [ 86.388179537747973, 19.951960081625717 ], [ 86.309180064813518, 19.938509093192511 ], [ 86.196244008329529, 19.887091875529954 ], [ 85.86417269865521, 19.803301749439491 ], [ 85.639215049086857, 19.723702223255994 ], [ 85.324810651882089, 19.568527874247618 ], [ 85.145950968298251, 19.447632178774704 ], [ 85.102560437443515, 19.411368036023482 ], [ 85.078515799070431, 19.373997923910846 ], [ 84.932049530820265, 19.278174533328958 ], [ 84.814747242542197, 19.162903479210517 ], [ 84.765178109943065, 19.077608813203017 ], [ 84.686947716164369, 18.970865393647845 ], [ 84.676386132639138, 18.967678272877507 ], [ 84.684477040112569, 18.967471280961 ], [ 84.586532428416078, 18.866650486051832 ], [ 84.557838284405548, 18.817752010179024 ], [ 84.551926573928711, 18.791040926475191 ], [ 84.469662893644681, 18.714427790716837 ], [ 84.439851353218529, 18.659496533983045 ], [ 84.366693389218128, 18.590880326128985 ], [ 84.354728528522926, 18.554914448974511 ], [ 84.21498079531699, 18.44130259731023 ], [ 84.147413880067901, 18.373422983481472 ], [ 84.126895146252991, 18.343853074791646 ], [ 84.126859351982191, 18.313365502425686 ], [ 84.078792420828705, 18.287739054324469 ], [ 84.070962076889941, 18.276593365348543 ], [ 83.935878608641517, 18.209040838072521 ], [ 83.888166784214832, 18.195486911062758 ], [ 83.860388974794702, 18.174283803327807 ], [ 83.809930848729152, 18.156032298008711 ], [ 83.794974731986841, 18.168398612431567 ], [ 83.805263810672315, 18.154038769400685 ], [ 83.707325121568488, 18.106027228156151 ], [ 83.604752684175594, 18.037275471697413 ], [ 83.56937420667866, 18.011799412256249 ], [ 83.558299976180351, 17.98243160804283 ], [ 83.531754945485872, 17.951131015363824 ], [ 83.520083198779702, 17.951489557871962 ], [ 83.525026832604084, 17.9472778305223 ], [ 83.513018178140499, 17.937267023205848 ], [ 83.458652866577594, 17.90108899787834 ], [ 83.443717295204124, 17.872783002872374 ], [ 83.407096374007409, 17.84103298364721 ], [ 83.416248481088928, 17.833683983898563 ], [ 83.410869589254872, 17.809358186773416 ], [ 83.38902387757696, 17.790241848100706 ], [ 83.385799760241881, 17.777350917047894 ], [ 83.354584976781794, 17.755983619382494 ], [ 83.343952766810602, 17.737643450568861 ], [ 83.346399589896635, 17.72614537159469 ], [ 83.296911020008821, 17.693320232629816 ], [ 83.294874340732022, 17.674520786647765 ], [ 83.238528656294378, 17.629952603063181 ], [ 83.216469988198597, 17.595497077262927 ], [ 83.148749138540751, 17.557197717539719 ], [ 83.032549773920763, 17.514395672710531 ], [ 82.974781970150048, 17.466107823147901 ], [ 82.726352103978996, 17.354882899004959 ], [ 82.561936540544664, 17.261570265246373 ], [ 82.443092580643963, 17.174808669670636 ], [ 82.319308649350319, 17.057848913590316 ], [ 82.288220610091969, 17.015989722236629 ], [ 82.268644029347044, 16.956540762834702 ], [ 82.27137894663629, 16.947950774619397 ], [ 82.27225109309785, 16.947753576011934 ], [ 82.275685935435675, 16.9514285664347 ], [ 82.277116767528639, 16.951701507111142 ], [ 82.264930573625563, 16.93890640800668 ], [ 82.270554370460573, 16.941418591223449 ], [ 82.273457172994966, 16.947594287073905 ], [ 82.276834112624499, 16.950577852940928 ], [ 82.277882955905838, 16.950695706164932 ], [ 82.271145259796583, 16.941296092652436 ], [ 82.246707939066724, 16.917847218156684 ], [ 82.24303893018886, 16.917836642760975 ], [ 82.241444283117332, 16.908036595968593 ], [ 82.248266814325333, 16.876465117492966 ], [ 82.259821798909229, 16.884451017540911 ], [ 82.265994054954447, 16.869824595255938 ], [ 82.281878629051917, 16.871962189039554 ], [ 82.282255582806414, 16.864827410433673 ], [ 82.301580590356039, 16.862643011776072 ], [ 82.31422884081033, 16.845879806249389 ], [ 82.326726397079099, 16.855138429762047 ], [ 82.361571128871901, 16.854447139525057 ], [ 82.357714837426968, 16.950026764056844 ], [ 82.326260764334748, 16.988334985327192 ], [ 82.338431553029025, 16.986733301575942 ], [ 82.355645716392004, 16.967794319605463 ], [ 82.366364978504109, 16.911358526785943 ], [ 82.365273783250387, 16.875990519154222 ], [ 82.341796088721111, 16.728436171156122 ], [ 82.339268873603672, 16.716120790785389 ], [ 82.333344961310317, 16.716730546725348 ], [ 82.344928354216705, 16.704552980837519 ], [ 82.327688392137105, 16.684920742221486 ], [ 82.353995442044805, 16.705631762664996 ], [ 82.346449336740022, 16.715637895887077 ], [ 82.353742040777874, 16.713620656456445 ], [ 82.354963512409043, 16.704280134692198 ], [ 82.359877683288758, 16.710844480398233 ], [ 82.365338093641597, 16.706654000883812 ], [ 82.345547578213441, 16.696506635319434 ], [ 82.317288102019418, 16.66226636665527 ], [ 82.329052795611432, 16.614475187326544 ], [ 82.318874298639088, 16.576826301608104 ], [ 82.313589713740186, 16.574858979124656 ], [ 82.317817216908296, 16.581710710035129 ], [ 82.31481962594178, 16.581112249663502 ], [ 82.309245893115829, 16.592629107836284 ], [ 82.317961411782747, 16.587181801422478 ], [ 82.325509917385972, 16.61684837336119 ], [ 82.312822792337741, 16.668011947327745 ], [ 82.312141746283174, 16.627075349465258 ], [ 82.306853357917348, 16.622783312970252 ], [ 82.307502946767301, 16.639927248920991 ], [ 82.304182945953727, 16.628789353526216 ], [ 82.304490226374767, 16.636741884432283 ], [ 82.29601411412095, 16.626031923736424 ], [ 82.299931521547947, 16.636341903836694 ], [ 82.29562030617511, 16.626021807234174 ], [ 82.284259143893607, 16.62602716373841 ], [ 82.290420595900898, 16.609748379205676 ], [ 82.284896092549161, 16.599990034380024 ], [ 82.29463741630363, 16.602540005796811 ], [ 82.298824409944004, 16.586435836648469 ], [ 82.287278457920337, 16.570957626627308 ], [ 82.263084562666137, 16.56301934350018 ], [ 82.276880789086647, 16.559394763889053 ], [ 82.293462361521506, 16.563045158377069 ], [ 82.293677052586233, 16.567574975519257 ], [ 82.297175289033603, 16.567567980585196 ], [ 82.293698366912963, 16.558054710975931 ], [ 82.280986509448311, 16.55864572336694 ], [ 82.289993047232983, 16.554865949594515 ], [ 82.299640892298996, 16.558194351309684 ], [ 82.299154540810918, 16.572236628401118 ], [ 82.300870198137744, 16.562390009123135 ], [ 82.310668384351388, 16.567738223293585 ], [ 82.31343646294934, 16.564820107344168 ], [ 82.31367129424271, 16.558735203064973 ], [ 82.312852142993023, 16.563486474187751 ], [ 82.299484326724766, 16.555938897657963 ], [ 82.234911560996352, 16.546011453774682 ], [ 81.970448205206537, 16.407559656084654 ], [ 81.957731890301474, 16.392374455669273 ], [ 81.939406403134214, 16.395376091092746 ], [ 81.878150961239797, 16.382631288958486 ], [ 81.720787502467516, 16.306860111182591 ], [ 81.71921152957411, 16.315577558354047 ], [ 81.690639904090247, 16.327471792365351 ], [ 81.487242275888306, 16.355066105215698 ], [ 81.393791094735136, 16.342473151811653 ], [ 81.305350136823421, 16.303533814806269 ], [ 81.246191595465831, 16.258865907761365 ], [ 81.213763665960627, 16.207218327951455 ], [ 81.191365327787921, 16.102823684203287 ], [ 81.145541135962688, 16.012945117698539 ], [ 81.148045215868294, 15.973701412883724 ], [ 81.134851045741115, 15.972158460050188 ], [ 81.132546633475371, 15.962079378258698 ], [ 81.055374444321586, 15.897207387099439 ], [ 81.00477141550914, 15.837804230757545 ], [ 81.020562493850178, 15.793007714698184 ], [ 81.011335632563956, 15.801524184184219 ], [ 81.00724688227632, 15.7900594939988 ], [ 81.014452174847165, 15.771267749947699 ], [ 81.011944451374731, 15.765986573823957 ], [ 80.998451330904132, 15.76969143345341 ], [ 80.999320773436708, 15.758866188973732 ], [ 81.009514436665953, 15.761845014793998 ], [ 81.008459412077144, 15.752928471303171 ], [ 80.937219266766689, 15.71440411576366 ], [ 80.932000614616385, 15.723682208004742 ], [ 80.850023987388127, 15.705864822008124 ], [ 80.821515641029492, 15.709338465431061 ], [ 80.809638243005338, 15.721929715237108 ], [ 80.809229002901233, 15.73496515397367 ], [ 80.798084190872743, 15.742416685240789 ], [ 80.788429645273013, 15.757228854260497 ], [ 80.787715977797248, 15.764262861962507 ], [ 80.79046111971104, 15.769858319042251 ], [ 80.799649286964694, 15.776774539241154 ], [ 80.790356603422694, 15.768668941761273 ], [ 80.791217248753696, 15.753633851524114 ], [ 80.810242794818507, 15.735262148819295 ], [ 80.811430024467668, 15.727060477887388 ], [ 80.816713945511552, 15.716993848170047 ], [ 80.822273755348917, 15.710418313076318 ], [ 80.813281746915649, 15.72866786624637 ], [ 80.817531631609071, 15.749358022054633 ], [ 80.779629013927874, 15.835295984842601 ], [ 80.780170694450945, 15.841649884841363 ], [ 80.800912404492422, 15.805791358551589 ], [ 80.802455765846105, 15.816096733021226 ], [ 80.815607214793317, 15.81069529141099 ], [ 80.807020338468377, 15.840445715925135 ], [ 80.773883178266559, 15.866267053913264 ], [ 80.680607013185252, 15.885399672773751 ], [ 80.536457501849455, 15.852303241507213 ], [ 80.428562600297113, 15.80468243111417 ], [ 80.345607396907326, 15.751205456965325 ], [ 80.288665148475999, 15.693390691566192 ], [ 80.249133270737076, 15.627952268898989 ], [ 80.243137694443618, 15.630111511161768 ], [ 80.247871141356143, 15.625793414802969 ], [ 80.239718333671419, 15.6216406641524 ], [ 80.245017176630526, 15.620321939532969 ], [ 80.237211842687586, 15.600669928019709 ], [ 80.229054414069026, 15.604246202363083 ], [ 80.220626387734043, 15.600924560621605 ], [ 80.23472670286138, 15.599052193165528 ], [ 80.224125274561729, 15.594972651835205 ], [ 80.222383196884067, 15.582677466796428 ], [ 80.225523194179303, 15.593056811695936 ], [ 80.235064648172937, 15.59059049812201 ], [ 80.224675589691316, 15.56827092259082 ], [ 80.227905748196662, 15.546805566963785 ], [ 80.219725360436101, 15.538341859408236 ], [ 80.225731746157365, 15.540014107087224 ], [ 80.224793769355131, 15.533477518559286 ], [ 80.213995409683946, 15.526186091728293 ], [ 80.215335189438008, 15.515740374104292 ], [ 80.202134869444379, 15.515401071584773 ], [ 80.209594643057102, 15.511467627495684 ], [ 80.194225702831019, 15.505014629550022 ], [ 80.203053701351266, 15.506099102506527 ], [ 80.198847437949766, 15.493144550695797 ], [ 80.210516356759413, 15.493509117170545 ], [ 80.204962614143525, 15.47389098920373 ], [ 80.121834790488748, 15.367873673106354 ], [ 80.084740958397219, 15.283335439189038 ], [ 80.088164389435974, 15.238822245267801 ], [ 80.081732974821193, 15.249234024516554 ], [ 80.080711416069974, 15.241037123007699 ], [ 80.083428896161223, 15.222414304974665 ], [ 80.088892784790858, 15.235730192706407 ], [ 80.089030439031717, 15.211933044246623 ], [ 80.083610813091099, 15.191118992601877 ], [ 80.070850402583673, 15.182604829000462 ], [ 80.079650276649033, 15.181093902115641 ], [ 80.055657173725493, 15.123379192273219 ], [ 80.04697899622829, 15.07859830345817 ], [ 80.052807470607547, 15.011748512604825 ], [ 80.084375042242669, 14.883247704323328 ], [ 80.097724699965752, 14.779547901514395 ], [ 80.111518644665466, 14.741074442346692 ], [ 80.142066947355019, 14.703507051068371 ], [ 80.171178921160362, 14.611659800012838 ], [ 80.195513239263136, 14.585826953743377 ], [ 80.177283385842685, 14.494978082061495 ], [ 80.16856858762462, 14.354850864090166 ], [ 80.13010717471758, 14.231160878117192 ], [ 80.126413157640528, 14.164324223924803 ], [ 80.133778120363218, 14.096908349822323 ], [ 80.149950250573042, 14.031299643129014 ], [ 80.250644223570234, 13.796006127445599 ], [ 80.253664048738344, 13.780905105937229 ], [ 80.233899112837904, 13.697229814888106 ], [ 80.23517549488912, 13.647451173892419 ], [ 80.298031033035585, 13.483875674802094 ], [ 80.325960703552795, 13.441621337876494 ], [ 80.346485655506115, 13.313212745920424 ], [ 80.345206748290636, 13.279831513881174 ], [ 80.298372226655218, 13.137427971266284 ], [ 80.304166407848498, 13.130329380194016 ], [ 80.297774209187438, 13.132650596588791 ], [ 80.296794766151677, 13.123873369621201 ], [ 80.305466767731275, 13.130325257122102 ], [ 80.304900683575212, 13.110009650831273 ], [ 80.294881816330545, 13.092854990299708 ], [ 80.300705685945687, 13.091116694536092 ], [ 80.30373168972632, 13.102529494978576 ], [ 80.310720318532063, 13.108094868046321 ], [ 80.287320136933701, 13.067041222383995 ], [ 80.26682027402795, 12.969563638228975 ], [ 80.256155189310618, 12.842716328688091 ], [ 80.265795570274932, 12.781879352822013 ], [ 80.258445558213538, 12.756487520300254 ], [ 80.244700168353276, 12.751271822040126 ], [ 80.227093331616643, 12.707806234021469 ], [ 80.165614891936144, 12.527535100295585 ], [ 80.157012183702619, 12.468194844020815 ], [ 80.034163145294798, 12.301701763493636 ], [ 79.878882805106215, 12.054437643341181 ], [ 79.846901382314655, 11.978446707133978 ], [ 79.804845592563566, 11.827463326698178 ], [ 79.760548290582946, 11.624327097466585 ], [ 79.756930721034877, 11.556102976477646 ], [ 79.762789757896712, 11.529481528232102 ], [ 79.773905446543722, 11.504611076640996 ], [ 79.767428454106351, 11.511634010287846 ], [ 79.772624331269242, 11.501021877176262 ], [ 79.778138548012649, 11.501471941025253 ], [ 79.770596509381178, 11.513661959720471 ], [ 79.778338501316824, 11.506791975268618 ], [ 79.807388627013182, 11.444043279065664 ], [ 79.824189977672191, 11.362778772441532 ], [ 79.838702939315169, 11.353814363664997 ], [ 79.833673058240365, 11.301817532846021 ], [ 79.852510754002878, 11.196616763077573 ], [ 79.856805540087421, 11.112549876362047 ], [ 79.852665936171562, 10.83327382763787 ], [ 79.834339908218467, 10.812863469997755 ], [ 79.848722338362492, 10.810410391175127 ], [ 79.858369665100568, 10.472241830434587 ], [ 79.880307710114934, 10.304638201191906 ], [ 79.868339185191715, 10.286696505418867 ], [ 79.846676573524931, 10.27985587181848 ], [ 79.816241687631575, 10.275878347606255 ], [ 79.819061889177249, 10.279223918690949 ], [ 79.813181138238349, 10.288697818498541 ], [ 79.815479296433068, 10.276899851960437 ], [ 79.796551646971281, 10.273311071378842 ], [ 79.711668198146086, 10.279312770671867 ], [ 79.720795065263047, 10.287957839368389 ], [ 79.638667570474396, 10.34222170353714 ], [ 79.637002665266181, 10.378633827041426 ], [ 79.559979844384571, 10.385747201726302 ], [ 79.535445508298977, 10.358840212600917 ], [ 79.50245565743073, 10.379817656911456 ], [ 79.502399108483573, 10.34911003377934 ], [ 79.475895252968471, 10.350688434621656 ], [ 79.471839656803056, 10.315981697243478 ], [ 79.387931509780131, 10.317483182999977 ], [ 79.360200479230102, 10.291192164932921 ], [ 79.329121254241315, 10.284327226498357 ], [ 79.298325085703638, 10.263265106317265 ], [ 79.268135197337699, 10.232776090570841 ], [ 79.277212929303616, 10.213261652954843 ], [ 79.241398494907685, 10.184838451052343 ], [ 79.238660560177422, 10.159832050373492 ], [ 79.225533449286175, 10.145795883226102 ], [ 79.233251622392046, 10.127073772972931 ], [ 79.229212254292221, 10.107433403098709 ], [ 79.222984603634998, 10.105975231874909 ], [ 79.219747450846825, 10.11259881654621 ], [ 79.219341542594123, 10.113023868668796 ], [ 79.218962754479818, 10.112567405860672 ], [ 79.22246894910235, 10.105487169916822 ], [ 79.22879188675671, 10.105336008257265 ], [ 79.227007639464659, 10.073552606679534 ], [ 79.231544477500847, 10.081932269536871 ], [ 79.23397223384498, 10.070562313791086 ], [ 79.247926104716385, 10.07084224207092 ], [ 79.253302273756816, 10.058549082515453 ], [ 79.246995105128974, 10.056761149918939 ], [ 79.265969964652186, 10.039201201090169 ], [ 79.214734264063239, 10.000020186722455 ], [ 79.150361619623922, 9.919606234440947 ], [ 79.138726209770979, 9.920831985777442 ], [ 79.14686861316811, 9.911406183929147 ], [ 79.139760460818849, 9.904648330304665 ], [ 79.139108622587429, 9.907442065919641 ], [ 79.136537319952467, 9.909607514995162 ], [ 79.131312221491683, 9.897040484422211 ], [ 79.127979616416368, 9.90274096361188 ], [ 79.126716745925336, 9.903694812055875 ], [ 79.125358124906469, 9.903676733844836 ], [ 79.12389015196807, 9.883533084128079 ], [ 79.118300855829844, 9.890625793300494 ], [ 79.111120417846308, 9.892809007332854 ], [ 79.121437521273705, 9.880481681818287 ], [ 79.112808437605139, 9.86020218802582 ], [ 79.122057698382946, 9.860270202905745 ], [ 79.119805884273717, 9.853710819211033 ], [ 79.1100369579855, 9.857815211666606 ], [ 79.116788203384175, 9.850397541735257 ], [ 79.085531932131019, 9.819815624193565 ], [ 79.055043224575698, 9.77166548594192 ], [ 79.031818493833811, 9.757134226187665 ], [ 78.992692349176082, 9.709551806649168 ], [ 78.955577751628454, 9.624226735921773 ], [ 78.929054877880475, 9.584305615126308 ], [ 78.924323577043154, 9.528638956185214 ], [ 78.909591264774093, 9.49849184225471 ], [ 78.914355977550088, 9.492896197766623 ], [ 78.898960173205424, 9.491075820861827 ], [ 78.900383791826656, 9.468616994474475 ], [ 78.933522020125352, 9.411937191561069 ], [ 79.012875613436364, 9.33294213851377 ], [ 79.0673068020523, 9.297870897302962 ], [ 79.183967835151336, 9.282779546077807 ], [ 79.265768350363103, 9.29271278466072 ], [ 79.290564654050172, 9.31983924410634 ], [ 79.317835107574226, 9.325802959320324 ], [ 79.335004621972629, 9.312012605814083 ], [ 79.314838489483122, 9.283068147619392 ], [ 79.323842917125219, 9.263544531431124 ], [ 79.416274760162565, 9.187063962006505 ], [ 79.435679568652148, 9.164136502998963 ], [ 79.435332731815876, 9.157757772242597 ], [ 79.416187232812831, 9.17720866162491 ], [ 79.299232394920367, 9.246732035466719 ], [ 79.251130219265036, 9.259959880369573 ], [ 79.214935047410719, 9.256165538590713 ], [ 79.216471438736079, 9.270923862213262 ], [ 79.21280068083837, 9.266681046723212 ], [ 79.203853315979771, 9.275357218613276 ], [ 79.201101346869791, 9.268525508438014 ], [ 79.202383532936082, 9.278068362030528 ], [ 79.207045048150533, 9.282454019410265 ], [ 79.146063501687976, 9.277042451015101 ], [ 79.088631495357006, 9.261068731883594 ], [ 78.964562277095411, 9.273927040984406 ], [ 78.923986961238214, 9.266344632833185 ], [ 78.908691178012234, 9.251539311673016 ], [ 78.860833735779636, 9.254783669317113 ], [ 78.732513966274709, 9.211486647119189 ], [ 78.717350784266145, 9.200767685539475 ], [ 78.716492408977871, 9.188977795856418 ], [ 78.664067369495456, 9.193422067888067 ], [ 78.642719364909141, 9.175747601571084 ], [ 78.657348823671413, 9.15761842085349 ], [ 78.606074838681693, 9.147664592578206 ], [ 78.578400269942222, 9.130324992712529 ], [ 78.532113496949648, 9.137314203032323 ], [ 78.408540932954097, 9.111337700448805 ], [ 78.214877204829151, 8.966031739006171 ], [ 78.186473710728791, 8.923585445551316 ], [ 78.16675816060939, 8.872882291679524 ], [ 78.159973024470005, 8.780172073228497 ], [ 78.179327989936041, 8.766685566023787 ], [ 78.197286953687623, 8.7888102642164 ], [ 78.197450728242018, 8.76480909690129 ], [ 78.22610629500096, 8.751535160330899 ], [ 78.215890055311988, 8.742424036776963 ], [ 78.192695570845672, 8.751237245260263 ], [ 78.165815885368545, 8.743971551301215 ], [ 78.153885178620456, 8.712213579598926 ], [ 78.135782459270601, 8.693258512672593 ], [ 78.126390830791593, 8.624717591453223 ], [ 78.137796175812085, 8.585959782323645 ], [ 78.123278318350799, 8.530168529345802 ], [ 78.130410869841484, 8.496905242201002 ], [ 78.063709266671282, 8.417983163191618 ], [ 78.056714986564074, 8.379409362069046 ], [ 78.067243648630807, 8.373267083287592 ], [ 77.971644164441969, 8.333139816904689 ], [ 77.878934036804324, 8.268103937783879 ], [ 77.802739939620125, 8.240170077595806 ], [ 77.783588526109256, 8.2216482544691 ], [ 77.781124716779516, 8.201045587328316 ], [ 77.744526025292814, 8.176921703218463 ], [ 77.640181768799849, 8.157444515973852 ], [ 77.576926081499963, 8.136731719725121 ], [ 77.558576745858517, 8.119300671322696 ], [ 77.564142943615849, 8.092347310376708 ], [ 77.551143904636334, 8.078045210631002 ], [ 77.446675792923571, 8.094198943030374 ], [ 77.333881655881413, 8.12646488280312 ], [ 77.315485509928848, 8.121039369570743 ], [ 77.278861299101521, 8.160180880976633 ], [ 77.239777977133443, 8.176208634112477 ], [ 77.022049152403071, 8.356648018341591 ], [ 77.005363277478907, 8.361909754474365 ], [ 76.998406955684032, 8.379101114596338 ], [ 76.986733016190229, 8.378090003190703 ], [ 76.97287720721188, 8.392079986957169 ], [ 76.969904925380149, 8.414376653984929 ], [ 76.883449385281878, 8.511155429705726 ], [ 76.67119671477802, 8.78220481313825 ], [ 76.670702374572116, 8.79188761485168 ], [ 76.602161534638071, 8.869337563118103 ], [ 76.577613669026007, 8.885922889194545 ], [ 76.565860259172297, 8.883591712740557 ], [ 76.548477757813259, 8.899648741561688 ], [ 76.522584485400131, 8.997353175262143 ], [ 76.485590333965803, 9.086050122224258 ], [ 76.476474300531166, 9.117225856103197 ], [ 76.481679337815024, 9.124211842759479 ], [ 76.463610202880346, 9.133398401263799 ], [ 76.357452997023699, 9.364018856544075 ], [ 76.323945681517486, 9.460548001747558 ], [ 76.302630280386126, 9.573969532378122 ], [ 76.276882825204851, 9.808690120258092 ], [ 76.233047659725514, 9.991066443203156 ], [ 76.219474710467182, 10.003516866048379 ], [ 76.205683260389037, 10.040053718554548 ], [ 76.164958044457009, 10.174389013314926 ], [ 76.16898310508931, 10.184500804308039 ], [ 76.13888754342149, 10.234270951636596 ], [ 76.138546227630954, 10.259204761827622 ], [ 76.093901263262325, 10.393607320266375 ], [ 76.061408376578925, 10.466525577913329 ], [ 76.031922481731485, 10.508107945093213 ], [ 76.009651752838181, 10.573424638870039 ], [ 75.955325449718174, 10.684301084246147 ], [ 75.960839927871334, 10.687533041506368 ], [ 75.953513346567462, 10.687725455032375 ], [ 75.923745260346578, 10.766704619287014 ], [ 75.900686047789051, 10.803896282604835 ], [ 75.851157807399943, 11.054975132871917 ], [ 75.829893557239146, 11.126989403059753 ], [ 75.796824745355735, 11.180532907360718 ], [ 75.738530592608967, 11.329290177818132 ], [ 75.738621467081401, 11.358486237537308 ], [ 75.687612619847755, 11.440005007903272 ], [ 75.661001768694135, 11.459700774501083 ], [ 75.632229724578806, 11.463388377794066 ], [ 75.61979083638289, 11.478657784876734 ], [ 75.557807524648098, 11.651695850046561 ], [ 75.510286668576057, 11.729657760732845 ], [ 75.480324932529342, 11.753044690119276 ], [ 75.47273098205423, 11.769788745427988 ], [ 75.457219873552987, 11.76723733627335 ], [ 75.456509875695119, 11.781513457942111 ], [ 75.387048188034697, 11.859101743179959 ], [ 75.356861510247597, 11.855769179318534 ], [ 75.348455650740604, 11.876573491983743 ], [ 75.319854008051493, 11.900393455209752 ], [ 75.323023807854625, 11.909619001506901 ], [ 75.308012797760242, 11.94053259864503 ], [ 75.315383638159815, 11.953157781606963 ], [ 75.30877688767292, 11.965942414076803 ], [ 75.297508422545562, 11.965999810861067 ], [ 75.287363605209848, 11.986451445813936 ], [ 75.30058944274748, 11.954032477331147 ], [ 75.28341521039718, 11.964060374917061 ], [ 75.242495907159807, 12.022305649959728 ], [ 75.229427615258402, 12.023758056082167 ], [ 75.2029834096748, 12.005361094261776 ], [ 75.058154316538349, 12.352182512003864 ], [ 75.041498098594971, 12.388411053875304 ], [ 75.031336876225566, 12.39164809076129 ], [ 75.014664954832696, 12.417935790759369 ], [ 74.973508981450564, 12.501153289038076 ], [ 74.879278717502615, 12.718059995911338 ], [ 74.867767647061413, 12.765924999293047 ], [ 74.864249456336623, 12.770914611634723 ], [ 74.864162294601215, 12.761364458100216 ], [ 74.824356234867892, 12.849113757982524 ], [ 74.807472747649214, 12.924253541517354 ], [ 74.820474251605845, 12.929576117745338 ], [ 74.817560802238717, 12.935790023401736 ], [ 74.806411579482187, 12.929455346709053 ], [ 74.716303236113745, 13.312637302865124 ], [ 74.707468708638004, 13.334749652167359 ], [ 74.693523939497055, 13.343765658794485 ], [ 74.700248846291572, 13.344482344222452 ], [ 74.695370307087614, 13.455237609511705 ], [ 74.688774231281243, 13.464323444416973 ], [ 74.668455304345073, 13.640226563412648 ], [ 74.645497268139678, 13.682016868224739 ], [ 74.609878220012988, 13.865611076625575 ], [ 74.56915861226328, 13.946839189592717 ], [ 74.54923789591615, 13.949215474323927 ], [ 74.513932755082394, 13.986919594966952 ], [ 74.468881650695721, 14.18873843185767 ], [ 74.463859832898876, 14.200595118481539 ], [ 74.453424939676466, 14.200347079365789 ], [ 74.441610706691506, 14.224628128686106 ], [ 74.412907732241749, 14.317332927676542 ], [ 74.401339021400318, 14.395561490241322 ], [ 74.394061747724123, 14.418314679977023 ], [ 74.381071254417918, 14.424451722625584 ], [ 74.383524534594216, 14.439568335460031 ], [ 74.354565789121807, 14.502561752721881 ], [ 74.355695622712531, 14.520924231096698 ], [ 74.340238402348533, 14.514726845265114 ], [ 74.31017830257484, 14.521429828238205 ], [ 74.31468845346059, 14.545788645061192 ], [ 74.292961496368306, 14.596554630132621 ], [ 74.270350979718771, 14.627297360462855 ], [ 74.281562510521752, 14.626547512547027 ], [ 74.286402374557767, 14.634279327550784 ], [ 74.278641097589627, 14.656561943006817 ], [ 74.284259104782649, 14.663629920355101 ], [ 74.275534796998997, 14.666656335446216 ], [ 74.282498074449123, 14.676613696716366 ], [ 74.272124805655181, 14.700370102807232 ], [ 74.257115638005459, 14.706788956343441 ], [ 74.264899989998298, 14.712941316613641 ], [ 74.249287177833835, 14.741249062315106 ], [ 74.22672212402253, 14.748046939363475 ], [ 74.227545332962364, 14.738103461965657 ], [ 74.203773184157669, 14.736455616815922 ], [ 74.208397704053809, 14.717709913416362 ], [ 74.192641571075626, 14.726689387834769 ], [ 74.177128740503974, 14.750628309728922 ], [ 74.152073855864032, 14.747127068115073 ], [ 74.157719011941609, 14.760001350182421 ], [ 74.141360024067836, 14.779258325951616 ], [ 74.118965356411394, 14.7743196101137 ], [ 74.11779457222012, 14.786620190315537 ], [ 74.110159261512678, 14.785087908043625 ], [ 74.092739847480317, 14.804070170451464 ], [ 74.11258248136464, 14.805152067888409 ], [ 74.113302843085918, 14.796855375749091 ], [ 74.12422712949197, 14.80507104889838 ], [ 74.12475933278877, 14.839614610644674 ], [ 74.112733600453325, 14.845103924446589 ], [ 74.095848652573963, 14.898294416725097 ], [ 74.084381794516105, 14.899681762631729 ], [ 74.080211196027989, 14.910124555232578 ], [ 74.066195913628817, 14.906876690087703 ], [ 74.043304257533023, 14.917647677115159 ], [ 74.049164392136134, 14.958303099866709 ], [ 74.034465401075892, 14.983053037856887 ], [ 74.040150313892966, 14.996476786329525 ], [ 74.02704380496445, 14.997836312178746 ], [ 74.016073058590237, 15.012210093275259 ], [ 74.020150606886261, 15.018209046759207 ], [ 74.012797121937979, 15.010043666685768 ], [ 73.988596728271062, 15.019955556801525 ], [ 73.979855771111914, 15.055069860530901 ], [ 73.981073353037914, 15.053903421869732 ], [ 73.983081956368778, 15.053943256860503 ], [ 73.987472262114167, 15.056177872537058 ], [ 73.979409732420535, 15.055720694027338 ], [ 73.974162499471134, 15.049979779314922 ], [ 73.954108377914423, 15.072965148966919 ], [ 73.911998734162069, 15.084609983559062 ], [ 73.926789403686925, 15.09635698993827 ], [ 73.917601178042773, 15.107244396301542 ], [ 73.940444252349693, 15.117620501121566 ], [ 73.935908306340593, 15.133194249885593 ], [ 73.945613934638928, 15.141832390062115 ], [ 73.949390960539816, 15.141311713903931 ], [ 73.953250794940232, 15.137672620411307 ], [ 73.954808766493656, 15.136515299830828 ], [ 73.95561805424154, 15.136528527328926 ], [ 73.883520908963519, 15.353795233828466 ], [ 73.869473038380775, 15.370375087086757 ], [ 73.841557015069355, 15.359431479177335 ], [ 73.830953219708917, 15.370524742123191 ], [ 73.808016093588378, 15.376622567465784 ], [ 73.803100453963197, 15.394739955214412 ], [ 73.789726459980727, 15.394872443434734 ], [ 73.782292651272982, 15.410879789952805 ], [ 73.790907914360929, 15.41848209470229 ], [ 73.788971935329201, 15.464866842738642 ], [ 73.765851591518228, 15.493873116854294 ], [ 73.749165645627173, 15.563657784350674 ], [ 73.741118340580954, 15.563500251114146 ], [ 73.73148324979536, 15.589645168949904 ], [ 73.731337045389608, 15.607998392340134 ], [ 73.743934877000271, 15.606743302468624 ], [ 73.722088489789314, 15.627797897649957 ], [ 73.691151801384962, 15.72118264713507 ], [ 73.679160603882309, 15.720609325785945 ], [ 73.65238928127954, 15.743713933511746 ], [ 73.663740580957594, 15.75225992746681 ], [ 73.662955540535833, 15.763095257126022 ], [ 73.628798118750098, 15.847497231692916 ], [ 73.619438632890308, 15.857872271877202 ], [ 73.613451205214787, 15.854413619758962 ], [ 73.587971963621158, 15.908713902060809 ], [ 73.593509165557734, 15.914467091419164 ], [ 73.570135820230192, 15.911911591775304 ], [ 73.566989618271265, 15.916345888561768 ], [ 73.571912696845331, 15.920709900771145 ], [ 73.570590040777205, 15.924704109363361 ], [ 73.563932138421379, 15.920039092390304 ], [ 73.534466795230998, 15.938778945169236 ], [ 73.531020668256588, 15.932598237800097 ], [ 73.518745760329324, 15.940669668955778 ], [ 73.509914208972091, 15.936745229274619 ], [ 73.489432693257726, 15.987673107907582 ], [ 73.483705132024213, 16.034004124883257 ], [ 73.466434549071479, 16.046023437629817 ], [ 73.466450741204497, 16.054054730094538 ], [ 73.457101379357965, 16.053662929997373 ], [ 73.465831067151825, 16.075917867610926 ], [ 73.457989503255163, 16.080736728003075 ], [ 73.458627062765117, 16.116597116258042 ], [ 73.439129938905396, 16.193013248643549 ], [ 73.42713874050439, 16.204139358692537 ], [ 73.404906507115939, 16.295830541558864 ], [ 73.38531239844319, 16.336562254227331 ], [ 73.38690223773132, 16.354256551996343 ], [ 73.368472161512145, 16.36347680830497 ], [ 73.371270501657065, 16.389733808844806 ], [ 73.374376207562975, 16.379361653176094 ], [ 73.388959728278294, 16.395047044213278 ], [ 73.402213308486807, 16.391220830192513 ], [ 73.407151395214314, 16.404115857298518 ], [ 73.365599339352059, 16.397695109559827 ], [ 73.355891132888857, 16.444110380647356 ], [ 73.324913978075926, 16.514182713835485 ], [ 73.316090058805372, 16.512684875720669 ], [ 73.311617315564689, 16.540842270692501 ], [ 73.317948881537347, 16.555282690951948 ], [ 73.321632642548821, 16.549585918385375 ], [ 73.332299249012237, 16.5620388276648 ], [ 73.353376647797305, 16.521410236929427 ], [ 73.386414834316042, 16.511817258604648 ], [ 73.355068382089812, 16.529126571840496 ], [ 73.357669287806658, 16.541678851213625 ], [ 73.345902209187571, 16.555594268413365 ], [ 73.355845933257029, 16.553069591899611 ], [ 73.355737180513785, 16.563561237345215 ], [ 73.342927916027946, 16.566288820371312 ], [ 73.34094142742272, 16.579958871838933 ], [ 73.323902484049171, 16.582038410917026 ], [ 73.316995287523923, 16.600711032056484 ], [ 73.331074670108507, 16.608111016127939 ], [ 73.351819287098238, 16.593298584669775 ], [ 73.340526851325833, 16.605826460255908 ], [ 73.351468298248747, 16.609350005477989 ], [ 73.355515409826324, 16.626147499550882 ], [ 73.33164853726818, 16.619409246676693 ], [ 73.338607034782683, 16.635724104667958 ], [ 73.322637052461246, 16.635438346003973 ], [ 73.321654983649935, 16.644680347425204 ], [ 73.331940955062862, 16.653500280751249 ], [ 73.328161588152341, 16.679014503323462 ], [ 73.305487352203045, 16.729276743606619 ], [ 73.304775685275416, 16.766166830585043 ], [ 73.317081744081804, 16.806213895022474 ], [ 73.295675783786621, 16.815110049520531 ], [ 73.287708857297119, 16.843847548802962 ], [ 73.292874397454568, 16.849666922221004 ], [ 73.287878491562125, 16.8577389778232 ], [ 73.300194092273443, 16.861008236452221 ], [ 73.285920368160276, 16.88035512550843 ], [ 73.303328513725731, 16.890634593733783 ], [ 73.294633576360297, 16.89815836832388 ], [ 73.277666039170342, 16.892579495286959 ], [ 73.287176161723508, 16.916754389461556 ], [ 73.282110430682337, 16.950106243387587 ], [ 73.291904930210052, 16.956359542641977 ], [ 73.295424701071454, 16.983062417941316 ], [ 73.275914650454752, 17.021576790585289 ], [ 73.258084520386305, 17.01920207533362 ], [ 73.2545221316512, 17.027097770320719 ], [ 73.256345582320549, 17.047448626760261 ], [ 73.278788343980665, 17.045427348989207 ], [ 73.287662219462504, 17.072483840871435 ], [ 73.278711675466113, 17.107967583097899 ], [ 73.266235158639631, 17.112000512400144 ], [ 73.269733534325894, 17.128091422734066 ], [ 73.252705120105773, 17.188547801983649 ], [ 73.230769066656379, 17.198653147809324 ], [ 73.244294231829812, 17.197564663585027 ], [ 73.241262671070814, 17.224455174829757 ], [ 73.223856832379042, 17.247390977955316 ], [ 73.228671637011885, 17.250654832864349 ], [ 73.220238623230472, 17.268543756674269 ], [ 73.212672532207279, 17.273931188253741 ], [ 73.204350898741311, 17.268658647413044 ], [ 73.202821116321459, 17.286492508631014 ], [ 73.189086583499716, 17.298500024499138 ], [ 73.19627339682684, 17.306569096703811 ], [ 73.204721179809823, 17.298698131203114 ], [ 73.220473600949248, 17.303030548193551 ], [ 73.225946071184765, 17.281752520053747 ], [ 73.242156271098011, 17.280194692939517 ], [ 73.249064851028791, 17.280726934956462 ], [ 73.249062459713528, 17.295903580385939 ], [ 73.233755524801595, 17.293273316250989 ], [ 73.242106601449336, 17.315463035079311 ], [ 73.21823867247241, 17.329145320184985 ], [ 73.221407868607656, 17.33303115054203 ], [ 73.227486076432527, 17.333059994152169 ], [ 73.230314376290508, 17.335207138490709 ], [ 73.214717622410049, 17.345390742806032 ], [ 73.219348096339886, 17.355187851299068 ], [ 73.207136050719541, 17.385921434426617 ], [ 73.177510591812947, 17.386804276024439 ], [ 73.167112428905867, 17.403930536427705 ], [ 73.18708270800218, 17.414284560335862 ], [ 73.186602308751162, 17.429981883366054 ], [ 73.195608128781913, 17.43738034874335 ], [ 73.206456689904456, 17.434723744928331 ], [ 73.211312446934485, 17.43732572058002 ], [ 73.186691042538286, 17.44208118314171 ], [ 73.183729473116358, 17.45540227647524 ], [ 73.192148527078274, 17.466629346897953 ], [ 73.177223168651267, 17.507802680210073 ], [ 73.179915774392285, 17.508419482982823 ], [ 73.180932415765653, 17.503034476299661 ], [ 73.183381252874554, 17.5024525351701 ], [ 73.184644945324095, 17.509703739350378 ], [ 73.181484343371153, 17.503696243140066 ], [ 73.179644990724626, 17.509658013369016 ], [ 73.171405598921254, 17.518287780293448 ], [ 73.173088622250432, 17.518274803724729 ], [ 73.161390224326411, 17.529759569273271 ], [ 73.154665071393495, 17.52855391972669 ], [ 73.136811436905617, 17.556028324328651 ], [ 73.13994802329772, 17.567874895999989 ], [ 73.164304963674297, 17.581260282093879 ], [ 73.135838159905973, 17.612452402959622 ], [ 73.126531618952413, 17.637364266551746 ], [ 73.13453360758578, 17.644078419898932 ], [ 73.114957281962361, 17.680377123545181 ], [ 73.114264626081066, 17.695727557918829 ], [ 73.134042081801653, 17.707854179858725 ], [ 73.131220467205992, 17.725662389612019 ], [ 73.108698110320134, 17.790457170949384 ], [ 73.093885155389685, 17.809979650440752 ], [ 73.087935218902558, 17.807348606382657 ], [ 73.092529088281211, 17.825104810453727 ], [ 73.071860287304787, 17.884651046042787 ], [ 73.047716967201126, 17.908097224116368 ], [ 73.05381778023181, 17.915264503776925 ], [ 73.04635227267265, 17.93193794486189 ], [ 73.029011979555548, 17.94476526162611 ], [ 73.033563389163945, 17.98532275724904 ], [ 73.018410124556141, 17.990318086280183 ], [ 73.002893927997107, 18.020976932720977 ], [ 73.024187004197032, 18.022315153267446 ], [ 73.040488251059273, 18.035765406688203 ], [ 73.055728242617917, 18.03362777168654 ], [ 73.052920744148665, 18.039732442669333 ], [ 73.073857380521943, 18.041618461739375 ], [ 73.085892597270174, 18.053645143831091 ], [ 73.079872047811818, 18.067637469334848 ], [ 73.070714169952936, 18.06597480690078 ], [ 73.02522618070762, 18.051278758341297 ], [ 73.015971530038087, 18.032491340792301 ], [ 73.008113610515053, 18.050442460242991 ], [ 72.990704079747431, 18.053448642766771 ], [ 73.001190693472324, 18.069602216615714 ], [ 72.971026932606449, 18.131455944688003 ], [ 72.994204653611192, 18.157689398385809 ], [ 72.98737797308489, 18.160248308198724 ], [ 72.978279764022076, 18.193138453012622 ], [ 72.993261906754839, 18.1855960038923 ], [ 73.003925330487178, 18.190435842517701 ], [ 72.981182973493276, 18.194757208581606 ], [ 72.94523688380599, 18.2228529087003 ], [ 72.938215533866014, 18.215500598870069 ], [ 72.931671167782312, 18.219053916760913 ], [ 72.941783071744297, 18.233014178331977 ], [ 72.934849868991577, 18.272504853202989 ], [ 72.941249389820541, 18.285349254915065 ], [ 72.966186646362232, 18.278548725614684 ], [ 72.973968725617411, 18.262947045486737 ], [ 72.967773796992716, 18.255770805742618 ], [ 72.971863878583619, 18.242894522766985 ], [ 72.978903956600618, 18.239404044853714 ], [ 72.998167416078545, 18.244910249528566 ], [ 72.999884478370504, 18.26021184978925 ], [ 73.043311716184391, 18.246258280875779 ], [ 73.061977551656625, 18.268888956369562 ], [ 73.047056075748287, 18.285142349107645 ], [ 73.041472043737627, 18.283000915155988 ], [ 73.043041147214055, 18.264827271331349 ], [ 73.03397928129273, 18.263969327346839 ], [ 72.999071105983035, 18.291547006351415 ], [ 72.992322668717946, 18.273555644490326 ], [ 72.981006832730671, 18.299824956889651 ], [ 72.969656976645311, 18.300012931629954 ], [ 72.966527816625671, 18.311121973813819 ], [ 72.955180142548116, 18.315881861464316 ], [ 72.960797790415029, 18.319686222022085 ], [ 72.952692659017359, 18.33494621285012 ], [ 72.933137004526984, 18.351298845883843 ], [ 72.919819627763601, 18.34738655667946 ], [ 72.913952521335545, 18.354716416157764 ], [ 72.911901386369237, 18.368881616274589 ], [ 72.929528588811635, 18.372484129953929 ], [ 72.923536471032037, 18.392385949695122 ], [ 72.906042414186061, 18.403232506059904 ], [ 72.905984839362901, 18.43892325078648 ], [ 72.894633157900856, 18.463183376397307 ], [ 72.90504730902336, 18.502173283864572 ], [ 72.911106241697155, 18.502383087992914 ], [ 72.916627918050693, 18.505780561558321 ], [ 72.90962520815286, 18.503732350111544 ], [ 72.905549258858031, 18.543131040978608 ], [ 72.931943035716557, 18.540159676363086 ], [ 72.923372077538403, 18.545570816799234 ], [ 72.883503212990291, 18.638803360718704 ], [ 72.870926006698554, 18.640222496867359 ], [ 72.865163998667185, 18.651786695400251 ], [ 72.855319830389078, 18.699192752096558 ], [ 72.864669705173654, 18.722801762737262 ], [ 72.863850047274155, 18.790982620658248 ], [ 72.869795333183035, 18.804375580160141 ], [ 72.882017683378024, 18.804690376518753 ], [ 72.890130248334643, 18.798773452789579 ], [ 72.900078969732022, 18.803861970229278 ], [ 72.904660251018569, 18.792340657905086 ], [ 72.915336633847232, 18.791459256512841 ], [ 72.929994111063223, 18.80239972717763 ], [ 72.936017084176228, 18.823621203878698 ], [ 72.946313364655339, 18.822400189506372 ], [ 72.940650512665016, 18.793067718011692 ], [ 72.956193663174162, 18.796493303680826 ], [ 72.992387905272182, 18.776979063318386 ], [ 72.973766674747068, 18.749812635690454 ], [ 72.985876258526119, 18.749899093296406 ], [ 72.99512104928705, 18.785278813517785 ], [ 72.948078812903432, 18.833132519185252 ], [ 72.842780126065492, 18.863275767112231 ], [ 72.864129229291393, 18.908123199607726 ], [ 72.905831954186382, 18.936079588277913 ], [ 72.91440508898242, 18.949877048475585 ], [ 72.909104334408426, 18.973350997782493 ], [ 72.881752893269919, 18.9857154562917 ], [ 72.885724553550162, 19.012073232043338 ], [ 72.878242920333335, 19.021936442162119 ], [ 72.854320577704698, 18.997203427014391 ], [ 72.860536792808347, 18.981470853924051 ], [ 72.848846110514273, 18.97774688757594 ], [ 72.855204853219234, 18.975960668672592 ], [ 72.846037759543847, 18.96481272214525 ], [ 72.843372313467114, 18.930294658024579 ], [ 72.809251619301733, 18.893515418648079 ], [ 72.804435966659256, 18.90943868391026 ], [ 72.816730150635919, 18.908795762107534 ], [ 72.825883465951463, 18.920537595676389 ], [ 72.822583061885837, 18.944384932991728 ], [ 72.808952276394578, 18.955456914376686 ], [ 72.792820035874939, 18.940673271845771 ], [ 72.813760495478078, 18.982955721334545 ], [ 72.817461126850588, 19.025563782958642 ], [ 72.823027345269139, 19.017398947931547 ], [ 72.832602461831442, 19.023681010276256 ], [ 72.838764695373044, 19.044441021698656 ], [ 72.831780539279094, 19.053246335630519 ], [ 72.81701339752982, 19.041474100438908 ], [ 72.824448745949965, 19.055843469244088 ], [ 72.822992440330495, 19.080045116067055 ], [ 72.833223342321517, 19.084831056411144 ], [ 72.825890909391916, 19.08473198849768 ], [ 72.821092535843917, 19.118320526329171 ], [ 72.828696736994743, 19.116619928528081 ], [ 72.804444276075614, 19.140739444969036 ], [ 72.811555499764836, 19.144772813457276 ], [ 72.806845682137521, 19.151450690727554 ], [ 72.796994781884706, 19.134487123814989 ], [ 72.786073022439581, 19.133520795553761 ], [ 72.789691966410018, 19.1473316985801 ], [ 72.781642279930026, 19.167884593302812 ], [ 72.795783447741528, 19.178904160893598 ], [ 72.795440227522604, 19.195331525932875 ], [ 72.781725971473449, 19.194333717207318 ], [ 72.786197430123281, 19.204485522815315 ], [ 72.775740704246203, 19.225023615628324 ], [ 72.78442926087817, 19.302438101494545 ], [ 72.793653764086741, 19.309698957941791 ], [ 72.807577429106743, 19.302158088103852 ], [ 72.85463699758543, 19.319099138685761 ], [ 72.897490339493544, 19.287981217512659 ], [ 72.909256926734145, 19.287628340989283 ], [ 72.868969862285311, 19.335919380095074 ], [ 72.843562894647889, 19.342395077790645 ], [ 72.807237408686859, 19.323704759124418 ], [ 72.773197046365794, 19.348547156515707 ], [ 72.757744158576401, 19.374026572689978 ], [ 72.761537318219794, 19.394127283796401 ], [ 72.740352247364768, 19.455121851953802 ], [ 72.747541415176244, 19.490511834683105 ], [ 72.72151904767027, 19.501305556970422 ], [ 72.723470936764031, 19.522986008323176 ], [ 72.729634725289372, 19.525354017179311 ], [ 72.712514895810997, 19.542609082339546 ], [ 72.720089874765648, 19.553581446931794 ], [ 72.708873749079984, 19.572933254526991 ], [ 72.714932859620205, 19.581277675737958 ], [ 72.709353919260593, 19.598149005866787 ], [ 72.725360846594739, 19.601307165784814 ], [ 72.728358411510101, 19.61158603133401 ], [ 72.710225208729398, 19.650554264505637 ], [ 72.703562344079955, 19.650658890784896 ], [ 72.710307712700029, 19.666537357478582 ], [ 72.700213112087027, 19.686481820668003 ], [ 72.708830311044423, 19.690870700456976 ], [ 72.707808881650607, 19.707848027777256 ], [ 72.697287300104961, 19.723158136941528 ], [ 72.683995286375321, 19.721283992151122 ], [ 72.681036807157966, 19.724860108859165 ], [ 72.685059993006277, 19.797235190177904 ], [ 72.671693406531645, 19.813707049132159 ], [ 72.665942229487641, 19.81366099350705 ], [ 72.667624117346321, 19.80219384596947 ], [ 72.657825296023802, 19.809422934906639 ], [ 72.658604855823967, 19.828536444101434 ], [ 72.64857036418158, 19.83646933690174 ], [ 72.649550598633084, 19.863938130615466 ], [ 72.66303369570177, 19.847551820538438 ], [ 72.658387062876614, 19.861480195219549 ], [ 72.666467927185195, 19.864846955337555 ], [ 72.662382590495625, 19.860492816551449 ], [ 72.670112449785037, 19.854000221040511 ], [ 72.677560601892907, 19.864755926431489 ], [ 72.671823127750258, 19.877021367414468 ], [ 72.678298691866331, 19.888569409630183 ], [ 72.66507512976132, 19.900492999801866 ], [ 72.669118727129529, 19.914993429854043 ], [ 72.660730532992588, 19.937482406644101 ], [ 72.683565478444507, 19.950084763997975 ], [ 72.688540297283978, 19.972693618079091 ], [ 72.69694842054551, 19.967315416647978 ], [ 72.719167541225758, 19.98358545799665 ], [ 72.704847634723862, 20.032389034194459 ], [ 72.715059887689605, 20.027818562077087 ], [ 72.702050504609602, 20.034734574088514 ], [ 72.708414308422874, 20.05273753846031 ], [ 72.699830406419792, 20.077587542251759 ], [ 72.713283995628018, 20.090528405570875 ], [ 72.725986303102871, 20.081792453171122 ], [ 72.714715886834711, 20.093298605033795 ], [ 72.726291082614154, 20.124969163363577 ], [ 72.747406410067128, 20.130440924386711 ], [ 72.739589088106726, 20.132556555141104 ], [ 72.750492947721526, 20.203710090166911 ], [ 72.742425442259545, 20.241190885186732 ], [ 72.753737522390566, 20.26044090213081 ], [ 72.756609263877351, 20.290156859357623 ], [ 72.774402124641341, 20.30178065656203 ], [ 72.777150587626736, 20.331712139248282 ], [ 72.788508600414886, 20.346755797253554 ], [ 72.814093503648849, 20.352841113679773 ], [ 72.823280866910324, 20.365890447938934 ], [ 72.804126781809799, 20.374219647688431 ], [ 72.812505437635096, 20.384420284609462 ], [ 72.827722647019797, 20.385132566234621 ], [ 72.822683485449758, 20.412532044328405 ], [ 72.829412802074032, 20.417375431933717 ], [ 72.832212004601615, 20.444922307308243 ], [ 72.848154573035544, 20.461379234050959 ], [ 72.843979473089533, 20.47648855155688 ], [ 72.85812949649312, 20.465630589079602 ], [ 72.872562588924183, 20.493194248775534 ], [ 72.885943317576334, 20.497671179094777 ], [ 72.88599613222685, 20.542419675526233 ], [ 72.898077526872257, 20.582392322871431 ], [ 72.88425866560155, 20.640291985307424 ], [ 72.851005770950096, 20.710094191311271 ], [ 72.852932968051633, 20.756819905528033 ], [ 72.837594568748585, 20.765263581586424 ], [ 72.820215308511095, 20.793790277516436 ], [ 72.839241430396001, 20.805241704033364 ], [ 72.82741160355603, 20.812894954068536 ], [ 72.78017805566131, 20.921146273577659 ], [ 72.819981061122661, 20.927498291477757 ], [ 72.812733841482583, 20.937107414374079 ], [ 72.820370370305525, 20.952293301389645 ], [ 72.774035294900131, 20.93677991780552 ], [ 72.75464783647196, 20.938653056954937 ], [ 72.722160576835464, 21.037725121598037 ], [ 72.726181670507472, 21.061023038784466 ], [ 72.736113579036015, 21.05092481151998 ], [ 72.748936877901542, 21.057219727306475 ], [ 72.741389485310961, 21.07841005866279 ], [ 72.710845742469772, 21.079388426325657 ], [ 72.702475200228164, 21.096152570743225 ], [ 72.684790071721295, 21.08296546192955 ], [ 72.68633349416038, 21.093915555286461 ], [ 72.669867201627625, 21.105852286153134 ], [ 72.669824248682318, 21.115030207151339 ], [ 72.644827816519637, 21.086119340008253 ], [ 72.621262727591272, 21.094422986250798 ], [ 72.618324272719917, 21.113808691667725 ], [ 72.638060719449442, 21.211102515083262 ], [ 72.652097075426866, 21.214687292391364 ], [ 72.657354754884693, 21.224645859321697 ], [ 72.64523535251962, 21.225158244272464 ], [ 72.622255752255811, 21.242586292123619 ], [ 72.61045867709278, 21.280748850933058 ], [ 72.600343198734251, 21.289865292572493 ], [ 72.60116594055016, 21.388619988828591 ], [ 72.609921010242402, 21.394694449354322 ], [ 72.584727849727415, 21.392172937291221 ], [ 72.474045771394145, 21.410363046973995 ], [ 72.441045387779212, 21.449827177871519 ], [ 72.4283882404103, 21.499992862381831 ], [ 72.259107393312334, 21.499993149064128 ], [ 72.241409475490755, 21.447927433458638 ], [ 72.148107855747554, 21.335124058807825 ], [ 72.119579368261967, 21.285557552415838 ], [ 72.116338484770409, 21.236380908241287 ], [ 72.108572476375642, 21.226292483484052 ], [ 72.116959735366393, 21.211583766098084 ], [ 72.113349115185372, 21.196604253932449 ], [ 72.065015156220426, 21.177640304008985 ], [ 72.045978097346918, 21.159078173329767 ], [ 72.019284769172074, 21.152546531912314 ], [ 72.007207988273976, 21.132414296611532 ], [ 71.998795492013642, 21.138660427666508 ], [ 71.997237612088369, 21.146133533470774 ], [ 71.992165439228259, 21.148866966735842 ], [ 71.994554011958044, 21.150298345308929 ], [ 71.99408707036828, 21.153139280189475 ], [ 71.997824718618688, 21.154112723313137 ], [ 71.999998206821672, 21.157799421517272 ], [ 71.993828047444325, 21.16129915505482 ], [ 71.997833365801625, 21.159480904714712 ], [ 71.999052039180697, 21.160849814118418 ], [ 71.996945354193812, 21.170970764586656 ], [ 71.99332498639366, 21.161170947276798 ], [ 71.997784016851512, 21.155027441205629 ], [ 71.98810439657727, 21.151202707296026 ], [ 71.989687400584415, 21.160488403186697 ], [ 71.988777966852027, 21.162038659774009 ], [ 71.986046367041141, 21.153470263147735 ], [ 71.997387701707709, 21.139281062021446 ], [ 71.974558787544595, 21.129459484854518 ], [ 71.976830315182724, 21.120522805951992 ], [ 71.955698272777255, 21.122740667760265 ], [ 71.927092850875781, 21.109510163919317 ], [ 71.90206695756504, 21.108773928550523 ], [ 71.878969098585642, 21.088740295753936 ], [ 71.81307757098584, 21.067455423710772 ], [ 71.796107262493251, 21.04833739006715 ], [ 71.786000266027671, 21.055146815304905 ], [ 71.792967876950712, 21.047755503682783 ], [ 71.802810244106638, 21.048598053195327 ], [ 71.806474754221568, 21.038417768230961 ], [ 71.78054389629699, 21.039182234022562 ], [ 71.784061797764252, 21.029805362434519 ], [ 71.75301486541332, 21.022216768938915 ], [ 71.750000872108032, 20.999990451602741 ], [ 71.686344626921269, 20.999988382654113 ], [ 71.689647330674035, 20.994048167831401 ], [ 71.674892772525311, 20.984410490902263 ], [ 71.677370370994666, 20.995550848734414 ], [ 71.652374188563613, 20.996220215207266 ], [ 71.636772574797476, 20.980698268061932 ], [ 71.647713067709532, 20.974636766717293 ], [ 71.617151052237176, 20.966972542902333 ], [ 71.618827364252894, 20.977129230597388 ], [ 71.607492119265643, 20.977946189751496 ], [ 71.610729615210232, 20.966203071706975 ], [ 71.596852452379267, 20.966429891169103 ], [ 71.565582533920292, 20.948937911583474 ], [ 71.550079595596543, 20.952215766113664 ], [ 71.533115056084682, 20.9433005849681 ], [ 71.527499713294816, 20.950945123296776 ], [ 71.516655681477943, 20.948101349816259 ], [ 71.503117525767195, 20.926664156478601 ], [ 71.50667098165512, 20.918756311228073 ], [ 71.488565862006809, 20.913498779353041 ], [ 71.479728920757893, 20.897648271171846 ], [ 71.43121540653398, 20.890581539048021 ], [ 71.451614667111045, 20.952965390944641 ], [ 71.43023166505958, 20.981506243106303 ], [ 71.384181323259867, 20.975390944503157 ], [ 71.380573222853243, 20.968801303578541 ], [ 71.356983527272632, 20.995685458456933 ], [ 71.344046049839548, 20.973547681098324 ], [ 71.332919921870655, 20.969936855738016 ], [ 71.331154323603883, 20.957061059356551 ], [ 71.341064834262355, 20.94663481282732 ], [ 71.328836133876649, 20.931601149924649 ], [ 71.297598763177049, 20.950512080551658 ], [ 71.293198195976174, 20.960795209220276 ], [ 71.281084631762127, 20.960362593449958 ], [ 71.274239765741186, 20.991816362843686 ], [ 71.263614187133427, 20.992510614106852 ], [ 71.218057844179839, 20.956003775802582 ], [ 71.205432380391002, 20.926991361356173 ], [ 71.177604861796326, 20.919013819808065 ], [ 71.193260253206944, 20.902078495838662 ], [ 71.176539890162388, 20.887569298872478 ], [ 71.179128007462822, 20.881040020213806 ], [ 71.204812598540514, 20.87378645134719 ], [ 71.223569497131379, 20.815883249350907 ], [ 71.203637328162699, 20.79865039983045 ], [ 71.207721994709075, 20.792411992808308 ], [ 71.157704387187493, 20.779645581843042 ], [ 71.14581662080829, 20.761369102283862 ] ], [ [ 68.68439327124554, 23.151884436747522 ], [ 68.683661580870208, 23.152250180815475 ], [ 68.683210067845494, 23.152387475617445 ], [ 68.68439327124554, 23.151884436747522 ] ], [ [ 68.733039280685688, 23.831564787703872 ], [ 68.73379813881013, 23.831487105330048 ], [ 68.734603497326987, 23.831530402724702 ], [ 68.733039280685688, 23.831564787703872 ] ], [ [ 68.621019415061625, 23.205635654535179 ], [ 68.620970037365396, 23.205702380146082 ], [ 68.621001030141016, 23.205629018052672 ], [ 68.621019415061625, 23.205635654535179 ] ] ] } }
]
}
